encoding_id	authority_id	semantic_id	canonical_mnemonic	exact_code_family	mask	value	features	surfaces	support_packs	variable_fields	constraint_program	operand_decode_program	canonical_render_style	fixup_program	semantic_operands	fixed_roles	overlap_restrictions	authority_predicate_digest
a64:encoding:add-32-addsub-imm:3ab0bb991b202807	a64:instruction_form:add-32-addsub-imm:3ab0bb991b202807	a64:semantic:instruction_form:add-32-addsub-imm:3ab0bb991b202807	add	arithmetic	0xff800000	0x11000000	base	ordinary_lowering|architecture_operation	wyst.a64.architecture-operations|wyst.a64.ordinary-lowering	Rd@0:5:0x1f:0x0|Rn@5:5:0x1f:0x0|imm12@10:12:0xfff:0x0|sh@22:1:0x1:0x0	none	gpr:rd:32:0+5:sp:none|gpr:rn:32:5+5:sp:none|addsub_imm:imm:10+12:22+1	plain	none	rd:gpr32|rn:gpr32|imm:encoded_immediate	none	none	sha256:3f3e8c0ebb34eeb59b973d8c6b666af50137c2d7825c63003348002d7b0a1d8f
a64:encoding:add-32-addsub-shift:40aabbcac383e4f5	a64:instruction_form:add-32-addsub-shift:40aabbcac383e4f5	a64:semantic:instruction_form:add-32-addsub-shift:40aabbcac383e4f5	add	arithmetic	0xff200000	0x0b000000	base	ordinary_lowering|architecture_operation	wyst.a64.architecture-operations|wyst.a64.ordinary-lowering	Rd@0:5:0x1f:0x0|Rn@5:5:0x1f:0x0|imm6@10:6:0x3f:0x0|Rm@16:5:0x1f:0x0|shift@22:2:0x3:0x0	none	gpr:rd:32:0+5:zr:none|gpr:rn:32:5+5:zr:none|gpr:rm:32:16+5:zr:none|enum:shift:22+2:0=lsl,1=lsr,2=asr|uimm:amount:10+6:1	shift_pair	none	rd:gpr32|rn:gpr32|rm:gpr32|shift:u2|amount:u6	none	none	sha256:3f3e8c0ebb34eeb59b973d8c6b666af50137c2d7825c63003348002d7b0a1d8f
a64:encoding:add-64-addsub-imm:f9088474ba5a7702	a64:instruction_form:add-64-addsub-imm:f9088474ba5a7702	a64:semantic:instruction_form:add-64-addsub-imm:f9088474ba5a7702	add	arithmetic	0xff800000	0x91000000	base	ordinary_lowering|checked_asm|architecture_operation	wyst.a64.architecture-operations|wyst.a64.ordinary-lowering|wyst.a64.target-structural-asm.aarch64	Rd@0:5:0x1f:0x0|Rn@5:5:0x1f:0x0|imm12@10:12:0xfff:0x0|sh@22:1:0x1:0x0	none	gpr:rd:64:0+5:sp:none|gpr:rn:64:5+5:sp:none|addsub_imm:imm:10+12:22+1	plain	none	rd:gpr64|rn:gpr64|imm:encoded_immediate	none	none	sha256:3f3e8c0ebb34eeb59b973d8c6b666af50137c2d7825c63003348002d7b0a1d8f
a64:encoding:add-64-addsub-shift:6f409def0d1e43f6	a64:instruction_form:add-64-addsub-shift:6f409def0d1e43f6	a64:semantic:instruction_form:add-64-addsub-shift:6f409def0d1e43f6	add	arithmetic	0xff200000	0x8b000000	base	ordinary_lowering|architecture_operation	wyst.a64.architecture-operations|wyst.a64.ordinary-lowering	Rd@0:5:0x1f:0x0|Rn@5:5:0x1f:0x0|imm6@10:6:0x3f:0x0|Rm@16:5:0x1f:0x0|shift@22:2:0x3:0x0	none	gpr:rd:64:0+5:zr:none|gpr:rn:64:5+5:zr:none|gpr:rm:64:16+5:zr:none|enum:shift:22+2:0=lsl,1=lsr,2=asr|uimm:amount:10+6:1	shift_pair	none	rd:gpr64|rn:gpr64|rm:gpr64|shift:u2|amount:u6	none	none	sha256:3f3e8c0ebb34eeb59b973d8c6b666af50137c2d7825c63003348002d7b0a1d8f
a64:encoding:add-asimdsame-only:1a2c005b014d566c	a64:instruction_form:add-asimdsame-only:1a2c005b014d566c	a64:semantic:instruction_form:add-asimdsame-only:1a2c005b014d566c	add	other	0xbf20fc00	0x0e208400	FEAT_AdvSIMD	ordinary_lowering|architecture_operation	wyst.a64.architecture-operations|wyst.a64.ordinary-lowering	Rd@0:5:0x1f:0x0|Rn@5:5:0x1f:0x0|Rm@16:5:0x1f:0x0|size@22:2:0x3:0x0|Q@30:1:0x1:0x0	none	simd:vd:0+5:22+2,30+1:0=8b,1=16b,2=4h,3=8h,4=2s,5=4s,7=2d|simd:vn:5+5:22+2,30+1:0=8b,1=16b,2=4h,3=8h,4=2s,5=4s,7=2d|simd:vm:16+5:22+2,30+1:0=8b,1=16b,2=4h,3=8h,4=2s,5=4s,7=2d	plain	none	vd:simd|vn:simd|vm:simd	none	none	sha256:bf98b8bcb1ce7073600e82489c120a3ffd1f3310f5e22a2705d8331c1d255755
a64:encoding:adds-32s-addsub-imm:b8d21fb60de5d4ac	a64:instruction_form:adds-32s-addsub-imm:b8d21fb60de5d4ac	a64:semantic:instruction_form:adds-32s-addsub-imm:b8d21fb60de5d4ac	adds	compare	0xff800000	0x31000000	base	ordinary_lowering|architecture_operation	wyst.a64.architecture-operations|wyst.a64.ordinary-lowering	Rd@0:5:0x1f:0x0|Rn@5:5:0x1f:0x0|imm12@10:12:0xfff:0x0|sh@22:1:0x1:0x0	none	gpr:rd:32:0+5:zr:none|gpr:rn:32:5+5:sp:none|addsub_imm:imm:10+12:22+1	plain	none	rd:gpr32|rn:gpr32|imm:encoded_immediate	none	none	sha256:3f3e8c0ebb34eeb59b973d8c6b666af50137c2d7825c63003348002d7b0a1d8f
a64:encoding:adds-64s-addsub-imm:343cffe26193cab3	a64:instruction_form:adds-64s-addsub-imm:343cffe26193cab3	a64:semantic:instruction_form:adds-64s-addsub-imm:343cffe26193cab3	adds	compare	0xff800000	0xb1000000	base	ordinary_lowering|architecture_operation	wyst.a64.architecture-operations|wyst.a64.ordinary-lowering	Rd@0:5:0x1f:0x0|Rn@5:5:0x1f:0x0|imm12@10:12:0xfff:0x0|sh@22:1:0x1:0x0	none	gpr:rd:64:0+5:zr:none|gpr:rn:64:5+5:sp:none|addsub_imm:imm:10+12:22+1	plain	none	rd:gpr64|rn:gpr64|imm:encoded_immediate	none	none	sha256:3f3e8c0ebb34eeb59b973d8c6b666af50137c2d7825c63003348002d7b0a1d8f
a64:encoding:adrp-only-pcreladdr:3804d7b0234500a2	a64:instruction_form:adrp-only-pcreladdr:3804d7b0234500a2	a64:semantic:instruction_form:adrp-only-pcreladdr:3804d7b0234500a2	adrp	adr	0x9f000000	0x90000000	base	ordinary_lowering|checked_asm|architecture_operation	wyst.a64.architecture-operations|wyst.a64.checked-asm.core|wyst.a64.ordinary-lowering	Rd@0:5:0x1f:0x0|immhi@5:19:0x7ffff:0x0|immlo@29:2:0x3:0x0	none	gpr:rd:64:0+5:zr:none|fixup:target:page21	plain	page21:21:4096:page:immlo@29+2=0,immhi@5+19=2:local,external:no_relaxation	rd:xN|target:page21	rd=xt_or_xzr;rd31=discarded_write_to_xzr;encoding=page21	none	sha256:3f3e8c0ebb34eeb59b973d8c6b666af50137c2d7825c63003348002d7b0a1d8f
a64:encoding:and-32-log-imm:fd2f433fd0223701	a64:instruction_form:and-32-log-imm:fd2f433fd0223701	a64:semantic:instruction_form:and-32-log-imm:fd2f433fd0223701	and	logical	0xffc00000	0x12000000	base	ordinary_lowering|architecture_operation	wyst.a64.architecture-operations|wyst.a64.ordinary-lowering	Rd@0:5:0x1f:0x0|Rn@5:5:0x1f:0x0|imms@10:6:0x3f:0x0|immr@16:6:0x3f:0x0	none	gpr:rd:32:0+5:sp:none|gpr:rn:32:5+5:zr:none|logical_imm:imm:32:22+1:16+6:10+6	plain	none	rd:gpr32|rn:gpr32|imm:encoded_immediate	none	none	sha256:3f3e8c0ebb34eeb59b973d8c6b666af50137c2d7825c63003348002d7b0a1d8f
a64:encoding:and-32-log-shift:44b2e69bd35e6aa5	a64:instruction_form:and-32-log-shift:44b2e69bd35e6aa5	a64:semantic:instruction_form:and-32-log-shift:44b2e69bd35e6aa5	and	logical	0xff200000	0x0a000000	base	ordinary_lowering|architecture_operation	wyst.a64.architecture-operations|wyst.a64.ordinary-lowering	Rd@0:5:0x1f:0x0|Rn@5:5:0x1f:0x0|imm6@10:6:0x3f:0x0|Rm@16:5:0x1f:0x0|shift@22:2:0x3:0x0	none	gpr:rd:32:0+5:zr:none|gpr:rn:32:5+5:zr:none|gpr:rm:32:16+5:zr:none|enum:shift:22+2:0=lsl,1=lsr,2=asr,3=ror|uimm:amount:10+6:1	shift_pair	none	rd:gpr32|rn:gpr32|rm:gpr32|shift:u2|amount:u6	none	none	sha256:3f3e8c0ebb34eeb59b973d8c6b666af50137c2d7825c63003348002d7b0a1d8f
a64:encoding:and-64-log-imm:714f66c012c6fd91	a64:instruction_form:and-64-log-imm:714f66c012c6fd91	a64:semantic:instruction_form:and-64-log-imm:714f66c012c6fd91	and	logical	0xff800000	0x92000000	base	ordinary_lowering|architecture_operation	wyst.a64.architecture-operations|wyst.a64.ordinary-lowering	Rd@0:5:0x1f:0x0|Rn@5:5:0x1f:0x0|imms@10:6:0x3f:0x0|immr@16:6:0x3f:0x0|N@22:1:0x1:0x0	none	gpr:rd:64:0+5:sp:none|gpr:rn:64:5+5:zr:none|logical_imm:imm:64:22+1:16+6:10+6	plain	none	rd:gpr64|rn:gpr64|imm:encoded_immediate	none	none	sha256:3f3e8c0ebb34eeb59b973d8c6b666af50137c2d7825c63003348002d7b0a1d8f
a64:encoding:and-64-log-shift:d48e002764135b7e	a64:instruction_form:and-64-log-shift:d48e002764135b7e	a64:semantic:instruction_form:and-64-log-shift:d48e002764135b7e	and	logical	0xff200000	0x8a000000	base	ordinary_lowering|architecture_operation	wyst.a64.architecture-operations|wyst.a64.ordinary-lowering	Rd@0:5:0x1f:0x0|Rn@5:5:0x1f:0x0|imm6@10:6:0x3f:0x0|Rm@16:5:0x1f:0x0|shift@22:2:0x3:0x0	none	gpr:rd:64:0+5:zr:none|gpr:rn:64:5+5:zr:none|gpr:rm:64:16+5:zr:none|enum:shift:22+2:0=lsl,1=lsr,2=asr,3=ror|uimm:amount:10+6:1	shift_pair	none	rd:gpr64|rn:gpr64|rm:gpr64|shift:u2|amount:u6	none	none	sha256:3f3e8c0ebb34eeb59b973d8c6b666af50137c2d7825c63003348002d7b0a1d8f
a64:encoding:and-asimdsame-only:f69ea14abdd510f7	a64:instruction_form:and-asimdsame-only:f69ea14abdd510f7	a64:semantic:instruction_form:and-asimdsame-only:f69ea14abdd510f7	and	other	0xbfe0fc00	0x0e201c00	FEAT_AdvSIMD	ordinary_lowering|architecture_operation	wyst.a64.architecture-operations|wyst.a64.ordinary-lowering	Rd@0:5:0x1f:0x0|Rn@5:5:0x1f:0x0|Rm@16:5:0x1f:0x0|Q@30:1:0x1:0x0	none	simd:vd:0+5:30+1:0=8b,1=16b|simd:vn:5+5:30+1:0=8b,1=16b|simd:vm:16+5:30+1:0=8b,1=16b	plain	none	vd:simd|vn:simd|vm:simd	none	none	sha256:bf98b8bcb1ce7073600e82489c120a3ffd1f3310f5e22a2705d8331c1d255755
a64:encoding:ands-32s-log-imm:686f816454456d93	a64:instruction_form:ands-32s-log-imm:686f816454456d93	a64:semantic:instruction_form:ands-32s-log-imm:686f816454456d93	ands	logical	0xffc00000	0x72000000	base	ordinary_lowering|architecture_operation	wyst.a64.architecture-operations|wyst.a64.ordinary-lowering	Rd@0:5:0x1f:0x0|Rn@5:5:0x1f:0x0|imms@10:6:0x3f:0x0|immr@16:6:0x3f:0x0	none	gpr:rd:32:0+5:zr:none|gpr:rn:32:5+5:zr:none|logical_imm:imm:32:22+1:16+6:10+6	plain	none	rd:gpr32|rn:gpr32|imm:encoded_immediate	none	none	sha256:3f3e8c0ebb34eeb59b973d8c6b666af50137c2d7825c63003348002d7b0a1d8f
a64:encoding:ands-64s-log-imm:ceeadfc332703a65	a64:instruction_form:ands-64s-log-imm:ceeadfc332703a65	a64:semantic:instruction_form:ands-64s-log-imm:ceeadfc332703a65	ands	logical	0xff800000	0xf2000000	base	ordinary_lowering|architecture_operation	wyst.a64.architecture-operations|wyst.a64.ordinary-lowering	Rd@0:5:0x1f:0x0|Rn@5:5:0x1f:0x0|imms@10:6:0x3f:0x0|immr@16:6:0x3f:0x0|N@22:1:0x1:0x0	none	gpr:rd:64:0+5:zr:none|gpr:rn:64:5+5:zr:none|logical_imm:imm:64:22+1:16+6:10+6	plain	none	rd:gpr64|rn:gpr64|imm:encoded_immediate	none	none	sha256:3f3e8c0ebb34eeb59b973d8c6b666af50137c2d7825c63003348002d7b0a1d8f
a64:encoding:asrv-32-dp-2src:7e75e18a8659f404	a64:instruction_form:asrv-32-dp-2src:7e75e18a8659f404	a64:semantic:instruction_form:asrv-32-dp-2src:7e75e18a8659f404	asrv	other	0xffe0fc00	0x1ac02800	base	ordinary_lowering|architecture_operation	wyst.a64.architecture-operations|wyst.a64.ordinary-lowering	Rd@0:5:0x1f:0x0|Rn@5:5:0x1f:0x0|Rm@16:5:0x1f:0x0	none	gpr:rd:32:0+5:zr:none|gpr:rn:32:5+5:zr:none|gpr:rm:32:16+5:zr:none	plain	none	rd:gpr32|rn:gpr32|rm:gpr32	none	none	sha256:3f3e8c0ebb34eeb59b973d8c6b666af50137c2d7825c63003348002d7b0a1d8f
a64:encoding:asrv-64-dp-2src:9c19c82a2d4cd3aa	a64:instruction_form:asrv-64-dp-2src:9c19c82a2d4cd3aa	a64:semantic:instruction_form:asrv-64-dp-2src:9c19c82a2d4cd3aa	asrv	other	0xffe0fc00	0x9ac02800	base	ordinary_lowering|architecture_operation	wyst.a64.architecture-operations|wyst.a64.ordinary-lowering	Rd@0:5:0x1f:0x0|Rn@5:5:0x1f:0x0|Rm@16:5:0x1f:0x0	none	gpr:rd:64:0+5:zr:none|gpr:rn:64:5+5:zr:none|gpr:rm:64:16+5:zr:none	plain	none	rd:gpr64|rn:gpr64|rm:gpr64	none	none	sha256:3f3e8c0ebb34eeb59b973d8c6b666af50137c2d7825c63003348002d7b0a1d8f
a64:encoding:b-only-branch-imm:474f71088223424a	a64:instruction_form:b-only-branch-imm:474f71088223424a	a64:semantic:instruction_form:b-only-branch-imm:474f71088223424a	b	branch	0xfc000000	0x14000000	base	ordinary_lowering|checked_asm|architecture_operation	wyst.a64.architecture-operations|wyst.a64.checked-asm.core|wyst.a64.ordinary-lowering	imm26@0:26:0x3ffffff:0x0	none	fixup:target:branch26	plain	branch26:26:4:instruction:imm26@0+26=0:local,external:no_relaxation	target:branch26	encoding=branch26	none	sha256:3f3e8c0ebb34eeb59b973d8c6b666af50137c2d7825c63003348002d7b0a1d8f
a64:encoding:b-only-condbranch:1e7c4579c302a084	a64:instruction_form:b-only-condbranch:1e7c4579c302a084	a64:semantic:instruction_form:b-only-condbranch:1e7c4579c302a084	b	branch	0xff000010	0x54000000	base	ordinary_lowering|architecture_operation	wyst.a64.architecture-operations|wyst.a64.ordinary-lowering	cond@0:4:0xf:0x0|imm19@5:19:0x7ffff:0x0	none	fixup:target:conditional_branch19|enum:condition:0+4:0=eq,1=ne,2=cs,3=cc,4=mi,5=pl,6=vs,7=vc,8=hi,9=ls,10=ge,11=lt,12=gt,13=le,14=al,15=nv	condition_suffix	conditional_branch19:19:4:instruction:imm19@5+19=0:local,external:no_relaxation	target:conditional_branch19|condition:nzcv	encoding=conditional_branch19	none	sha256:3f3e8c0ebb34eeb59b973d8c6b666af50137c2d7825c63003348002d7b0a1d8f
a64:encoding:bfm-32m-bitfield:dcbed29556885d62	a64:instruction_form:bfm-32m-bitfield:dcbed29556885d62	a64:semantic:instruction_form:bfm-32m-bitfield:dcbed29556885d62	bfm	other	0xffc00000	0x33000000	base	ordinary_lowering|architecture_operation	wyst.a64.architecture-operations|wyst.a64.ordinary-lowering	Rd@0:5:0x1f:0x0|Rn@5:5:0x1f:0x0|imms@10:6:0x3f:0x0|immr@16:6:0x3f:0x0	none	gpr:rd:32:0+5:zr:none|gpr:rn:32:5+5:zr:none|uimm:immr:16+6:1|uimm:imms:10+6:1	plain	none	rd:gpr32|rn:gpr32|immr:u6|imms:u6	none	none	sha256:3f3e8c0ebb34eeb59b973d8c6b666af50137c2d7825c63003348002d7b0a1d8f
a64:encoding:bfm-64m-bitfield:22ee83234c32a1b8	a64:instruction_form:bfm-64m-bitfield:22ee83234c32a1b8	a64:semantic:instruction_form:bfm-64m-bitfield:22ee83234c32a1b8	bfm	other	0xffc00000	0xb3400000	base	ordinary_lowering|architecture_operation	wyst.a64.architecture-operations|wyst.a64.ordinary-lowering	Rd@0:5:0x1f:0x0|Rn@5:5:0x1f:0x0|imms@10:6:0x3f:0x0|immr@16:6:0x3f:0x0	none	gpr:rd:64:0+5:zr:none|gpr:rn:64:5+5:zr:none|uimm:immr:16+6:1|uimm:imms:10+6:1	plain	none	rd:gpr64|rn:gpr64|immr:u6|imms:u6	none	none	sha256:3f3e8c0ebb34eeb59b973d8c6b666af50137c2d7825c63003348002d7b0a1d8f
a64:encoding:bic-32-log-shift:be4c4a11b3c721c3	a64:instruction_form:bic-32-log-shift:be4c4a11b3c721c3	a64:semantic:instruction_form:bic-32-log-shift:be4c4a11b3c721c3	bic	logical	0xff200000	0x0a200000	base	ordinary_lowering|architecture_operation	wyst.a64.architecture-operations|wyst.a64.ordinary-lowering	Rd@0:5:0x1f:0x0|Rn@5:5:0x1f:0x0|imm6@10:6:0x3f:0x0|Rm@16:5:0x1f:0x0|shift@22:2:0x3:0x0	none	gpr:rd:32:0+5:zr:none|gpr:rn:32:5+5:zr:none|gpr:rm:32:16+5:zr:none|enum:shift:22+2:0=lsl,1=lsr,2=asr,3=ror|uimm:amount:10+6:1	shift_pair	none	rd:gpr32|rn:gpr32|rm:gpr32|shift:u2|amount:u6	none	none	sha256:3f3e8c0ebb34eeb59b973d8c6b666af50137c2d7825c63003348002d7b0a1d8f
a64:encoding:bic-64-log-shift:d341131f30ef759d	a64:instruction_form:bic-64-log-shift:d341131f30ef759d	a64:semantic:instruction_form:bic-64-log-shift:d341131f30ef759d	bic	logical	0xff200000	0x8a200000	base	ordinary_lowering|architecture_operation	wyst.a64.architecture-operations|wyst.a64.ordinary-lowering	Rd@0:5:0x1f:0x0|Rn@5:5:0x1f:0x0|imm6@10:6:0x3f:0x0|Rm@16:5:0x1f:0x0|shift@22:2:0x3:0x0	none	gpr:rd:64:0+5:zr:none|gpr:rn:64:5+5:zr:none|gpr:rm:64:16+5:zr:none|enum:shift:22+2:0=lsl,1=lsr,2=asr,3=ror|uimm:amount:10+6:1	shift_pair	none	rd:gpr64|rn:gpr64|rm:gpr64|shift:u2|amount:u6	none	none	sha256:3f3e8c0ebb34eeb59b973d8c6b666af50137c2d7825c63003348002d7b0a1d8f
a64:encoding:bic-asimdsame-only:b382ea2c48be89ad	a64:instruction_form:bic-asimdsame-only:b382ea2c48be89ad	a64:semantic:instruction_form:bic-asimdsame-only:b382ea2c48be89ad	bic	other	0xbfe0fc00	0x0e601c00	FEAT_AdvSIMD	ordinary_lowering|architecture_operation	wyst.a64.architecture-operations|wyst.a64.ordinary-lowering	Rd@0:5:0x1f:0x0|Rn@5:5:0x1f:0x0|Rm@16:5:0x1f:0x0|Q@30:1:0x1:0x0	none	simd:vd:0+5:30+1:0=8b,1=16b|simd:vn:5+5:30+1:0=8b,1=16b|simd:vm:16+5:30+1:0=8b,1=16b	plain	none	vd:simd|vn:simd|vm:simd	none	none	sha256:bf98b8bcb1ce7073600e82489c120a3ffd1f3310f5e22a2705d8331c1d255755
a64:encoding:bl-only-branch-imm:ea6420b3e0abfdfa	a64:instruction_form:bl-only-branch-imm:ea6420b3e0abfdfa	a64:semantic:instruction_form:bl-only-branch-imm:ea6420b3e0abfdfa	bl	branch	0xfc000000	0x94000000	base	ordinary_lowering|checked_asm|architecture_operation	wyst.a64.architecture-operations|wyst.a64.checked-asm.core|wyst.a64.ordinary-lowering	imm26@0:26:0x3ffffff:0x0	none	fixup:target:call26	plain	call26:26:4:instruction:imm26@0+26=0:local,external:no_relaxation	target:call26	link=x30;encoding=call26	none	sha256:3f3e8c0ebb34eeb59b973d8c6b666af50137c2d7825c63003348002d7b0a1d8f
a64:encoding:blr-64-branch-reg:770ead7e3fcdc8eb	a64:instruction_form:blr-64-branch-reg:770ead7e3fcdc8eb	a64:semantic:instruction_form:blr-64-branch-reg:770ead7e3fcdc8eb	blr	branch	0xfffffc1f	0xd63f0000	base	ordinary_lowering|architecture_operation	wyst.a64.architecture-operations|wyst.a64.ordinary-lowering	Rn@5:5:0x1f:0x0	not31:Rn	gpr:rn:64:5+5:zr:none	plain	none	rn:gpr64	link=x30	rn!=sp|xzr	sha256:3f3e8c0ebb34eeb59b973d8c6b666af50137c2d7825c63003348002d7b0a1d8f
a64:encoding:br-64-branch-reg:9aaf83c0a39db37f	a64:instruction_form:br-64-branch-reg:9aaf83c0a39db37f	a64:semantic:instruction_form:br-64-branch-reg:9aaf83c0a39db37f	br	branch	0xfffffc1f	0xd61f0000	base	ordinary_lowering|architecture_operation	wyst.a64.architecture-operations|wyst.a64.ordinary-lowering	Rn@5:5:0x1f:0x0	not31:Rn	gpr:rn:64:5+5:zr:none	plain	none	rn:gpr64	none	rn!=sp|xzr	sha256:3f3e8c0ebb34eeb59b973d8c6b666af50137c2d7825c63003348002d7b0a1d8f
a64:encoding:brk-ex-exception:7046fa1ce7c640b8	a64:instruction_form:brk-ex-exception:7046fa1ce7c640b8	a64:semantic:instruction_form:brk-ex-exception:7046fa1ce7c640b8	brk	other	0xffe0001f	0xd4200000	base	ordinary_lowering|architecture_operation	wyst.a64.architecture-operations|wyst.a64.ordinary-lowering	imm16@5:16:0xffff:0x0	none	uimm:imm16:5+16:1	plain	none	imm16:u16	none	none	sha256:3f3e8c0ebb34eeb59b973d8c6b666af50137c2d7825c63003348002d7b0a1d8f
a64:encoding:cas-c32-comswap:84a82f7a624a9350	a64:instruction_form:cas-c32-comswap:84a82f7a624a9350	a64:semantic:instruction_form:cas-c32-comswap:84a82f7a624a9350	cas	load-store	0xffe0fc00	0x88a07c00	FEAT_LSE	ordinary_lowering|architecture_operation	wyst.a64.architecture-operations|wyst.a64.ordinary-lowering	Rt@0:5:0x1f:0x0|Rn@5:5:0x1f:0x0|Rs@16:5:0x1f:0x0	none	gpr:rs_expected:32:16+5:zr:none|gpr:rt_desired:32:0+5:zr:none|address:rn:5+5:sp	memory_base	none	rs_expected:gpr32|rt_desired:gpr32|rn:address	rn=xn_or_sp;rn31=sp;rs_expected=wt_or_wzr;rs_expected31=constant_zero_then_discarded_write_to_wzr;rt_desired=wt_or_wzr;rt_desired31=constant_zero_from_wzr	none	sha256:78acc79118ff687b37748262e911b262e2ded1da7f09bbc93500099b7a564bba
a64:encoding:cas-c64-comswap:7e046efc42a49cac	a64:instruction_form:cas-c64-comswap:7e046efc42a49cac	a64:semantic:instruction_form:cas-c64-comswap:7e046efc42a49cac	cas	load-store	0xffe0fc00	0xc8a07c00	FEAT_LSE	ordinary_lowering|architecture_operation	wyst.a64.architecture-operations|wyst.a64.ordinary-lowering	Rt@0:5:0x1f:0x0|Rn@5:5:0x1f:0x0|Rs@16:5:0x1f:0x0	none	gpr:rs_expected:64:16+5:zr:none|gpr:rt_desired:64:0+5:zr:none|address:rn:5+5:sp	memory_base	none	rs_expected:gpr64|rt_desired:gpr64|rn:address	rn=xn_or_sp;rn31=sp;rs_expected=xt_or_xzr;rs_expected31=constant_zero_then_discarded_write_to_xzr;rt_desired=xt_or_xzr;rt_desired31=constant_zero_from_xzr	none	sha256:78acc79118ff687b37748262e911b262e2ded1da7f09bbc93500099b7a564bba
a64:encoding:casa-c32-comswap:a458ae5ea5b32f0f	a64:instruction_form:casa-c32-comswap:a458ae5ea5b32f0f	a64:semantic:instruction_form:casa-c32-comswap:a458ae5ea5b32f0f	casa	load-store	0xffe0fc00	0x88e07c00	FEAT_LSE	ordinary_lowering|architecture_operation	wyst.a64.architecture-operations|wyst.a64.ordinary-lowering	Rt@0:5:0x1f:0x0|Rn@5:5:0x1f:0x0|Rs@16:5:0x1f:0x0	none	gpr:rs_expected:32:16+5:zr:none|gpr:rt_desired:32:0+5:zr:none|address:rn:5+5:sp	memory_base	none	rs_expected:gpr32|rt_desired:gpr32|rn:address	rn=xn_or_sp;rn31=sp;rs_expected=wt_or_wzr;rs_expected31=constant_zero_then_discarded_write_to_wzr;rt_desired=wt_or_wzr;rt_desired31=constant_zero_from_wzr	none	sha256:78acc79118ff687b37748262e911b262e2ded1da7f09bbc93500099b7a564bba
a64:encoding:casa-c64-comswap:561b36bd9514f6ed	a64:instruction_form:casa-c64-comswap:561b36bd9514f6ed	a64:semantic:instruction_form:casa-c64-comswap:561b36bd9514f6ed	casa	load-store	0xffe0fc00	0xc8e07c00	FEAT_LSE	ordinary_lowering|architecture_operation	wyst.a64.architecture-operations|wyst.a64.ordinary-lowering	Rt@0:5:0x1f:0x0|Rn@5:5:0x1f:0x0|Rs@16:5:0x1f:0x0	none	gpr:rs_expected:64:16+5:zr:none|gpr:rt_desired:64:0+5:zr:none|address:rn:5+5:sp	memory_base	none	rs_expected:gpr64|rt_desired:gpr64|rn:address	rn=xn_or_sp;rn31=sp;rs_expected=xt_or_xzr;rs_expected31=constant_zero_then_discarded_write_to_xzr;rt_desired=xt_or_xzr;rt_desired31=constant_zero_from_xzr	none	sha256:78acc79118ff687b37748262e911b262e2ded1da7f09bbc93500099b7a564bba
a64:encoding:casab-c32-comswap:118256e8cc978ced	a64:instruction_form:casab-c32-comswap:118256e8cc978ced	a64:semantic:instruction_form:casab-c32-comswap:118256e8cc978ced	casab	load-store	0xffe0fc00	0x08e07c00	FEAT_LSE	ordinary_lowering|architecture_operation	wyst.a64.architecture-operations|wyst.a64.ordinary-lowering	Rt@0:5:0x1f:0x0|Rn@5:5:0x1f:0x0|Rs@16:5:0x1f:0x0	none	gpr:rs_expected:32:16+5:zr:none|gpr:rt_desired:32:0+5:zr:none|address:rn:5+5:sp	memory_base	none	rs_expected:gpr32|rt_desired:gpr32|rn:address	rn=xn_or_sp;rn31=sp;rs_expected=wt_or_wzr;rs_expected31=constant_zero_then_discarded_write_to_wzr;rt_desired=wt_or_wzr;rt_desired31=constant_zero_from_wzr	none	sha256:78acc79118ff687b37748262e911b262e2ded1da7f09bbc93500099b7a564bba
a64:encoding:casah-c32-comswap:6fc6f2a2263f3447	a64:instruction_form:casah-c32-comswap:6fc6f2a2263f3447	a64:semantic:instruction_form:casah-c32-comswap:6fc6f2a2263f3447	casah	load-store	0xffe0fc00	0x48e07c00	FEAT_LSE	ordinary_lowering|architecture_operation	wyst.a64.architecture-operations|wyst.a64.ordinary-lowering	Rt@0:5:0x1f:0x0|Rn@5:5:0x1f:0x0|Rs@16:5:0x1f:0x0	none	gpr:rs_expected:32:16+5:zr:none|gpr:rt_desired:32:0+5:zr:none|address:rn:5+5:sp	memory_base	none	rs_expected:gpr32|rt_desired:gpr32|rn:address	rn=xn_or_sp;rn31=sp;rs_expected=wt_or_wzr;rs_expected31=constant_zero_then_discarded_write_to_wzr;rt_desired=wt_or_wzr;rt_desired31=constant_zero_from_wzr	none	sha256:78acc79118ff687b37748262e911b262e2ded1da7f09bbc93500099b7a564bba
a64:encoding:casal-c32-comswap:0fd70a6503bee620	a64:instruction_form:casal-c32-comswap:0fd70a6503bee620	a64:semantic:instruction_form:casal-c32-comswap:0fd70a6503bee620	casal	load-store	0xffe0fc00	0x88e0fc00	FEAT_LSE	ordinary_lowering|architecture_operation	wyst.a64.architecture-operations|wyst.a64.ordinary-lowering	Rt@0:5:0x1f:0x0|Rn@5:5:0x1f:0x0|Rs@16:5:0x1f:0x0	none	gpr:rs_expected:32:16+5:zr:none|gpr:rt_desired:32:0+5:zr:none|address:rn:5+5:sp	memory_base	none	rs_expected:gpr32|rt_desired:gpr32|rn:address	rn=xn_or_sp;rn31=sp;rs_expected=wt_or_wzr;rs_expected31=constant_zero_then_discarded_write_to_wzr;rt_desired=wt_or_wzr;rt_desired31=constant_zero_from_wzr	none	sha256:78acc79118ff687b37748262e911b262e2ded1da7f09bbc93500099b7a564bba
a64:encoding:casal-c64-comswap:3ea10d6e68e05b4e	a64:instruction_form:casal-c64-comswap:3ea10d6e68e05b4e	a64:semantic:instruction_form:casal-c64-comswap:3ea10d6e68e05b4e	casal	load-store	0xffe0fc00	0xc8e0fc00	FEAT_LSE	ordinary_lowering|architecture_operation	wyst.a64.architecture-operations|wyst.a64.ordinary-lowering	Rt@0:5:0x1f:0x0|Rn@5:5:0x1f:0x0|Rs@16:5:0x1f:0x0	none	gpr:rs_expected:64:16+5:zr:none|gpr:rt_desired:64:0+5:zr:none|address:rn:5+5:sp	memory_base	none	rs_expected:gpr64|rt_desired:gpr64|rn:address	rn=xn_or_sp;rn31=sp;rs_expected=xt_or_xzr;rs_expected31=constant_zero_then_discarded_write_to_xzr;rt_desired=xt_or_xzr;rt_desired31=constant_zero_from_xzr	none	sha256:78acc79118ff687b37748262e911b262e2ded1da7f09bbc93500099b7a564bba
a64:encoding:casalb-c32-comswap:2ab36053205c5d88	a64:instruction_form:casalb-c32-comswap:2ab36053205c5d88	a64:semantic:instruction_form:casalb-c32-comswap:2ab36053205c5d88	casalb	load-store	0xffe0fc00	0x08e0fc00	FEAT_LSE	ordinary_lowering|architecture_operation	wyst.a64.architecture-operations|wyst.a64.ordinary-lowering	Rt@0:5:0x1f:0x0|Rn@5:5:0x1f:0x0|Rs@16:5:0x1f:0x0	none	gpr:rs_expected:32:16+5:zr:none|gpr:rt_desired:32:0+5:zr:none|address:rn:5+5:sp	memory_base	none	rs_expected:gpr32|rt_desired:gpr32|rn:address	rn=xn_or_sp;rn31=sp;rs_expected=wt_or_wzr;rs_expected31=constant_zero_then_discarded_write_to_wzr;rt_desired=wt_or_wzr;rt_desired31=constant_zero_from_wzr	none	sha256:78acc79118ff687b37748262e911b262e2ded1da7f09bbc93500099b7a564bba
a64:encoding:casalh-c32-comswap:7165bde8cf2aa30a	a64:instruction_form:casalh-c32-comswap:7165bde8cf2aa30a	a64:semantic:instruction_form:casalh-c32-comswap:7165bde8cf2aa30a	casalh	load-store	0xffe0fc00	0x48e0fc00	FEAT_LSE	ordinary_lowering|architecture_operation	wyst.a64.architecture-operations|wyst.a64.ordinary-lowering	Rt@0:5:0x1f:0x0|Rn@5:5:0x1f:0x0|Rs@16:5:0x1f:0x0	none	gpr:rs_expected:32:16+5:zr:none|gpr:rt_desired:32:0+5:zr:none|address:rn:5+5:sp	memory_base	none	rs_expected:gpr32|rt_desired:gpr32|rn:address	rn=xn_or_sp;rn31=sp;rs_expected=wt_or_wzr;rs_expected31=constant_zero_then_discarded_write_to_wzr;rt_desired=wt_or_wzr;rt_desired31=constant_zero_from_wzr	none	sha256:78acc79118ff687b37748262e911b262e2ded1da7f09bbc93500099b7a564bba
a64:encoding:casb-c32-comswap:d4cb47454f670726	a64:instruction_form:casb-c32-comswap:d4cb47454f670726	a64:semantic:instruction_form:casb-c32-comswap:d4cb47454f670726	casb	load-store	0xffe0fc00	0x08a07c00	FEAT_LSE	ordinary_lowering|architecture_operation	wyst.a64.architecture-operations|wyst.a64.ordinary-lowering	Rt@0:5:0x1f:0x0|Rn@5:5:0x1f:0x0|Rs@16:5:0x1f:0x0	none	gpr:rs_expected:32:16+5:zr:none|gpr:rt_desired:32:0+5:zr:none|address:rn:5+5:sp	memory_base	none	rs_expected:gpr32|rt_desired:gpr32|rn:address	rn=xn_or_sp;rn31=sp;rs_expected=wt_or_wzr;rs_expected31=constant_zero_then_discarded_write_to_wzr;rt_desired=wt_or_wzr;rt_desired31=constant_zero_from_wzr	none	sha256:78acc79118ff687b37748262e911b262e2ded1da7f09bbc93500099b7a564bba
a64:encoding:cash-c32-comswap:3da7ce9e43d1eb51	a64:instruction_form:cash-c32-comswap:3da7ce9e43d1eb51	a64:semantic:instruction_form:cash-c32-comswap:3da7ce9e43d1eb51	cash	load-store	0xffe0fc00	0x48a07c00	FEAT_LSE	ordinary_lowering|architecture_operation	wyst.a64.architecture-operations|wyst.a64.ordinary-lowering	Rt@0:5:0x1f:0x0|Rn@5:5:0x1f:0x0|Rs@16:5:0x1f:0x0	none	gpr:rs_expected:32:16+5:zr:none|gpr:rt_desired:32:0+5:zr:none|address:rn:5+5:sp	memory_base	none	rs_expected:gpr32|rt_desired:gpr32|rn:address	rn=xn_or_sp;rn31=sp;rs_expected=wt_or_wzr;rs_expected31=constant_zero_then_discarded_write_to_wzr;rt_desired=wt_or_wzr;rt_desired31=constant_zero_from_wzr	none	sha256:78acc79118ff687b37748262e911b262e2ded1da7f09bbc93500099b7a564bba
a64:encoding:casl-c32-comswap:a6faa83815ab72f6	a64:instruction_form:casl-c32-comswap:a6faa83815ab72f6	a64:semantic:instruction_form:casl-c32-comswap:a6faa83815ab72f6	casl	load-store	0xffe0fc00	0x88a0fc00	FEAT_LSE	ordinary_lowering|architecture_operation	wyst.a64.architecture-operations|wyst.a64.ordinary-lowering	Rt@0:5:0x1f:0x0|Rn@5:5:0x1f:0x0|Rs@16:5:0x1f:0x0	none	gpr:rs_expected:32:16+5:zr:none|gpr:rt_desired:32:0+5:zr:none|address:rn:5+5:sp	memory_base	none	rs_expected:gpr32|rt_desired:gpr32|rn:address	rn=xn_or_sp;rn31=sp;rs_expected=wt_or_wzr;rs_expected31=constant_zero_then_discarded_write_to_wzr;rt_desired=wt_or_wzr;rt_desired31=constant_zero_from_wzr	none	sha256:78acc79118ff687b37748262e911b262e2ded1da7f09bbc93500099b7a564bba
a64:encoding:casl-c64-comswap:0a370b9fa283b14b	a64:instruction_form:casl-c64-comswap:0a370b9fa283b14b	a64:semantic:instruction_form:casl-c64-comswap:0a370b9fa283b14b	casl	load-store	0xffe0fc00	0xc8a0fc00	FEAT_LSE	ordinary_lowering|architecture_operation	wyst.a64.architecture-operations|wyst.a64.ordinary-lowering	Rt@0:5:0x1f:0x0|Rn@5:5:0x1f:0x0|Rs@16:5:0x1f:0x0	none	gpr:rs_expected:64:16+5:zr:none|gpr:rt_desired:64:0+5:zr:none|address:rn:5+5:sp	memory_base	none	rs_expected:gpr64|rt_desired:gpr64|rn:address	rn=xn_or_sp;rn31=sp;rs_expected=xt_or_xzr;rs_expected31=constant_zero_then_discarded_write_to_xzr;rt_desired=xt_or_xzr;rt_desired31=constant_zero_from_xzr	none	sha256:78acc79118ff687b37748262e911b262e2ded1da7f09bbc93500099b7a564bba
a64:encoding:caslb-c32-comswap:b3f3ba128d721923	a64:instruction_form:caslb-c32-comswap:b3f3ba128d721923	a64:semantic:instruction_form:caslb-c32-comswap:b3f3ba128d721923	caslb	load-store	0xffe0fc00	0x08a0fc00	FEAT_LSE	ordinary_lowering|architecture_operation	wyst.a64.architecture-operations|wyst.a64.ordinary-lowering	Rt@0:5:0x1f:0x0|Rn@5:5:0x1f:0x0|Rs@16:5:0x1f:0x0	none	gpr:rs_expected:32:16+5:zr:none|gpr:rt_desired:32:0+5:zr:none|address:rn:5+5:sp	memory_base	none	rs_expected:gpr32|rt_desired:gpr32|rn:address	rn=xn_or_sp;rn31=sp;rs_expected=wt_or_wzr;rs_expected31=constant_zero_then_discarded_write_to_wzr;rt_desired=wt_or_wzr;rt_desired31=constant_zero_from_wzr	none	sha256:78acc79118ff687b37748262e911b262e2ded1da7f09bbc93500099b7a564bba
a64:encoding:caslh-c32-comswap:2ee91258c6a56e5c	a64:instruction_form:caslh-c32-comswap:2ee91258c6a56e5c	a64:semantic:instruction_form:caslh-c32-comswap:2ee91258c6a56e5c	caslh	load-store	0xffe0fc00	0x48a0fc00	FEAT_LSE	ordinary_lowering|architecture_operation	wyst.a64.architecture-operations|wyst.a64.ordinary-lowering	Rt@0:5:0x1f:0x0|Rn@5:5:0x1f:0x0|Rs@16:5:0x1f:0x0	none	gpr:rs_expected:32:16+5:zr:none|gpr:rt_desired:32:0+5:zr:none|address:rn:5+5:sp	memory_base	none	rs_expected:gpr32|rt_desired:gpr32|rn:address	rn=xn_or_sp;rn31=sp;rs_expected=wt_or_wzr;rs_expected31=constant_zero_then_discarded_write_to_wzr;rt_desired=wt_or_wzr;rt_desired31=constant_zero_from_wzr	none	sha256:78acc79118ff687b37748262e911b262e2ded1da7f09bbc93500099b7a564bba
a64:encoding:cbnz-32-compbranch:37e065a7a7bf0551	a64:instruction_form:cbnz-32-compbranch:37e065a7a7bf0551	a64:semantic:instruction_form:cbnz-32-compbranch:37e065a7a7bf0551	cbnz	branch	0xff000000	0x35000000	base	ordinary_lowering|architecture_operation	wyst.a64.architecture-operations|wyst.a64.ordinary-lowering	Rt@0:5:0x1f:0x0|imm19@5:19:0x7ffff:0x0	none	gpr:rt:32:0+5:zr:none|fixup:target:compare_branch19	plain	compare_branch19:19:4:instruction:imm19@5+19=0:local,external:no_relaxation	rt:gpr32_or_wzr|target:compare_branch19	rt31=constant_zero_from_wzr	none	sha256:3f3e8c0ebb34eeb59b973d8c6b666af50137c2d7825c63003348002d7b0a1d8f
a64:encoding:cbnz-64-compbranch:13adb93cacfe9721	a64:instruction_form:cbnz-64-compbranch:13adb93cacfe9721	a64:semantic:instruction_form:cbnz-64-compbranch:13adb93cacfe9721	cbnz	branch	0xff000000	0xb5000000	base	ordinary_lowering|architecture_operation	wyst.a64.architecture-operations|wyst.a64.ordinary-lowering	Rt@0:5:0x1f:0x0|imm19@5:19:0x7ffff:0x0	none	gpr:rt:64:0+5:zr:none|fixup:target:compare_branch19	plain	compare_branch19:19:4:instruction:imm19@5+19=0:local,external:no_relaxation	rt:gpr64_or_xzr|target:compare_branch19	rt31=constant_zero_from_xzr	none	sha256:3f3e8c0ebb34eeb59b973d8c6b666af50137c2d7825c63003348002d7b0a1d8f
a64:encoding:cbz-32-compbranch:53d5659548ca8edd	a64:instruction_form:cbz-32-compbranch:53d5659548ca8edd	a64:semantic:instruction_form:cbz-32-compbranch:53d5659548ca8edd	cbz	branch	0xff000000	0x34000000	base	ordinary_lowering|architecture_operation	wyst.a64.architecture-operations|wyst.a64.ordinary-lowering	Rt@0:5:0x1f:0x0|imm19@5:19:0x7ffff:0x0	none	gpr:rt:32:0+5:zr:none|fixup:target:compare_branch19	plain	compare_branch19:19:4:instruction:imm19@5+19=0:local,external:no_relaxation	rt:gpr32_or_wzr|target:compare_branch19	rt31=constant_zero_from_wzr	none	sha256:3f3e8c0ebb34eeb59b973d8c6b666af50137c2d7825c63003348002d7b0a1d8f
a64:encoding:cbz-64-compbranch:c116d03963d59c2d	a64:instruction_form:cbz-64-compbranch:c116d03963d59c2d	a64:semantic:instruction_form:cbz-64-compbranch:c116d03963d59c2d	cbz	branch	0xff000000	0xb4000000	base	ordinary_lowering|architecture_operation	wyst.a64.architecture-operations|wyst.a64.ordinary-lowering	Rt@0:5:0x1f:0x0|imm19@5:19:0x7ffff:0x0	none	gpr:rt:64:0+5:zr:none|fixup:target:compare_branch19	plain	compare_branch19:19:4:instruction:imm19@5+19=0:local,external:no_relaxation	rt:gpr64_or_xzr|target:compare_branch19	rt31=constant_zero_from_xzr	none	sha256:3f3e8c0ebb34eeb59b973d8c6b666af50137c2d7825c63003348002d7b0a1d8f
a64:encoding:clrex-bn-barriers:a23603e1a93dc2db	a64:instruction_form:clrex-bn-barriers:a23603e1a93dc2db	a64:semantic:instruction_form:clrex-bn-barriers:a23603e1a93dc2db	clrex	system	0xfffff0ff	0xd503305f	base	ordinary_lowering|architecture_operation	wyst.a64.architecture-operations|wyst.a64.ordinary-lowering	CRm@8:4:0xf:0x0	none	uimm:hidden:8+4:1	plain	none	none	none	none	sha256:3f3e8c0ebb34eeb59b973d8c6b666af50137c2d7825c63003348002d7b0a1d8f
a64:encoding:clz-32-dp-1src:65ed1bfc367dab6f	a64:instruction_form:clz-32-dp-1src:65ed1bfc367dab6f	a64:semantic:instruction_form:clz-32-dp-1src:65ed1bfc367dab6f	clz	other	0xfffffc00	0x5ac01000	base	ordinary_lowering|architecture_operation	wyst.a64.architecture-operations|wyst.a64.ordinary-lowering	Rd@0:5:0x1f:0x0|Rn@5:5:0x1f:0x0	none	gpr:rd:32:0+5:zr:none|gpr:rn:32:5+5:zr:none	plain	none	rd:gpr32|rn:gpr32	none	none	sha256:3f3e8c0ebb34eeb59b973d8c6b666af50137c2d7825c63003348002d7b0a1d8f
a64:encoding:clz-64-dp-1src:51a05266584adeb0	a64:instruction_form:clz-64-dp-1src:51a05266584adeb0	a64:semantic:instruction_form:clz-64-dp-1src:51a05266584adeb0	clz	other	0xfffffc00	0xdac01000	base	ordinary_lowering|architecture_operation	wyst.a64.architecture-operations|wyst.a64.ordinary-lowering	Rd@0:5:0x1f:0x0|Rn@5:5:0x1f:0x0	none	gpr:rd:64:0+5:zr:none|gpr:rn:64:5+5:zr:none	plain	none	rd:gpr64|rn:gpr64	none	none	sha256:3f3e8c0ebb34eeb59b973d8c6b666af50137c2d7825c63003348002d7b0a1d8f
a64:encoding:csel-64-condsel:b6e6eb2901948d15	a64:instruction_form:csel-64-condsel:b6e6eb2901948d15	a64:semantic:instruction_form:csel-64-condsel:b6e6eb2901948d15	csel	other	0xffe00c00	0x9a800000	base	ordinary_lowering|architecture_operation	wyst.a64.architecture-operations|wyst.a64.ordinary-lowering	Rd@0:5:0x1f:0x0|Rn@5:5:0x1f:0x0|cond@12:4:0xf:0x0|Rm@16:5:0x1f:0x0	none	gpr:rd:64:0+5:zr:none|gpr:rn:64:5+5:zr:none|gpr:rm:64:16+5:zr:none|enum:condition:12+4:0=eq,1=ne,2=cs,3=cc,4=mi,5=pl,6=vs,7=vc,8=hi,9=ls,10=ge,11=lt,12=gt,13=le,14=al,15=nv	plain	none	rd:gpr64|rn:gpr64|rm:gpr64|condition:nzcv	none	none	sha256:3f3e8c0ebb34eeb59b973d8c6b666af50137c2d7825c63003348002d7b0a1d8f
a64:encoding:csinc-32-condsel:380b2b705a0392f1	a64:instruction_form:csinc-32-condsel:380b2b705a0392f1	a64:semantic:instruction_form:csinc-32-condsel:380b2b705a0392f1	csinc	other	0xffe00c00	0x1a800400	base	ordinary_lowering|architecture_operation	wyst.a64.architecture-operations|wyst.a64.ordinary-lowering	Rd@0:5:0x1f:0x0|Rn@5:5:0x1f:0x0|cond@12:4:0xf:0x0|Rm@16:5:0x1f:0x0	none	gpr:rd:32:0+5:zr:none|gpr:rn:32:5+5:zr:none|gpr:rm:32:16+5:zr:none|enum:condition:12+4:0=eq,1=ne,2=cs,3=cc,4=mi,5=pl,6=vs,7=vc,8=hi,9=ls,10=ge,11=lt,12=gt,13=le,14=al,15=nv	plain	none	rd:gpr32|rn:gpr32|rm:gpr32|condition:nzcv	none	none	sha256:3f3e8c0ebb34eeb59b973d8c6b666af50137c2d7825c63003348002d7b0a1d8f
a64:encoding:csinc-64-condsel:321b41e4da903284	a64:instruction_form:csinc-64-condsel:321b41e4da903284	a64:semantic:instruction_form:csinc-64-condsel:321b41e4da903284	csinc	other	0xffe00c00	0x9a800400	base	ordinary_lowering|architecture_operation	wyst.a64.architecture-operations|wyst.a64.ordinary-lowering	Rd@0:5:0x1f:0x0|Rn@5:5:0x1f:0x0|cond@12:4:0xf:0x0|Rm@16:5:0x1f:0x0	none	gpr:rd:64:0+5:zr:none|gpr:rn:64:5+5:zr:none|gpr:rm:64:16+5:zr:none|enum:condition:12+4:0=eq,1=ne,2=cs,3=cc,4=mi,5=pl,6=vs,7=vc,8=hi,9=ls,10=ge,11=lt,12=gt,13=le,14=al,15=nv	plain	none	rd:gpr64|rn:gpr64|rm:gpr64|condition:nzcv	none	none	sha256:3f3e8c0ebb34eeb59b973d8c6b666af50137c2d7825c63003348002d7b0a1d8f
a64:encoding:dmb-bo-barriers:2877e9b833f4b353	a64:instruction_form:dmb-bo-barriers:2877e9b833f4b353	a64:semantic:instruction_form:dmb-bo-barriers:2877e9b833f4b353	dmb	system	0xfffff0ff	0xd50330bf	base	ordinary_lowering|architecture_operation	wyst.a64.architecture-operations|wyst.a64.ordinary-lowering	CRm@8:4:0xf:0x0	set:CRm:1,2,3,5,6,7,9,10,11,13,14,15	uimm:domain:8+4:1	plain	none	domain:barrier_option	crm=authenticated_barrier_domain	none	sha256:3f3e8c0ebb34eeb59b973d8c6b666af50137c2d7825c63003348002d7b0a1d8f
a64:encoding:dsb-bo-barriers:b265a39edcb37974	a64:instruction_form:dsb-bo-barriers:b265a39edcb37974	a64:semantic:instruction_form:dsb-bo-barriers:b265a39edcb37974	dsb	system	0xfffff0ff	0xd503309f	base	ordinary_lowering|architecture_operation	wyst.a64.architecture-operations|wyst.a64.ordinary-lowering	CRm@8:4:0xf:0x0	set:CRm:1,2,3,5,6,7,9,10,11,13,14,15	uimm:domain:8+4:1	plain	none	domain:barrier_option	crm=authenticated_barrier_domain	none	sha256:3f3e8c0ebb34eeb59b973d8c6b666af50137c2d7825c63003348002d7b0a1d8f
a64:encoding:eor-32-log-imm:e7f0ee23760c5645	a64:instruction_form:eor-32-log-imm:e7f0ee23760c5645	a64:semantic:instruction_form:eor-32-log-imm:e7f0ee23760c5645	eor	logical	0xffc00000	0x52000000	base	ordinary_lowering|architecture_operation	wyst.a64.architecture-operations|wyst.a64.ordinary-lowering	Rd@0:5:0x1f:0x0|Rn@5:5:0x1f:0x0|imms@10:6:0x3f:0x0|immr@16:6:0x3f:0x0	none	gpr:rd:32:0+5:sp:none|gpr:rn:32:5+5:zr:none|logical_imm:imm:32:22+1:16+6:10+6	plain	none	rd:gpr32|rn:gpr32|imm:encoded_immediate	none	none	sha256:3f3e8c0ebb34eeb59b973d8c6b666af50137c2d7825c63003348002d7b0a1d8f
a64:encoding:eor-32-log-shift:ced2c5ed1eea19e8	a64:instruction_form:eor-32-log-shift:ced2c5ed1eea19e8	a64:semantic:instruction_form:eor-32-log-shift:ced2c5ed1eea19e8	eor	logical	0xff200000	0x4a000000	base	ordinary_lowering|architecture_operation	wyst.a64.architecture-operations|wyst.a64.ordinary-lowering	Rd@0:5:0x1f:0x0|Rn@5:5:0x1f:0x0|imm6@10:6:0x3f:0x0|Rm@16:5:0x1f:0x0|shift@22:2:0x3:0x0	none	gpr:rd:32:0+5:zr:none|gpr:rn:32:5+5:zr:none|gpr:rm:32:16+5:zr:none|enum:shift:22+2:0=lsl,1=lsr,2=asr,3=ror|uimm:amount:10+6:1	shift_pair	none	rd:gpr32|rn:gpr32|rm:gpr32|shift:u2|amount:u6	none	none	sha256:3f3e8c0ebb34eeb59b973d8c6b666af50137c2d7825c63003348002d7b0a1d8f
a64:encoding:eor-64-log-imm:f54ac0debc480673	a64:instruction_form:eor-64-log-imm:f54ac0debc480673	a64:semantic:instruction_form:eor-64-log-imm:f54ac0debc480673	eor	logical	0xff800000	0xd2000000	base	ordinary_lowering|architecture_operation	wyst.a64.architecture-operations|wyst.a64.ordinary-lowering	Rd@0:5:0x1f:0x0|Rn@5:5:0x1f:0x0|imms@10:6:0x3f:0x0|immr@16:6:0x3f:0x0|N@22:1:0x1:0x0	none	gpr:rd:64:0+5:sp:none|gpr:rn:64:5+5:zr:none|logical_imm:imm:64:22+1:16+6:10+6	plain	none	rd:gpr64|rn:gpr64|imm:encoded_immediate	none	none	sha256:3f3e8c0ebb34eeb59b973d8c6b666af50137c2d7825c63003348002d7b0a1d8f
a64:encoding:eor-64-log-shift:eebd57442e602d6c	a64:instruction_form:eor-64-log-shift:eebd57442e602d6c	a64:semantic:instruction_form:eor-64-log-shift:eebd57442e602d6c	eor	logical	0xff200000	0xca000000	base	ordinary_lowering|architecture_operation	wyst.a64.architecture-operations|wyst.a64.ordinary-lowering	Rd@0:5:0x1f:0x0|Rn@5:5:0x1f:0x0|imm6@10:6:0x3f:0x0|Rm@16:5:0x1f:0x0|shift@22:2:0x3:0x0	none	gpr:rd:64:0+5:zr:none|gpr:rn:64:5+5:zr:none|gpr:rm:64:16+5:zr:none|enum:shift:22+2:0=lsl,1=lsr,2=asr,3=ror|uimm:amount:10+6:1	shift_pair	none	rd:gpr64|rn:gpr64|rm:gpr64|shift:u2|amount:u6	none	none	sha256:3f3e8c0ebb34eeb59b973d8c6b666af50137c2d7825c63003348002d7b0a1d8f
a64:encoding:eor-asimdsame-only:3d040236de215bc8	a64:instruction_form:eor-asimdsame-only:3d040236de215bc8	a64:semantic:instruction_form:eor-asimdsame-only:3d040236de215bc8	eor	other	0xbfe0fc00	0x2e201c00	FEAT_AdvSIMD	ordinary_lowering|architecture_operation	wyst.a64.architecture-operations|wyst.a64.ordinary-lowering	Rd@0:5:0x1f:0x0|Rn@5:5:0x1f:0x0|Rm@16:5:0x1f:0x0|Q@30:1:0x1:0x0	none	simd:vd:0+5:30+1:0=8b,1=16b|simd:vn:5+5:30+1:0=8b,1=16b|simd:vm:16+5:30+1:0=8b,1=16b	plain	none	vd:simd|vn:simd|vm:simd	none	none	sha256:bf98b8bcb1ce7073600e82489c120a3ffd1f3310f5e22a2705d8331c1d255755
a64:encoding:eret-64e-branch-reg:43e53b44e570f013	a64:instruction_form:eret-64e-branch-reg:43e53b44e570f013	a64:semantic:instruction_form:eret-64e-branch-reg:43e53b44e570f013	eret	branch	0xffffffff	0xd69f03e0	base	ordinary_lowering|checked_asm|architecture_operation	wyst.a64.architecture-operations|wyst.a64.checked-asm.core|wyst.a64.ordinary-lowering	none	none	none	plain	none	none	ELR_ELx_and_SPSR_ELx_selected_by_current_EL	none	sha256:3f3e8c0ebb34eeb59b973d8c6b666af50137c2d7825c63003348002d7b0a1d8f
a64:encoding:fabs-asimdmisc-r:93625345ca3b23b2	a64:instruction_form:fabs-asimdmisc-r:93625345ca3b23b2	a64:semantic:instruction_form:fabs-asimdmisc-r:93625345ca3b23b2	fabs	other	0xbfbffc00	0x0ea0f800	FEAT_AdvSIMD	ordinary_lowering|architecture_operation	wyst.a64.architecture-operations|wyst.a64.ordinary-lowering	Rd@0:5:0x1f:0x0|Rn@5:5:0x1f:0x0|sz@22:1:0x1:0x0|Q@30:1:0x1:0x0	none	simd:vd:0+5:22+1,30+1:0=2s,1=4s,3=2d|simd:vn:5+5:22+1,30+1:0=2s,1=4s,3=2d	plain	none	vd:simd|vn:simd	none	none	sha256:bf98b8bcb1ce7073600e82489c120a3ffd1f3310f5e22a2705d8331c1d255755
a64:encoding:fadd-asimdsame-only:570217e4d8e73506	a64:instruction_form:fadd-asimdsame-only:570217e4d8e73506	a64:semantic:instruction_form:fadd-asimdsame-only:570217e4d8e73506	fadd	other	0xbfa0fc00	0x0e20d400	FEAT_AdvSIMD	ordinary_lowering|architecture_operation	wyst.a64.architecture-operations|wyst.a64.ordinary-lowering	Rd@0:5:0x1f:0x0|Rn@5:5:0x1f:0x0|Rm@16:5:0x1f:0x0|sz@22:1:0x1:0x0|Q@30:1:0x1:0x0	none	simd:vd:0+5:22+1,30+1:0=2s,1=4s,3=2d|simd:vn:5+5:22+1,30+1:0=2s,1=4s,3=2d|simd:vm:16+5:22+1,30+1:0=2s,1=4s,3=2d	plain	none	vd:simd|vn:simd|vm:simd	none	none	sha256:bf98b8bcb1ce7073600e82489c120a3ffd1f3310f5e22a2705d8331c1d255755
a64:encoding:fadd-d-floatdp2:d8dc78bc7d1cba9c	a64:instruction_form:fadd-d-floatdp2:d8dc78bc7d1cba9c	a64:semantic:instruction_form:fadd-d-floatdp2:d8dc78bc7d1cba9c	fadd	other	0xffe0fc00	0x1e602800	FEAT_FP	ordinary_lowering|architecture_operation	wyst.a64.architecture-operations|wyst.a64.ordinary-lowering	Rd@0:5:0x1f:0x0|Rn@5:5:0x1f:0x0|Rm@16:5:0x1f:0x0	none	fp:fd:d:0+5|fp:fn:d:5+5|fp:fm:d:16+5	plain	none	fd:fp64|fn:fp64|fm:fp64	none	none	sha256:f607ec4fdd071bb7b092f3c750e0f9f579f4739e1b35467c908c78f8ce42c298
a64:encoding:fadd-s-floatdp2:b7113e35fe578fa0	a64:instruction_form:fadd-s-floatdp2:b7113e35fe578fa0	a64:semantic:instruction_form:fadd-s-floatdp2:b7113e35fe578fa0	fadd	other	0xffe0fc00	0x1e202800	FEAT_FP	ordinary_lowering|architecture_operation	wyst.a64.architecture-operations|wyst.a64.ordinary-lowering	Rd@0:5:0x1f:0x0|Rn@5:5:0x1f:0x0|Rm@16:5:0x1f:0x0	none	fp:fd:s:0+5|fp:fn:s:5+5|fp:fm:s:16+5	plain	none	fd:fp32|fn:fp32|fm:fp32	none	none	sha256:f607ec4fdd071bb7b092f3c750e0f9f579f4739e1b35467c908c78f8ce42c298
a64:encoding:fcmp-d-floatcmp:4df50aad86fcf181	a64:instruction_form:fcmp-d-floatcmp:4df50aad86fcf181	a64:semantic:instruction_form:fcmp-d-floatcmp:4df50aad86fcf181	fcmp	other	0xffe0fc1f	0x1e602000	FEAT_FP	ordinary_lowering|architecture_operation	wyst.a64.architecture-operations|wyst.a64.ordinary-lowering	Rn@5:5:0x1f:0x0|Rm@16:5:0x1f:0x0	none	fp:fn:d:5+5|fp:fm:d:16+5	plain	none	fn:fp64|fm:fp64	none	none	sha256:f607ec4fdd071bb7b092f3c750e0f9f579f4739e1b35467c908c78f8ce42c298
a64:encoding:fcmp-s-floatcmp:e8a2f635ff1f983f	a64:instruction_form:fcmp-s-floatcmp:e8a2f635ff1f983f	a64:semantic:instruction_form:fcmp-s-floatcmp:e8a2f635ff1f983f	fcmp	other	0xffe0fc1f	0x1e202000	FEAT_FP	ordinary_lowering|architecture_operation	wyst.a64.architecture-operations|wyst.a64.ordinary-lowering	Rn@5:5:0x1f:0x0|Rm@16:5:0x1f:0x0	none	fp:fn:s:5+5|fp:fm:s:16+5	plain	none	fn:fp32|fm:fp32	none	none	sha256:f607ec4fdd071bb7b092f3c750e0f9f579f4739e1b35467c908c78f8ce42c298
a64:encoding:fcsel-d-floatsel:319f021079c8b58b	a64:instruction_form:fcsel-d-floatsel:319f021079c8b58b	a64:semantic:instruction_form:fcsel-d-floatsel:319f021079c8b58b	fcsel	other	0xffe00c00	0x1e600c00	FEAT_FP	ordinary_lowering|architecture_operation	wyst.a64.architecture-operations|wyst.a64.ordinary-lowering	Rd@0:5:0x1f:0x0|Rn@5:5:0x1f:0x0|cond@12:4:0xf:0x0|Rm@16:5:0x1f:0x0	none	fp:fd:d:0+5|fp:fn:d:5+5|fp:fm:d:16+5|enum:condition:12+4:0=eq,1=ne,2=cs,3=cc,4=mi,5=pl,6=vs,7=vc,8=hi,9=ls,10=ge,11=lt,12=gt,13=le,14=al,15=nv	plain	none	fd:fp64|fn:fp64|fm:fp64|condition:nzcv	none	none	sha256:f607ec4fdd071bb7b092f3c750e0f9f579f4739e1b35467c908c78f8ce42c298
a64:encoding:fcsel-s-floatsel:765691b3ff9df783	a64:instruction_form:fcsel-s-floatsel:765691b3ff9df783	a64:semantic:instruction_form:fcsel-s-floatsel:765691b3ff9df783	fcsel	other	0xffe00c00	0x1e200c00	FEAT_FP	ordinary_lowering|architecture_operation	wyst.a64.architecture-operations|wyst.a64.ordinary-lowering	Rd@0:5:0x1f:0x0|Rn@5:5:0x1f:0x0|cond@12:4:0xf:0x0|Rm@16:5:0x1f:0x0	none	fp:fd:s:0+5|fp:fn:s:5+5|fp:fm:s:16+5|enum:condition:12+4:0=eq,1=ne,2=cs,3=cc,4=mi,5=pl,6=vs,7=vc,8=hi,9=ls,10=ge,11=lt,12=gt,13=le,14=al,15=nv	plain	none	fd:fp32|fn:fp32|fm:fp32|condition:nzcv	none	none	sha256:f607ec4fdd071bb7b092f3c750e0f9f579f4739e1b35467c908c78f8ce42c298
a64:encoding:fcvt-ds-floatdp1:8f92ef2e325c2f1f	a64:instruction_form:fcvt-ds-floatdp1:8f92ef2e325c2f1f	a64:semantic:instruction_form:fcvt-ds-floatdp1:8f92ef2e325c2f1f	fcvt	other	0xfffffc00	0x1e22c000	FEAT_FP	ordinary_lowering|architecture_operation	wyst.a64.architecture-operations|wyst.a64.ordinary-lowering	Rd@0:5:0x1f:0x0|Rn@5:5:0x1f:0x0	none	fp:fd:d:0+5|fp:fn:s:5+5	plain	none	fd:fp64|fn:fp32	none	none	sha256:f607ec4fdd071bb7b092f3c750e0f9f579f4739e1b35467c908c78f8ce42c298
a64:encoding:fcvt-sd-floatdp1:63f3288d23c5550f	a64:instruction_form:fcvt-sd-floatdp1:63f3288d23c5550f	a64:semantic:instruction_form:fcvt-sd-floatdp1:63f3288d23c5550f	fcvt	other	0xfffffc00	0x1e624000	FEAT_FP	ordinary_lowering|architecture_operation	wyst.a64.architecture-operations|wyst.a64.ordinary-lowering	Rd@0:5:0x1f:0x0|Rn@5:5:0x1f:0x0	none	fp:fd:s:0+5|fp:fn:d:5+5	plain	none	fd:fp32|fn:fp64	none	none	sha256:f607ec4fdd071bb7b092f3c750e0f9f579f4739e1b35467c908c78f8ce42c298
a64:encoding:fcvtzs-32d-float2int:8d84616c03d287ad	a64:instruction_form:fcvtzs-32d-float2int:8d84616c03d287ad	a64:semantic:instruction_form:fcvtzs-32d-float2int:8d84616c03d287ad	fcvtzs	other	0xfffffc00	0x1e780000	FEAT_FP	ordinary_lowering|architecture_operation	wyst.a64.architecture-operations|wyst.a64.ordinary-lowering	Rd@0:5:0x1f:0x0|Rn@5:5:0x1f:0x0	none	gpr:rd:32:0+5:zr:none|fp:fn:d:5+5	plain	none	rd:gpr32|fn:fp64	none	none	sha256:f607ec4fdd071bb7b092f3c750e0f9f579f4739e1b35467c908c78f8ce42c298
a64:encoding:fcvtzs-32s-float2int:34bb87b8e034e3bf	a64:instruction_form:fcvtzs-32s-float2int:34bb87b8e034e3bf	a64:semantic:instruction_form:fcvtzs-32s-float2int:34bb87b8e034e3bf	fcvtzs	other	0xfffffc00	0x1e380000	FEAT_FP	ordinary_lowering|architecture_operation	wyst.a64.architecture-operations|wyst.a64.ordinary-lowering	Rd@0:5:0x1f:0x0|Rn@5:5:0x1f:0x0	none	gpr:rd:32:0+5:zr:none|fp:fn:s:5+5	plain	none	rd:gpr32|fn:fp32	none	none	sha256:f607ec4fdd071bb7b092f3c750e0f9f579f4739e1b35467c908c78f8ce42c298
a64:encoding:fcvtzs-64d-float2int:fd4015be469beeac	a64:instruction_form:fcvtzs-64d-float2int:fd4015be469beeac	a64:semantic:instruction_form:fcvtzs-64d-float2int:fd4015be469beeac	fcvtzs	other	0xfffffc00	0x9e780000	FEAT_FP	ordinary_lowering|architecture_operation	wyst.a64.architecture-operations|wyst.a64.ordinary-lowering	Rd@0:5:0x1f:0x0|Rn@5:5:0x1f:0x0	none	gpr:rd:64:0+5:zr:none|fp:fn:d:5+5	plain	none	rd:gpr64|fn:fp64	none	none	sha256:f607ec4fdd071bb7b092f3c750e0f9f579f4739e1b35467c908c78f8ce42c298
a64:encoding:fcvtzs-64s-float2int:f7640563a765ee2d	a64:instruction_form:fcvtzs-64s-float2int:f7640563a765ee2d	a64:semantic:instruction_form:fcvtzs-64s-float2int:f7640563a765ee2d	fcvtzs	other	0xfffffc00	0x9e380000	FEAT_FP	ordinary_lowering|architecture_operation	wyst.a64.architecture-operations|wyst.a64.ordinary-lowering	Rd@0:5:0x1f:0x0|Rn@5:5:0x1f:0x0	none	gpr:rd:64:0+5:zr:none|fp:fn:s:5+5	plain	none	rd:gpr64|fn:fp32	none	none	sha256:f607ec4fdd071bb7b092f3c750e0f9f579f4739e1b35467c908c78f8ce42c298
a64:encoding:fcvtzu-32d-float2int:a2c030dc526cdf41	a64:instruction_form:fcvtzu-32d-float2int:a2c030dc526cdf41	a64:semantic:instruction_form:fcvtzu-32d-float2int:a2c030dc526cdf41	fcvtzu	other	0xfffffc00	0x1e790000	FEAT_FP	ordinary_lowering|architecture_operation	wyst.a64.architecture-operations|wyst.a64.ordinary-lowering	Rd@0:5:0x1f:0x0|Rn@5:5:0x1f:0x0	none	gpr:rd:32:0+5:zr:none|fp:fn:d:5+5	plain	none	rd:gpr32|fn:fp64	none	none	sha256:f607ec4fdd071bb7b092f3c750e0f9f579f4739e1b35467c908c78f8ce42c298
a64:encoding:fcvtzu-32s-float2int:94031b90ad73e8f1	a64:instruction_form:fcvtzu-32s-float2int:94031b90ad73e8f1	a64:semantic:instruction_form:fcvtzu-32s-float2int:94031b90ad73e8f1	fcvtzu	other	0xfffffc00	0x1e390000	FEAT_FP	ordinary_lowering|architecture_operation	wyst.a64.architecture-operations|wyst.a64.ordinary-lowering	Rd@0:5:0x1f:0x0|Rn@5:5:0x1f:0x0	none	gpr:rd:32:0+5:zr:none|fp:fn:s:5+5	plain	none	rd:gpr32|fn:fp32	none	none	sha256:f607ec4fdd071bb7b092f3c750e0f9f579f4739e1b35467c908c78f8ce42c298
a64:encoding:fcvtzu-64d-float2int:cb11696208e5a780	a64:instruction_form:fcvtzu-64d-float2int:cb11696208e5a780	a64:semantic:instruction_form:fcvtzu-64d-float2int:cb11696208e5a780	fcvtzu	other	0xfffffc00	0x9e790000	FEAT_FP	ordinary_lowering|architecture_operation	wyst.a64.architecture-operations|wyst.a64.ordinary-lowering	Rd@0:5:0x1f:0x0|Rn@5:5:0x1f:0x0	none	gpr:rd:64:0+5:zr:none|fp:fn:d:5+5	plain	none	rd:gpr64|fn:fp64	none	none	sha256:f607ec4fdd071bb7b092f3c750e0f9f579f4739e1b35467c908c78f8ce42c298
a64:encoding:fcvtzu-64s-float2int:a8f8eab799a0e91a	a64:instruction_form:fcvtzu-64s-float2int:a8f8eab799a0e91a	a64:semantic:instruction_form:fcvtzu-64s-float2int:a8f8eab799a0e91a	fcvtzu	other	0xfffffc00	0x9e390000	FEAT_FP	ordinary_lowering|architecture_operation	wyst.a64.architecture-operations|wyst.a64.ordinary-lowering	Rd@0:5:0x1f:0x0|Rn@5:5:0x1f:0x0	none	gpr:rd:64:0+5:zr:none|fp:fn:s:5+5	plain	none	rd:gpr64|fn:fp32	none	none	sha256:f607ec4fdd071bb7b092f3c750e0f9f579f4739e1b35467c908c78f8ce42c298
a64:encoding:fdiv-asimdsame-only:85ecf453a063c425	a64:instruction_form:fdiv-asimdsame-only:85ecf453a063c425	a64:semantic:instruction_form:fdiv-asimdsame-only:85ecf453a063c425	fdiv	other	0xbfa0fc00	0x2e20fc00	FEAT_AdvSIMD	ordinary_lowering|architecture_operation	wyst.a64.architecture-operations|wyst.a64.ordinary-lowering	Rd@0:5:0x1f:0x0|Rn@5:5:0x1f:0x0|Rm@16:5:0x1f:0x0|sz@22:1:0x1:0x0|Q@30:1:0x1:0x0	none	simd:vd:0+5:22+1,30+1:0=2s,1=4s,3=2d|simd:vn:5+5:22+1,30+1:0=2s,1=4s,3=2d|simd:vm:16+5:22+1,30+1:0=2s,1=4s,3=2d	plain	none	vd:simd|vn:simd|vm:simd	none	none	sha256:bf98b8bcb1ce7073600e82489c120a3ffd1f3310f5e22a2705d8331c1d255755
a64:encoding:fdiv-d-floatdp2:6ea5a1344011a39c	a64:instruction_form:fdiv-d-floatdp2:6ea5a1344011a39c	a64:semantic:instruction_form:fdiv-d-floatdp2:6ea5a1344011a39c	fdiv	other	0xffe0fc00	0x1e601800	FEAT_FP	ordinary_lowering|architecture_operation	wyst.a64.architecture-operations|wyst.a64.ordinary-lowering	Rd@0:5:0x1f:0x0|Rn@5:5:0x1f:0x0|Rm@16:5:0x1f:0x0	none	fp:fd:d:0+5|fp:fn:d:5+5|fp:fm:d:16+5	plain	none	fd:fp64|fn:fp64|fm:fp64	none	none	sha256:f607ec4fdd071bb7b092f3c750e0f9f579f4739e1b35467c908c78f8ce42c298
a64:encoding:fdiv-s-floatdp2:878c61003f2bec8e	a64:instruction_form:fdiv-s-floatdp2:878c61003f2bec8e	a64:semantic:instruction_form:fdiv-s-floatdp2:878c61003f2bec8e	fdiv	other	0xffe0fc00	0x1e201800	FEAT_FP	ordinary_lowering|architecture_operation	wyst.a64.architecture-operations|wyst.a64.ordinary-lowering	Rd@0:5:0x1f:0x0|Rn@5:5:0x1f:0x0|Rm@16:5:0x1f:0x0	none	fp:fd:s:0+5|fp:fn:s:5+5|fp:fm:s:16+5	plain	none	fd:fp32|fn:fp32|fm:fp32	none	none	sha256:f607ec4fdd071bb7b092f3c750e0f9f579f4739e1b35467c908c78f8ce42c298
a64:encoding:fmadd-d-floatdp3:e47382cb80efc8b6	a64:instruction_form:fmadd-d-floatdp3:e47382cb80efc8b6	a64:semantic:instruction_form:fmadd-d-floatdp3:e47382cb80efc8b6	fmadd	other	0xffe08000	0x1f400000	FEAT_FP	ordinary_lowering|architecture_operation	wyst.a64.architecture-operations|wyst.a64.ordinary-lowering	Rd@0:5:0x1f:0x0|Rn@5:5:0x1f:0x0|Ra@10:5:0x1f:0x0|Rm@16:5:0x1f:0x0	none	fp:fd:d:0+5|fp:fn:d:5+5|fp:fm:d:16+5|fp:fa:d:10+5	plain	none	fd:fp64|fn:fp64|fm:fp64|fa:fp64	none	none	sha256:f607ec4fdd071bb7b092f3c750e0f9f579f4739e1b35467c908c78f8ce42c298
a64:encoding:fmadd-s-floatdp3:d156b3bad7b35ef8	a64:instruction_form:fmadd-s-floatdp3:d156b3bad7b35ef8	a64:semantic:instruction_form:fmadd-s-floatdp3:d156b3bad7b35ef8	fmadd	other	0xffe08000	0x1f000000	FEAT_FP	ordinary_lowering|architecture_operation	wyst.a64.architecture-operations|wyst.a64.ordinary-lowering	Rd@0:5:0x1f:0x0|Rn@5:5:0x1f:0x0|Ra@10:5:0x1f:0x0|Rm@16:5:0x1f:0x0	none	fp:fd:s:0+5|fp:fn:s:5+5|fp:fm:s:16+5|fp:fa:s:10+5	plain	none	fd:fp32|fn:fp32|fm:fp32|fa:fp32	none	none	sha256:f607ec4fdd071bb7b092f3c750e0f9f579f4739e1b35467c908c78f8ce42c298
a64:encoding:fmov-32s-float2int:47f040d2d0e44d1c	a64:instruction_form:fmov-32s-float2int:47f040d2d0e44d1c	a64:semantic:instruction_form:fmov-32s-float2int:47f040d2d0e44d1c	fmov	other	0xfffffc00	0x1e260000	FEAT_FP	ordinary_lowering|architecture_operation	wyst.a64.architecture-operations|wyst.a64.ordinary-lowering	Rd@0:5:0x1f:0x0|Rn@5:5:0x1f:0x0	none	gpr:rd:32:0+5:zr:none|fp:fn:s:5+5	plain	none	rd:gpr32|fn:fp32	none	none	sha256:f607ec4fdd071bb7b092f3c750e0f9f579f4739e1b35467c908c78f8ce42c298
a64:encoding:fmov-64d-float2int:833d0b1e0a16cb02	a64:instruction_form:fmov-64d-float2int:833d0b1e0a16cb02	a64:semantic:instruction_form:fmov-64d-float2int:833d0b1e0a16cb02	fmov	other	0xfffffc00	0x9e660000	FEAT_FP	ordinary_lowering|architecture_operation	wyst.a64.architecture-operations|wyst.a64.ordinary-lowering	Rd@0:5:0x1f:0x0|Rn@5:5:0x1f:0x0	none	gpr:rd:64:0+5:zr:none|fp:fn:d:5+5	plain	none	rd:gpr64|fn:fp64	none	none	sha256:f607ec4fdd071bb7b092f3c750e0f9f579f4739e1b35467c908c78f8ce42c298
a64:encoding:fmsub-d-floatdp3:2a6017ffd914bc17	a64:instruction_form:fmsub-d-floatdp3:2a6017ffd914bc17	a64:semantic:instruction_form:fmsub-d-floatdp3:2a6017ffd914bc17	fmsub	other	0xffe08000	0x1f408000	FEAT_FP	ordinary_lowering|architecture_operation	wyst.a64.architecture-operations|wyst.a64.ordinary-lowering	Rd@0:5:0x1f:0x0|Rn@5:5:0x1f:0x0|Ra@10:5:0x1f:0x0|Rm@16:5:0x1f:0x0	none	fp:fd:d:0+5|fp:fn:d:5+5|fp:fm:d:16+5|fp:fa:d:10+5	plain	none	fd:fp64|fn:fp64|fm:fp64|fa:fp64	none	none	sha256:f607ec4fdd071bb7b092f3c750e0f9f579f4739e1b35467c908c78f8ce42c298
a64:encoding:fmsub-s-floatdp3:46988ab2ef6a71df	a64:instruction_form:fmsub-s-floatdp3:46988ab2ef6a71df	a64:semantic:instruction_form:fmsub-s-floatdp3:46988ab2ef6a71df	fmsub	other	0xffe08000	0x1f008000	FEAT_FP	ordinary_lowering|architecture_operation	wyst.a64.architecture-operations|wyst.a64.ordinary-lowering	Rd@0:5:0x1f:0x0|Rn@5:5:0x1f:0x0|Ra@10:5:0x1f:0x0|Rm@16:5:0x1f:0x0	none	fp:fd:s:0+5|fp:fn:s:5+5|fp:fm:s:16+5|fp:fa:s:10+5	plain	none	fd:fp32|fn:fp32|fm:fp32|fa:fp32	none	none	sha256:f607ec4fdd071bb7b092f3c750e0f9f579f4739e1b35467c908c78f8ce42c298
a64:encoding:fmul-asimdsame-only:209fa372c22966da	a64:instruction_form:fmul-asimdsame-only:209fa372c22966da	a64:semantic:instruction_form:fmul-asimdsame-only:209fa372c22966da	fmul	other	0xbfa0fc00	0x2e20dc00	FEAT_AdvSIMD	ordinary_lowering|architecture_operation	wyst.a64.architecture-operations|wyst.a64.ordinary-lowering	Rd@0:5:0x1f:0x0|Rn@5:5:0x1f:0x0|Rm@16:5:0x1f:0x0|sz@22:1:0x1:0x0|Q@30:1:0x1:0x0	none	simd:vd:0+5:22+1,30+1:0=2s,1=4s,3=2d|simd:vn:5+5:22+1,30+1:0=2s,1=4s,3=2d|simd:vm:16+5:22+1,30+1:0=2s,1=4s,3=2d	plain	none	vd:simd|vn:simd|vm:simd	none	none	sha256:bf98b8bcb1ce7073600e82489c120a3ffd1f3310f5e22a2705d8331c1d255755
a64:encoding:fmul-d-floatdp2:81ac5ca0aaed4f2e	a64:instruction_form:fmul-d-floatdp2:81ac5ca0aaed4f2e	a64:semantic:instruction_form:fmul-d-floatdp2:81ac5ca0aaed4f2e	fmul	other	0xffe0fc00	0x1e600800	FEAT_FP	ordinary_lowering|architecture_operation	wyst.a64.architecture-operations|wyst.a64.ordinary-lowering	Rd@0:5:0x1f:0x0|Rn@5:5:0x1f:0x0|Rm@16:5:0x1f:0x0	none	fp:fd:d:0+5|fp:fn:d:5+5|fp:fm:d:16+5	plain	none	fd:fp64|fn:fp64|fm:fp64	none	none	sha256:f607ec4fdd071bb7b092f3c750e0f9f579f4739e1b35467c908c78f8ce42c298
a64:encoding:fmul-s-floatdp2:ea684145e7024373	a64:instruction_form:fmul-s-floatdp2:ea684145e7024373	a64:semantic:instruction_form:fmul-s-floatdp2:ea684145e7024373	fmul	other	0xffe0fc00	0x1e200800	FEAT_FP	ordinary_lowering|architecture_operation	wyst.a64.architecture-operations|wyst.a64.ordinary-lowering	Rd@0:5:0x1f:0x0|Rn@5:5:0x1f:0x0|Rm@16:5:0x1f:0x0	none	fp:fd:s:0+5|fp:fn:s:5+5|fp:fm:s:16+5	plain	none	fd:fp32|fn:fp32|fm:fp32	none	none	sha256:f607ec4fdd071bb7b092f3c750e0f9f579f4739e1b35467c908c78f8ce42c298
a64:encoding:fneg-asimdmisc-r:703812f8a083be9f	a64:instruction_form:fneg-asimdmisc-r:703812f8a083be9f	a64:semantic:instruction_form:fneg-asimdmisc-r:703812f8a083be9f	fneg	other	0xbfbffc00	0x2ea0f800	FEAT_AdvSIMD	ordinary_lowering|architecture_operation	wyst.a64.architecture-operations|wyst.a64.ordinary-lowering	Rd@0:5:0x1f:0x0|Rn@5:5:0x1f:0x0|sz@22:1:0x1:0x0|Q@30:1:0x1:0x0	none	simd:vd:0+5:22+1,30+1:0=2s,1=4s,3=2d|simd:vn:5+5:22+1,30+1:0=2s,1=4s,3=2d	plain	none	vd:simd|vn:simd	none	none	sha256:bf98b8bcb1ce7073600e82489c120a3ffd1f3310f5e22a2705d8331c1d255755
a64:encoding:fneg-d-floatdp1:54ab6f0b78b01d2f	a64:instruction_form:fneg-d-floatdp1:54ab6f0b78b01d2f	a64:semantic:instruction_form:fneg-d-floatdp1:54ab6f0b78b01d2f	fneg	other	0xfffffc00	0x1e614000	FEAT_FP	ordinary_lowering|architecture_operation	wyst.a64.architecture-operations|wyst.a64.ordinary-lowering	Rd@0:5:0x1f:0x0|Rn@5:5:0x1f:0x0	none	fp:fd:d:0+5|fp:fn:d:5+5	plain	none	fd:fp64|fn:fp64	none	none	sha256:f607ec4fdd071bb7b092f3c750e0f9f579f4739e1b35467c908c78f8ce42c298
a64:encoding:fneg-s-floatdp1:a2e0c9a1f445a617	a64:instruction_form:fneg-s-floatdp1:a2e0c9a1f445a617	a64:semantic:instruction_form:fneg-s-floatdp1:a2e0c9a1f445a617	fneg	other	0xfffffc00	0x1e214000	FEAT_FP	ordinary_lowering|architecture_operation	wyst.a64.architecture-operations|wyst.a64.ordinary-lowering	Rd@0:5:0x1f:0x0|Rn@5:5:0x1f:0x0	none	fp:fd:s:0+5|fp:fn:s:5+5	plain	none	fd:fp32|fn:fp32	none	none	sha256:f607ec4fdd071bb7b092f3c750e0f9f579f4739e1b35467c908c78f8ce42c298
a64:encoding:fsqrt-asimdmisc-r:26369062d80bfabc	a64:instruction_form:fsqrt-asimdmisc-r:26369062d80bfabc	a64:semantic:instruction_form:fsqrt-asimdmisc-r:26369062d80bfabc	fsqrt	other	0xbfbffc00	0x2ea1f800	FEAT_AdvSIMD	ordinary_lowering|architecture_operation	wyst.a64.architecture-operations|wyst.a64.ordinary-lowering	Rd@0:5:0x1f:0x0|Rn@5:5:0x1f:0x0|sz@22:1:0x1:0x0|Q@30:1:0x1:0x0	none	simd:vd:0+5:22+1,30+1:0=2s,1=4s,3=2d|simd:vn:5+5:22+1,30+1:0=2s,1=4s,3=2d	plain	none	vd:simd|vn:simd	none	none	sha256:bf98b8bcb1ce7073600e82489c120a3ffd1f3310f5e22a2705d8331c1d255755
a64:encoding:fsub-asimdsame-only:fa924ed4cc828bfb	a64:instruction_form:fsub-asimdsame-only:fa924ed4cc828bfb	a64:semantic:instruction_form:fsub-asimdsame-only:fa924ed4cc828bfb	fsub	other	0xbfa0fc00	0x0ea0d400	FEAT_AdvSIMD	ordinary_lowering|architecture_operation	wyst.a64.architecture-operations|wyst.a64.ordinary-lowering	Rd@0:5:0x1f:0x0|Rn@5:5:0x1f:0x0|Rm@16:5:0x1f:0x0|sz@22:1:0x1:0x0|Q@30:1:0x1:0x0	none	simd:vd:0+5:22+1,30+1:0=2s,1=4s,3=2d|simd:vn:5+5:22+1,30+1:0=2s,1=4s,3=2d|simd:vm:16+5:22+1,30+1:0=2s,1=4s,3=2d	plain	none	vd:simd|vn:simd|vm:simd	none	none	sha256:bf98b8bcb1ce7073600e82489c120a3ffd1f3310f5e22a2705d8331c1d255755
a64:encoding:fsub-d-floatdp2:9b327a983ae77a84	a64:instruction_form:fsub-d-floatdp2:9b327a983ae77a84	a64:semantic:instruction_form:fsub-d-floatdp2:9b327a983ae77a84	fsub	other	0xffe0fc00	0x1e603800	FEAT_FP	ordinary_lowering|architecture_operation	wyst.a64.architecture-operations|wyst.a64.ordinary-lowering	Rd@0:5:0x1f:0x0|Rn@5:5:0x1f:0x0|Rm@16:5:0x1f:0x0	none	fp:fd:d:0+5|fp:fn:d:5+5|fp:fm:d:16+5	plain	none	fd:fp64|fn:fp64|fm:fp64	none	none	sha256:f607ec4fdd071bb7b092f3c750e0f9f579f4739e1b35467c908c78f8ce42c298
a64:encoding:fsub-s-floatdp2:5551f1220b46e71e	a64:instruction_form:fsub-s-floatdp2:5551f1220b46e71e	a64:semantic:instruction_form:fsub-s-floatdp2:5551f1220b46e71e	fsub	other	0xffe0fc00	0x1e203800	FEAT_FP	ordinary_lowering|architecture_operation	wyst.a64.architecture-operations|wyst.a64.ordinary-lowering	Rd@0:5:0x1f:0x0|Rn@5:5:0x1f:0x0|Rm@16:5:0x1f:0x0	none	fp:fd:s:0+5|fp:fn:s:5+5|fp:fm:s:16+5	plain	none	fd:fp32|fn:fp32|fm:fp32	none	none	sha256:f607ec4fdd071bb7b092f3c750e0f9f579f4739e1b35467c908c78f8ce42c298
a64:encoding:hlt-ex-exception:c1e067d4a0304a0c	a64:instruction_form:hlt-ex-exception:c1e067d4a0304a0c	a64:semantic:instruction_form:hlt-ex-exception:c1e067d4a0304a0c	hlt	other	0xffe0001f	0xd4400000	base	ordinary_lowering|architecture_operation	wyst.a64.architecture-operations|wyst.a64.ordinary-lowering	imm16@5:16:0xffff:0x0	none	uimm:imm16:5+16:1	plain	none	imm16:u16	none	none	sha256:3f3e8c0ebb34eeb59b973d8c6b666af50137c2d7825c63003348002d7b0a1d8f
a64:encoding:hvc-ex-exception:9f10adcfe451b48d	a64:instruction_form:hvc-ex-exception:9f10adcfe451b48d	a64:semantic:instruction_form:hvc-ex-exception:9f10adcfe451b48d	hvc	other	0xffe0001f	0xd4000002	base	ordinary_lowering|architecture_operation	wyst.a64.architecture-operations|wyst.a64.ordinary-lowering	imm16@5:16:0xffff:0x0	none	uimm:imm16:5+16:1	plain	none	imm16:u16	none	none	sha256:3f3e8c0ebb34eeb59b973d8c6b666af50137c2d7825c63003348002d7b0a1d8f
a64:encoding:isb-bi-barriers:4a5d09041cb0d0ce	a64:instruction_form:isb-bi-barriers:4a5d09041cb0d0ce	a64:semantic:instruction_form:isb-bi-barriers:4a5d09041cb0d0ce	isb	system	0xfffff0ff	0xd50330df	base	ordinary_lowering|architecture_operation	wyst.a64.architecture-operations|wyst.a64.ordinary-lowering	CRm@8:4:0xf:0x0	none	uimm:hidden:8+4:1	plain	none	none	none	none	sha256:3f3e8c0ebb34eeb59b973d8c6b666af50137c2d7825c63003348002d7b0a1d8f
a64:encoding:ldadd-32-memop:212a33fb996e9f19	a64:instruction_form:ldadd-32-memop:212a33fb996e9f19	a64:semantic:instruction_form:ldadd-32-memop:212a33fb996e9f19	ldadd	load-store	0xffe0fc00	0xb8200000	FEAT_LSE	ordinary_lowering|architecture_operation	wyst.a64.architecture-operations|wyst.a64.ordinary-lowering	Rt@0:5:0x1f:0x0|Rn@5:5:0x1f:0x0|Rs@16:5:0x1f:0x0	none	gpr:rs_value:32:16+5:zr:none|gpr:rt_prior:32:0+5:zr:none|address:rn:5+5:sp	memory_base	none	rs_value:gpr32|rt_prior:gpr32|rn:address	rn=xn_or_sp;rn31=sp;rs_value=wt_or_wzr;rs_value31=constant_zero_from_wzr;rt_prior=wt_or_wzr;rt_prior31=discarded_write_to_wzr	none	sha256:78acc79118ff687b37748262e911b262e2ded1da7f09bbc93500099b7a564bba
a64:encoding:ldadd-64-memop:edacab8579b9e91e	a64:instruction_form:ldadd-64-memop:edacab8579b9e91e	a64:semantic:instruction_form:ldadd-64-memop:edacab8579b9e91e	ldadd	load-store	0xffe0fc00	0xf8200000	FEAT_LSE	ordinary_lowering|architecture_operation	wyst.a64.architecture-operations|wyst.a64.ordinary-lowering	Rt@0:5:0x1f:0x0|Rn@5:5:0x1f:0x0|Rs@16:5:0x1f:0x0	none	gpr:rs_value:64:16+5:zr:none|gpr:rt_prior:64:0+5:zr:none|address:rn:5+5:sp	memory_base	none	rs_value:gpr64|rt_prior:gpr64|rn:address	rn=xn_or_sp;rn31=sp;rs_value=xt_or_xzr;rs_value31=constant_zero_from_xzr;rt_prior=xt_or_xzr;rt_prior31=discarded_write_to_xzr	none	sha256:78acc79118ff687b37748262e911b262e2ded1da7f09bbc93500099b7a564bba
a64:encoding:ldadda-32-memop:4a3912677efc1486	a64:instruction_form:ldadda-32-memop:4a3912677efc1486	a64:semantic:instruction_form:ldadda-32-memop:4a3912677efc1486	ldadda	load-store	0xffe0fc00	0xb8a00000	FEAT_LSE	ordinary_lowering|architecture_operation	wyst.a64.architecture-operations|wyst.a64.ordinary-lowering	Rt@0:5:0x1f:0x0|Rn@5:5:0x1f:0x0|Rs@16:5:0x1f:0x0	none	gpr:rs_value:32:16+5:zr:none|gpr:rt_prior:32:0+5:zr:none|address:rn:5+5:sp	memory_base	none	rs_value:gpr32|rt_prior:gpr32|rn:address	rn=xn_or_sp;rn31=sp;rs_value=wt_or_wzr;rs_value31=constant_zero_from_wzr;rt_prior=wt_or_wzr;rt_prior31=discarded_write_to_wzr	none	sha256:78acc79118ff687b37748262e911b262e2ded1da7f09bbc93500099b7a564bba
a64:encoding:ldadda-64-memop:4af9ebfbc15e912f	a64:instruction_form:ldadda-64-memop:4af9ebfbc15e912f	a64:semantic:instruction_form:ldadda-64-memop:4af9ebfbc15e912f	ldadda	load-store	0xffe0fc00	0xf8a00000	FEAT_LSE	ordinary_lowering|architecture_operation	wyst.a64.architecture-operations|wyst.a64.ordinary-lowering	Rt@0:5:0x1f:0x0|Rn@5:5:0x1f:0x0|Rs@16:5:0x1f:0x0	none	gpr:rs_value:64:16+5:zr:none|gpr:rt_prior:64:0+5:zr:none|address:rn:5+5:sp	memory_base	none	rs_value:gpr64|rt_prior:gpr64|rn:address	rn=xn_or_sp;rn31=sp;rs_value=xt_or_xzr;rs_value31=constant_zero_from_xzr;rt_prior=xt_or_xzr;rt_prior31=discarded_write_to_xzr	none	sha256:78acc79118ff687b37748262e911b262e2ded1da7f09bbc93500099b7a564bba
a64:encoding:ldaddab-32-memop:64b6f5310292b3a8	a64:instruction_form:ldaddab-32-memop:64b6f5310292b3a8	a64:semantic:instruction_form:ldaddab-32-memop:64b6f5310292b3a8	ldaddab	load-store	0xffe0fc00	0x38a00000	FEAT_LSE	ordinary_lowering|architecture_operation	wyst.a64.architecture-operations|wyst.a64.ordinary-lowering	Rt@0:5:0x1f:0x0|Rn@5:5:0x1f:0x0|Rs@16:5:0x1f:0x0	none	gpr:rs_value:32:16+5:zr:none|gpr:rt_prior:32:0+5:zr:none|address:rn:5+5:sp	memory_base	none	rs_value:gpr32|rt_prior:gpr32|rn:address	rn=xn_or_sp;rn31=sp;rs_value=wt_or_wzr;rs_value31=constant_zero_from_wzr;rt_prior=wt_or_wzr;rt_prior31=discarded_write_to_wzr	none	sha256:78acc79118ff687b37748262e911b262e2ded1da7f09bbc93500099b7a564bba
a64:encoding:ldaddah-32-memop:39e9108e317f3452	a64:instruction_form:ldaddah-32-memop:39e9108e317f3452	a64:semantic:instruction_form:ldaddah-32-memop:39e9108e317f3452	ldaddah	load-store	0xffe0fc00	0x78a00000	FEAT_LSE	ordinary_lowering|architecture_operation	wyst.a64.architecture-operations|wyst.a64.ordinary-lowering	Rt@0:5:0x1f:0x0|Rn@5:5:0x1f:0x0|Rs@16:5:0x1f:0x0	none	gpr:rs_value:32:16+5:zr:none|gpr:rt_prior:32:0+5:zr:none|address:rn:5+5:sp	memory_base	none	rs_value:gpr32|rt_prior:gpr32|rn:address	rn=xn_or_sp;rn31=sp;rs_value=wt_or_wzr;rs_value31=constant_zero_from_wzr;rt_prior=wt_or_wzr;rt_prior31=discarded_write_to_wzr	none	sha256:78acc79118ff687b37748262e911b262e2ded1da7f09bbc93500099b7a564bba
a64:encoding:ldaddal-32-memop:98ee9adaeaea0636	a64:instruction_form:ldaddal-32-memop:98ee9adaeaea0636	a64:semantic:instruction_form:ldaddal-32-memop:98ee9adaeaea0636	ldaddal	load-store	0xffe0fc00	0xb8e00000	FEAT_LSE	ordinary_lowering|architecture_operation	wyst.a64.architecture-operations|wyst.a64.ordinary-lowering	Rt@0:5:0x1f:0x0|Rn@5:5:0x1f:0x0|Rs@16:5:0x1f:0x0	none	gpr:rs_value:32:16+5:zr:none|gpr:rt_prior:32:0+5:zr:none|address:rn:5+5:sp	memory_base	none	rs_value:gpr32|rt_prior:gpr32|rn:address	rn=xn_or_sp;rn31=sp;rs_value=wt_or_wzr;rs_value31=constant_zero_from_wzr;rt_prior=wt_or_wzr;rt_prior31=discarded_write_to_wzr	none	sha256:78acc79118ff687b37748262e911b262e2ded1da7f09bbc93500099b7a564bba
a64:encoding:ldaddal-64-memop:af1d93d1538d02d9	a64:instruction_form:ldaddal-64-memop:af1d93d1538d02d9	a64:semantic:instruction_form:ldaddal-64-memop:af1d93d1538d02d9	ldaddal	load-store	0xffe0fc00	0xf8e00000	FEAT_LSE	ordinary_lowering|architecture_operation	wyst.a64.architecture-operations|wyst.a64.ordinary-lowering	Rt@0:5:0x1f:0x0|Rn@5:5:0x1f:0x0|Rs@16:5:0x1f:0x0	none	gpr:rs_value:64:16+5:zr:none|gpr:rt_prior:64:0+5:zr:none|address:rn:5+5:sp	memory_base	none	rs_value:gpr64|rt_prior:gpr64|rn:address	rn=xn_or_sp;rn31=sp;rs_value=xt_or_xzr;rs_value31=constant_zero_from_xzr;rt_prior=xt_or_xzr;rt_prior31=discarded_write_to_xzr	none	sha256:78acc79118ff687b37748262e911b262e2ded1da7f09bbc93500099b7a564bba
a64:encoding:ldaddalb-32-memop:de918816c94caac2	a64:instruction_form:ldaddalb-32-memop:de918816c94caac2	a64:semantic:instruction_form:ldaddalb-32-memop:de918816c94caac2	ldaddalb	load-store	0xffe0fc00	0x38e00000	FEAT_LSE	ordinary_lowering|architecture_operation	wyst.a64.architecture-operations|wyst.a64.ordinary-lowering	Rt@0:5:0x1f:0x0|Rn@5:5:0x1f:0x0|Rs@16:5:0x1f:0x0	none	gpr:rs_value:32:16+5:zr:none|gpr:rt_prior:32:0+5:zr:none|address:rn:5+5:sp	memory_base	none	rs_value:gpr32|rt_prior:gpr32|rn:address	rn=xn_or_sp;rn31=sp;rs_value=wt_or_wzr;rs_value31=constant_zero_from_wzr;rt_prior=wt_or_wzr;rt_prior31=discarded_write_to_wzr	none	sha256:78acc79118ff687b37748262e911b262e2ded1da7f09bbc93500099b7a564bba
a64:encoding:ldaddalh-32-memop:6cb7bfa7d4492357	a64:instruction_form:ldaddalh-32-memop:6cb7bfa7d4492357	a64:semantic:instruction_form:ldaddalh-32-memop:6cb7bfa7d4492357	ldaddalh	load-store	0xffe0fc00	0x78e00000	FEAT_LSE	ordinary_lowering|architecture_operation	wyst.a64.architecture-operations|wyst.a64.ordinary-lowering	Rt@0:5:0x1f:0x0|Rn@5:5:0x1f:0x0|Rs@16:5:0x1f:0x0	none	gpr:rs_value:32:16+5:zr:none|gpr:rt_prior:32:0+5:zr:none|address:rn:5+5:sp	memory_base	none	rs_value:gpr32|rt_prior:gpr32|rn:address	rn=xn_or_sp;rn31=sp;rs_value=wt_or_wzr;rs_value31=constant_zero_from_wzr;rt_prior=wt_or_wzr;rt_prior31=discarded_write_to_wzr	none	sha256:78acc79118ff687b37748262e911b262e2ded1da7f09bbc93500099b7a564bba
a64:encoding:ldaddb-32-memop:1f78e7a1b8cc8cdd	a64:instruction_form:ldaddb-32-memop:1f78e7a1b8cc8cdd	a64:semantic:instruction_form:ldaddb-32-memop:1f78e7a1b8cc8cdd	ldaddb	load-store	0xffe0fc00	0x38200000	FEAT_LSE	ordinary_lowering|architecture_operation	wyst.a64.architecture-operations|wyst.a64.ordinary-lowering	Rt@0:5:0x1f:0x0|Rn@5:5:0x1f:0x0|Rs@16:5:0x1f:0x0	none	gpr:rs_value:32:16+5:zr:none|gpr:rt_prior:32:0+5:zr:none|address:rn:5+5:sp	memory_base	none	rs_value:gpr32|rt_prior:gpr32|rn:address	rn=xn_or_sp;rn31=sp;rs_value=wt_or_wzr;rs_value31=constant_zero_from_wzr;rt_prior=wt_or_wzr;rt_prior31=discarded_write_to_wzr	none	sha256:78acc79118ff687b37748262e911b262e2ded1da7f09bbc93500099b7a564bba
a64:encoding:ldaddh-32-memop:70121d8e3d0c7e76	a64:instruction_form:ldaddh-32-memop:70121d8e3d0c7e76	a64:semantic:instruction_form:ldaddh-32-memop:70121d8e3d0c7e76	ldaddh	load-store	0xffe0fc00	0x78200000	FEAT_LSE	ordinary_lowering|architecture_operation	wyst.a64.architecture-operations|wyst.a64.ordinary-lowering	Rt@0:5:0x1f:0x0|Rn@5:5:0x1f:0x0|Rs@16:5:0x1f:0x0	none	gpr:rs_value:32:16+5:zr:none|gpr:rt_prior:32:0+5:zr:none|address:rn:5+5:sp	memory_base	none	rs_value:gpr32|rt_prior:gpr32|rn:address	rn=xn_or_sp;rn31=sp;rs_value=wt_or_wzr;rs_value31=constant_zero_from_wzr;rt_prior=wt_or_wzr;rt_prior31=discarded_write_to_wzr	none	sha256:78acc79118ff687b37748262e911b262e2ded1da7f09bbc93500099b7a564bba
a64:encoding:ldaddl-32-memop:69b756d36a66ebd9	a64:instruction_form:ldaddl-32-memop:69b756d36a66ebd9	a64:semantic:instruction_form:ldaddl-32-memop:69b756d36a66ebd9	ldaddl	load-store	0xffe0fc00	0xb8600000	FEAT_LSE	ordinary_lowering|architecture_operation	wyst.a64.architecture-operations|wyst.a64.ordinary-lowering	Rt@0:5:0x1f:0x0|Rn@5:5:0x1f:0x0|Rs@16:5:0x1f:0x0	none	gpr:rs_value:32:16+5:zr:none|gpr:rt_prior:32:0+5:zr:none|address:rn:5+5:sp	memory_base	none	rs_value:gpr32|rt_prior:gpr32|rn:address	rn=xn_or_sp;rn31=sp;rs_value=wt_or_wzr;rs_value31=constant_zero_from_wzr;rt_prior=wt_or_wzr;rt_prior31=discarded_write_to_wzr	none	sha256:78acc79118ff687b37748262e911b262e2ded1da7f09bbc93500099b7a564bba
a64:encoding:ldaddl-64-memop:fe89333e3bc7f13e	a64:instruction_form:ldaddl-64-memop:fe89333e3bc7f13e	a64:semantic:instruction_form:ldaddl-64-memop:fe89333e3bc7f13e	ldaddl	load-store	0xffe0fc00	0xf8600000	FEAT_LSE	ordinary_lowering|architecture_operation	wyst.a64.architecture-operations|wyst.a64.ordinary-lowering	Rt@0:5:0x1f:0x0|Rn@5:5:0x1f:0x0|Rs@16:5:0x1f:0x0	none	gpr:rs_value:64:16+5:zr:none|gpr:rt_prior:64:0+5:zr:none|address:rn:5+5:sp	memory_base	none	rs_value:gpr64|rt_prior:gpr64|rn:address	rn=xn_or_sp;rn31=sp;rs_value=xt_or_xzr;rs_value31=constant_zero_from_xzr;rt_prior=xt_or_xzr;rt_prior31=discarded_write_to_xzr	none	sha256:78acc79118ff687b37748262e911b262e2ded1da7f09bbc93500099b7a564bba
a64:encoding:ldaddlb-32-memop:97c1bb85eb68697d	a64:instruction_form:ldaddlb-32-memop:97c1bb85eb68697d	a64:semantic:instruction_form:ldaddlb-32-memop:97c1bb85eb68697d	ldaddlb	load-store	0xffe0fc00	0x38600000	FEAT_LSE	ordinary_lowering|architecture_operation	wyst.a64.architecture-operations|wyst.a64.ordinary-lowering	Rt@0:5:0x1f:0x0|Rn@5:5:0x1f:0x0|Rs@16:5:0x1f:0x0	none	gpr:rs_value:32:16+5:zr:none|gpr:rt_prior:32:0+5:zr:none|address:rn:5+5:sp	memory_base	none	rs_value:gpr32|rt_prior:gpr32|rn:address	rn=xn_or_sp;rn31=sp;rs_value=wt_or_wzr;rs_value31=constant_zero_from_wzr;rt_prior=wt_or_wzr;rt_prior31=discarded_write_to_wzr	none	sha256:78acc79118ff687b37748262e911b262e2ded1da7f09bbc93500099b7a564bba
a64:encoding:ldaddlh-32-memop:d3ae5182f2cbdbc0	a64:instruction_form:ldaddlh-32-memop:d3ae5182f2cbdbc0	a64:semantic:instruction_form:ldaddlh-32-memop:d3ae5182f2cbdbc0	ldaddlh	load-store	0xffe0fc00	0x78600000	FEAT_LSE	ordinary_lowering|architecture_operation	wyst.a64.architecture-operations|wyst.a64.ordinary-lowering	Rt@0:5:0x1f:0x0|Rn@5:5:0x1f:0x0|Rs@16:5:0x1f:0x0	none	gpr:rs_value:32:16+5:zr:none|gpr:rt_prior:32:0+5:zr:none|address:rn:5+5:sp	memory_base	none	rs_value:gpr32|rt_prior:gpr32|rn:address	rn=xn_or_sp;rn31=sp;rs_value=wt_or_wzr;rs_value31=constant_zero_from_wzr;rt_prior=wt_or_wzr;rt_prior31=discarded_write_to_wzr	none	sha256:78acc79118ff687b37748262e911b262e2ded1da7f09bbc93500099b7a564bba
a64:encoding:ldar-lr32-ldstord:7e67d5c57cf23e29	a64:instruction_form:ldar-lr32-ldstord:7e67d5c57cf23e29	a64:semantic:instruction_form:ldar-lr32-ldstord:7e67d5c57cf23e29	ldar	load-store	0xfffffc00	0x88dffc00	base	ordinary_lowering|architecture_operation	wyst.a64.architecture-operations|wyst.a64.ordinary-lowering	Rt@0:5:0x1f:0x0|Rn@5:5:0x1f:0x0	none	gpr:rt_result:32:0+5:zr:none|address:rn:5+5:sp	memory_base	none	rt_result:gpr32|rn:address	rn=xn_or_sp;rn31=sp;rt_result=wt_or_wzr;rt_result31=discarded_write_to_wzr	none	sha256:3f3e8c0ebb34eeb59b973d8c6b666af50137c2d7825c63003348002d7b0a1d8f
a64:encoding:ldar-lr64-ldstord:26aaeb39afdd8fe4	a64:instruction_form:ldar-lr64-ldstord:26aaeb39afdd8fe4	a64:semantic:instruction_form:ldar-lr64-ldstord:26aaeb39afdd8fe4	ldar	load-store	0xfffffc00	0xc8dffc00	base	ordinary_lowering|architecture_operation	wyst.a64.architecture-operations|wyst.a64.ordinary-lowering	Rt@0:5:0x1f:0x0|Rn@5:5:0x1f:0x0	none	gpr:rt_result:64:0+5:zr:none|address:rn:5+5:sp	memory_base	none	rt_result:gpr64|rn:address	rn=xn_or_sp;rn31=sp;rt_result=xt_or_xzr;rt_result31=discarded_write_to_xzr	none	sha256:3f3e8c0ebb34eeb59b973d8c6b666af50137c2d7825c63003348002d7b0a1d8f
a64:encoding:ldarb-lr32-ldstord:454e533784e8b630	a64:instruction_form:ldarb-lr32-ldstord:454e533784e8b630	a64:semantic:instruction_form:ldarb-lr32-ldstord:454e533784e8b630	ldarb	load-store	0xfffffc00	0x08dffc00	base	ordinary_lowering|architecture_operation	wyst.a64.architecture-operations|wyst.a64.ordinary-lowering	Rt@0:5:0x1f:0x0|Rn@5:5:0x1f:0x0	none	gpr:rt_result:32:0+5:zr:none|address:rn:5+5:sp	memory_base	none	rt_result:gpr32|rn:address	rn=xn_or_sp;rn31=sp;rt_result=wt_or_wzr;rt_result31=discarded_write_to_wzr	none	sha256:3f3e8c0ebb34eeb59b973d8c6b666af50137c2d7825c63003348002d7b0a1d8f
a64:encoding:ldarh-lr32-ldstord:f0e16a631f995894	a64:instruction_form:ldarh-lr32-ldstord:f0e16a631f995894	a64:semantic:instruction_form:ldarh-lr32-ldstord:f0e16a631f995894	ldarh	load-store	0xfffffc00	0x48dffc00	base	ordinary_lowering|architecture_operation	wyst.a64.architecture-operations|wyst.a64.ordinary-lowering	Rt@0:5:0x1f:0x0|Rn@5:5:0x1f:0x0	none	gpr:rt_result:32:0+5:zr:none|address:rn:5+5:sp	memory_base	none	rt_result:gpr32|rn:address	rn=xn_or_sp;rn31=sp;rt_result=wt_or_wzr;rt_result31=discarded_write_to_wzr	none	sha256:3f3e8c0ebb34eeb59b973d8c6b666af50137c2d7825c63003348002d7b0a1d8f
a64:encoding:ldaxr-lr32-ldstexclr:4fe79f0e26f5333a	a64:instruction_form:ldaxr-lr32-ldstexclr:4fe79f0e26f5333a	a64:semantic:instruction_form:ldaxr-lr32-ldstexclr:4fe79f0e26f5333a	ldaxr	load-store	0xfffffc00	0x885ffc00	base	ordinary_lowering|architecture_operation	wyst.a64.architecture-operations|wyst.a64.ordinary-lowering	Rt@0:5:0x1f:0x0|Rn@5:5:0x1f:0x0	none	gpr:rt_result:32:0+5:zr:none|address:rn:5+5:sp	memory_base	none	rt_result:gpr32|rn:address	rn=xn_or_sp;rn31=sp;rt_result=wt_or_wzr;rt_result31=discarded_write_to_wzr	none	sha256:3f3e8c0ebb34eeb59b973d8c6b666af50137c2d7825c63003348002d7b0a1d8f
a64:encoding:ldaxr-lr64-ldstexclr:d8ee5b888767e4f7	a64:instruction_form:ldaxr-lr64-ldstexclr:d8ee5b888767e4f7	a64:semantic:instruction_form:ldaxr-lr64-ldstexclr:d8ee5b888767e4f7	ldaxr	load-store	0xfffffc00	0xc85ffc00	base	ordinary_lowering|architecture_operation	wyst.a64.architecture-operations|wyst.a64.ordinary-lowering	Rt@0:5:0x1f:0x0|Rn@5:5:0x1f:0x0	none	gpr:rt_result:64:0+5:zr:none|address:rn:5+5:sp	memory_base	none	rt_result:gpr64|rn:address	rn=xn_or_sp;rn31=sp;rt_result=xt_or_xzr;rt_result31=discarded_write_to_xzr	none	sha256:3f3e8c0ebb34eeb59b973d8c6b666af50137c2d7825c63003348002d7b0a1d8f
a64:encoding:ldaxrb-lr32-ldstexclr:8e59d2b4d56eaa76	a64:instruction_form:ldaxrb-lr32-ldstexclr:8e59d2b4d56eaa76	a64:semantic:instruction_form:ldaxrb-lr32-ldstexclr:8e59d2b4d56eaa76	ldaxrb	load-store	0xfffffc00	0x085ffc00	base	ordinary_lowering|architecture_operation	wyst.a64.architecture-operations|wyst.a64.ordinary-lowering	Rt@0:5:0x1f:0x0|Rn@5:5:0x1f:0x0	none	gpr:rt_result:32:0+5:zr:none|address:rn:5+5:sp	memory_base	none	rt_result:gpr32|rn:address	rn=xn_or_sp;rn31=sp;rt_result=wt_or_wzr;rt_result31=discarded_write_to_wzr	none	sha256:3f3e8c0ebb34eeb59b973d8c6b666af50137c2d7825c63003348002d7b0a1d8f
a64:encoding:ldaxrh-lr32-ldstexclr:922906d28f6531a8	a64:instruction_form:ldaxrh-lr32-ldstexclr:922906d28f6531a8	a64:semantic:instruction_form:ldaxrh-lr32-ldstexclr:922906d28f6531a8	ldaxrh	load-store	0xfffffc00	0x485ffc00	base	ordinary_lowering|architecture_operation	wyst.a64.architecture-operations|wyst.a64.ordinary-lowering	Rt@0:5:0x1f:0x0|Rn@5:5:0x1f:0x0	none	gpr:rt_result:32:0+5:zr:none|address:rn:5+5:sp	memory_base	none	rt_result:gpr32|rn:address	rn=xn_or_sp;rn31=sp;rt_result=wt_or_wzr;rt_result31=discarded_write_to_wzr	none	sha256:3f3e8c0ebb34eeb59b973d8c6b666af50137c2d7825c63003348002d7b0a1d8f
a64:encoding:ldclr-32-memop:41cb48f2d5328294	a64:instruction_form:ldclr-32-memop:41cb48f2d5328294	a64:semantic:instruction_form:ldclr-32-memop:41cb48f2d5328294	ldclr	load-store	0xffe0fc00	0xb8201000	FEAT_LSE	ordinary_lowering|architecture_operation	wyst.a64.architecture-operations|wyst.a64.ordinary-lowering	Rt@0:5:0x1f:0x0|Rn@5:5:0x1f:0x0|Rs@16:5:0x1f:0x0	none	gpr:rs_value:32:16+5:zr:none|gpr:rt_prior:32:0+5:zr:none|address:rn:5+5:sp	memory_base	none	rs_value:gpr32|rt_prior:gpr32|rn:address	rn=xn_or_sp;rn31=sp;rs_value=wt_or_wzr;rs_value31=constant_zero_from_wzr;rt_prior=wt_or_wzr;rt_prior31=discarded_write_to_wzr	none	sha256:78acc79118ff687b37748262e911b262e2ded1da7f09bbc93500099b7a564bba
a64:encoding:ldclr-64-memop:56753736df45c15e	a64:instruction_form:ldclr-64-memop:56753736df45c15e	a64:semantic:instruction_form:ldclr-64-memop:56753736df45c15e	ldclr	load-store	0xffe0fc00	0xf8201000	FEAT_LSE	ordinary_lowering|architecture_operation	wyst.a64.architecture-operations|wyst.a64.ordinary-lowering	Rt@0:5:0x1f:0x0|Rn@5:5:0x1f:0x0|Rs@16:5:0x1f:0x0	none	gpr:rs_value:64:16+5:zr:none|gpr:rt_prior:64:0+5:zr:none|address:rn:5+5:sp	memory_base	none	rs_value:gpr64|rt_prior:gpr64|rn:address	rn=xn_or_sp;rn31=sp;rs_value=xt_or_xzr;rs_value31=constant_zero_from_xzr;rt_prior=xt_or_xzr;rt_prior31=discarded_write_to_xzr	none	sha256:78acc79118ff687b37748262e911b262e2ded1da7f09bbc93500099b7a564bba
a64:encoding:ldclra-32-memop:5e767181c901efeb	a64:instruction_form:ldclra-32-memop:5e767181c901efeb	a64:semantic:instruction_form:ldclra-32-memop:5e767181c901efeb	ldclra	load-store	0xffe0fc00	0xb8a01000	FEAT_LSE	ordinary_lowering|architecture_operation	wyst.a64.architecture-operations|wyst.a64.ordinary-lowering	Rt@0:5:0x1f:0x0|Rn@5:5:0x1f:0x0|Rs@16:5:0x1f:0x0	none	gpr:rs_value:32:16+5:zr:none|gpr:rt_prior:32:0+5:zr:none|address:rn:5+5:sp	memory_base	none	rs_value:gpr32|rt_prior:gpr32|rn:address	rn=xn_or_sp;rn31=sp;rs_value=wt_or_wzr;rs_value31=constant_zero_from_wzr;rt_prior=wt_or_wzr;rt_prior31=discarded_write_to_wzr	none	sha256:78acc79118ff687b37748262e911b262e2ded1da7f09bbc93500099b7a564bba
a64:encoding:ldclra-64-memop:20f9af899cddfdcb	a64:instruction_form:ldclra-64-memop:20f9af899cddfdcb	a64:semantic:instruction_form:ldclra-64-memop:20f9af899cddfdcb	ldclra	load-store	0xffe0fc00	0xf8a01000	FEAT_LSE	ordinary_lowering|architecture_operation	wyst.a64.architecture-operations|wyst.a64.ordinary-lowering	Rt@0:5:0x1f:0x0|Rn@5:5:0x1f:0x0|Rs@16:5:0x1f:0x0	none	gpr:rs_value:64:16+5:zr:none|gpr:rt_prior:64:0+5:zr:none|address:rn:5+5:sp	memory_base	none	rs_value:gpr64|rt_prior:gpr64|rn:address	rn=xn_or_sp;rn31=sp;rs_value=xt_or_xzr;rs_value31=constant_zero_from_xzr;rt_prior=xt_or_xzr;rt_prior31=discarded_write_to_xzr	none	sha256:78acc79118ff687b37748262e911b262e2ded1da7f09bbc93500099b7a564bba
a64:encoding:ldclrab-32-memop:d47ef3b63c17a39e	a64:instruction_form:ldclrab-32-memop:d47ef3b63c17a39e	a64:semantic:instruction_form:ldclrab-32-memop:d47ef3b63c17a39e	ldclrab	load-store	0xffe0fc00	0x38a01000	FEAT_LSE	ordinary_lowering|architecture_operation	wyst.a64.architecture-operations|wyst.a64.ordinary-lowering	Rt@0:5:0x1f:0x0|Rn@5:5:0x1f:0x0|Rs@16:5:0x1f:0x0	none	gpr:rs_value:32:16+5:zr:none|gpr:rt_prior:32:0+5:zr:none|address:rn:5+5:sp	memory_base	none	rs_value:gpr32|rt_prior:gpr32|rn:address	rn=xn_or_sp;rn31=sp;rs_value=wt_or_wzr;rs_value31=constant_zero_from_wzr;rt_prior=wt_or_wzr;rt_prior31=discarded_write_to_wzr	none	sha256:78acc79118ff687b37748262e911b262e2ded1da7f09bbc93500099b7a564bba
a64:encoding:ldclrah-32-memop:6df3995b31a44b59	a64:instruction_form:ldclrah-32-memop:6df3995b31a44b59	a64:semantic:instruction_form:ldclrah-32-memop:6df3995b31a44b59	ldclrah	load-store	0xffe0fc00	0x78a01000	FEAT_LSE	ordinary_lowering|architecture_operation	wyst.a64.architecture-operations|wyst.a64.ordinary-lowering	Rt@0:5:0x1f:0x0|Rn@5:5:0x1f:0x0|Rs@16:5:0x1f:0x0	none	gpr:rs_value:32:16+5:zr:none|gpr:rt_prior:32:0+5:zr:none|address:rn:5+5:sp	memory_base	none	rs_value:gpr32|rt_prior:gpr32|rn:address	rn=xn_or_sp;rn31=sp;rs_value=wt_or_wzr;rs_value31=constant_zero_from_wzr;rt_prior=wt_or_wzr;rt_prior31=discarded_write_to_wzr	none	sha256:78acc79118ff687b37748262e911b262e2ded1da7f09bbc93500099b7a564bba
a64:encoding:ldclral-32-memop:71db5839ad6d7596	a64:instruction_form:ldclral-32-memop:71db5839ad6d7596	a64:semantic:instruction_form:ldclral-32-memop:71db5839ad6d7596	ldclral	load-store	0xffe0fc00	0xb8e01000	FEAT_LSE	ordinary_lowering|architecture_operation	wyst.a64.architecture-operations|wyst.a64.ordinary-lowering	Rt@0:5:0x1f:0x0|Rn@5:5:0x1f:0x0|Rs@16:5:0x1f:0x0	none	gpr:rs_value:32:16+5:zr:none|gpr:rt_prior:32:0+5:zr:none|address:rn:5+5:sp	memory_base	none	rs_value:gpr32|rt_prior:gpr32|rn:address	rn=xn_or_sp;rn31=sp;rs_value=wt_or_wzr;rs_value31=constant_zero_from_wzr;rt_prior=wt_or_wzr;rt_prior31=discarded_write_to_wzr	none	sha256:78acc79118ff687b37748262e911b262e2ded1da7f09bbc93500099b7a564bba
a64:encoding:ldclral-64-memop:73dd40a30a43d721	a64:instruction_form:ldclral-64-memop:73dd40a30a43d721	a64:semantic:instruction_form:ldclral-64-memop:73dd40a30a43d721	ldclral	load-store	0xffe0fc00	0xf8e01000	FEAT_LSE	ordinary_lowering|architecture_operation	wyst.a64.architecture-operations|wyst.a64.ordinary-lowering	Rt@0:5:0x1f:0x0|Rn@5:5:0x1f:0x0|Rs@16:5:0x1f:0x0	none	gpr:rs_value:64:16+5:zr:none|gpr:rt_prior:64:0+5:zr:none|address:rn:5+5:sp	memory_base	none	rs_value:gpr64|rt_prior:gpr64|rn:address	rn=xn_or_sp;rn31=sp;rs_value=xt_or_xzr;rs_value31=constant_zero_from_xzr;rt_prior=xt_or_xzr;rt_prior31=discarded_write_to_xzr	none	sha256:78acc79118ff687b37748262e911b262e2ded1da7f09bbc93500099b7a564bba
a64:encoding:ldclralb-32-memop:cb7ec1a7ebcfb0ac	a64:instruction_form:ldclralb-32-memop:cb7ec1a7ebcfb0ac	a64:semantic:instruction_form:ldclralb-32-memop:cb7ec1a7ebcfb0ac	ldclralb	load-store	0xffe0fc00	0x38e01000	FEAT_LSE	ordinary_lowering|architecture_operation	wyst.a64.architecture-operations|wyst.a64.ordinary-lowering	Rt@0:5:0x1f:0x0|Rn@5:5:0x1f:0x0|Rs@16:5:0x1f:0x0	none	gpr:rs_value:32:16+5:zr:none|gpr:rt_prior:32:0+5:zr:none|address:rn:5+5:sp	memory_base	none	rs_value:gpr32|rt_prior:gpr32|rn:address	rn=xn_or_sp;rn31=sp;rs_value=wt_or_wzr;rs_value31=constant_zero_from_wzr;rt_prior=wt_or_wzr;rt_prior31=discarded_write_to_wzr	none	sha256:78acc79118ff687b37748262e911b262e2ded1da7f09bbc93500099b7a564bba
a64:encoding:ldclralh-32-memop:67044d181c14ac26	a64:instruction_form:ldclralh-32-memop:67044d181c14ac26	a64:semantic:instruction_form:ldclralh-32-memop:67044d181c14ac26	ldclralh	load-store	0xffe0fc00	0x78e01000	FEAT_LSE	ordinary_lowering|architecture_operation	wyst.a64.architecture-operations|wyst.a64.ordinary-lowering	Rt@0:5:0x1f:0x0|Rn@5:5:0x1f:0x0|Rs@16:5:0x1f:0x0	none	gpr:rs_value:32:16+5:zr:none|gpr:rt_prior:32:0+5:zr:none|address:rn:5+5:sp	memory_base	none	rs_value:gpr32|rt_prior:gpr32|rn:address	rn=xn_or_sp;rn31=sp;rs_value=wt_or_wzr;rs_value31=constant_zero_from_wzr;rt_prior=wt_or_wzr;rt_prior31=discarded_write_to_wzr	none	sha256:78acc79118ff687b37748262e911b262e2ded1da7f09bbc93500099b7a564bba
a64:encoding:ldclrb-32-memop:78e9d067867f0e9d	a64:instruction_form:ldclrb-32-memop:78e9d067867f0e9d	a64:semantic:instruction_form:ldclrb-32-memop:78e9d067867f0e9d	ldclrb	load-store	0xffe0fc00	0x38201000	FEAT_LSE	ordinary_lowering|architecture_operation	wyst.a64.architecture-operations|wyst.a64.ordinary-lowering	Rt@0:5:0x1f:0x0|Rn@5:5:0x1f:0x0|Rs@16:5:0x1f:0x0	none	gpr:rs_value:32:16+5:zr:none|gpr:rt_prior:32:0+5:zr:none|address:rn:5+5:sp	memory_base	none	rs_value:gpr32|rt_prior:gpr32|rn:address	rn=xn_or_sp;rn31=sp;rs_value=wt_or_wzr;rs_value31=constant_zero_from_wzr;rt_prior=wt_or_wzr;rt_prior31=discarded_write_to_wzr	none	sha256:78acc79118ff687b37748262e911b262e2ded1da7f09bbc93500099b7a564bba
a64:encoding:ldclrh-32-memop:1b64b6032eebad63	a64:instruction_form:ldclrh-32-memop:1b64b6032eebad63	a64:semantic:instruction_form:ldclrh-32-memop:1b64b6032eebad63	ldclrh	load-store	0xffe0fc00	0x78201000	FEAT_LSE	ordinary_lowering|architecture_operation	wyst.a64.architecture-operations|wyst.a64.ordinary-lowering	Rt@0:5:0x1f:0x0|Rn@5:5:0x1f:0x0|Rs@16:5:0x1f:0x0	none	gpr:rs_value:32:16+5:zr:none|gpr:rt_prior:32:0+5:zr:none|address:rn:5+5:sp	memory_base	none	rs_value:gpr32|rt_prior:gpr32|rn:address	rn=xn_or_sp;rn31=sp;rs_value=wt_or_wzr;rs_value31=constant_zero_from_wzr;rt_prior=wt_or_wzr;rt_prior31=discarded_write_to_wzr	none	sha256:78acc79118ff687b37748262e911b262e2ded1da7f09bbc93500099b7a564bba
a64:encoding:ldclrl-32-memop:2984d1d64808bf2e	a64:instruction_form:ldclrl-32-memop:2984d1d64808bf2e	a64:semantic:instruction_form:ldclrl-32-memop:2984d1d64808bf2e	ldclrl	load-store	0xffe0fc00	0xb8601000	FEAT_LSE	ordinary_lowering|architecture_operation	wyst.a64.architecture-operations|wyst.a64.ordinary-lowering	Rt@0:5:0x1f:0x0|Rn@5:5:0x1f:0x0|Rs@16:5:0x1f:0x0	none	gpr:rs_value:32:16+5:zr:none|gpr:rt_prior:32:0+5:zr:none|address:rn:5+5:sp	memory_base	none	rs_value:gpr32|rt_prior:gpr32|rn:address	rn=xn_or_sp;rn31=sp;rs_value=wt_or_wzr;rs_value31=constant_zero_from_wzr;rt_prior=wt_or_wzr;rt_prior31=discarded_write_to_wzr	none	sha256:78acc79118ff687b37748262e911b262e2ded1da7f09bbc93500099b7a564bba
a64:encoding:ldclrl-64-memop:0f36f79673a5bde9	a64:instruction_form:ldclrl-64-memop:0f36f79673a5bde9	a64:semantic:instruction_form:ldclrl-64-memop:0f36f79673a5bde9	ldclrl	load-store	0xffe0fc00	0xf8601000	FEAT_LSE	ordinary_lowering|architecture_operation	wyst.a64.architecture-operations|wyst.a64.ordinary-lowering	Rt@0:5:0x1f:0x0|Rn@5:5:0x1f:0x0|Rs@16:5:0x1f:0x0	none	gpr:rs_value:64:16+5:zr:none|gpr:rt_prior:64:0+5:zr:none|address:rn:5+5:sp	memory_base	none	rs_value:gpr64|rt_prior:gpr64|rn:address	rn=xn_or_sp;rn31=sp;rs_value=xt_or_xzr;rs_value31=constant_zero_from_xzr;rt_prior=xt_or_xzr;rt_prior31=discarded_write_to_xzr	none	sha256:78acc79118ff687b37748262e911b262e2ded1da7f09bbc93500099b7a564bba
a64:encoding:ldclrlb-32-memop:8fd91b9dfd628b2b	a64:instruction_form:ldclrlb-32-memop:8fd91b9dfd628b2b	a64:semantic:instruction_form:ldclrlb-32-memop:8fd91b9dfd628b2b	ldclrlb	load-store	0xffe0fc00	0x38601000	FEAT_LSE	ordinary_lowering|architecture_operation	wyst.a64.architecture-operations|wyst.a64.ordinary-lowering	Rt@0:5:0x1f:0x0|Rn@5:5:0x1f:0x0|Rs@16:5:0x1f:0x0	none	gpr:rs_value:32:16+5:zr:none|gpr:rt_prior:32:0+5:zr:none|address:rn:5+5:sp	memory_base	none	rs_value:gpr32|rt_prior:gpr32|rn:address	rn=xn_or_sp;rn31=sp;rs_value=wt_or_wzr;rs_value31=constant_zero_from_wzr;rt_prior=wt_or_wzr;rt_prior31=discarded_write_to_wzr	none	sha256:78acc79118ff687b37748262e911b262e2ded1da7f09bbc93500099b7a564bba
a64:encoding:ldclrlh-32-memop:d7746dbeb3c894c9	a64:instruction_form:ldclrlh-32-memop:d7746dbeb3c894c9	a64:semantic:instruction_form:ldclrlh-32-memop:d7746dbeb3c894c9	ldclrlh	load-store	0xffe0fc00	0x78601000	FEAT_LSE	ordinary_lowering|architecture_operation	wyst.a64.architecture-operations|wyst.a64.ordinary-lowering	Rt@0:5:0x1f:0x0|Rn@5:5:0x1f:0x0|Rs@16:5:0x1f:0x0	none	gpr:rs_value:32:16+5:zr:none|gpr:rt_prior:32:0+5:zr:none|address:rn:5+5:sp	memory_base	none	rs_value:gpr32|rt_prior:gpr32|rn:address	rn=xn_or_sp;rn31=sp;rs_value=wt_or_wzr;rs_value31=constant_zero_from_wzr;rt_prior=wt_or_wzr;rt_prior31=discarded_write_to_wzr	none	sha256:78acc79118ff687b37748262e911b262e2ded1da7f09bbc93500099b7a564bba
a64:encoding:ldeor-32-memop:72c1d50e09c9eb30	a64:instruction_form:ldeor-32-memop:72c1d50e09c9eb30	a64:semantic:instruction_form:ldeor-32-memop:72c1d50e09c9eb30	ldeor	load-store	0xffe0fc00	0xb8202000	FEAT_LSE	ordinary_lowering|architecture_operation	wyst.a64.architecture-operations|wyst.a64.ordinary-lowering	Rt@0:5:0x1f:0x0|Rn@5:5:0x1f:0x0|Rs@16:5:0x1f:0x0	none	gpr:rs_value:32:16+5:zr:none|gpr:rt_prior:32:0+5:zr:none|address:rn:5+5:sp	memory_base	none	rs_value:gpr32|rt_prior:gpr32|rn:address	rn=xn_or_sp;rn31=sp;rs_value=wt_or_wzr;rs_value31=constant_zero_from_wzr;rt_prior=wt_or_wzr;rt_prior31=discarded_write_to_wzr	none	sha256:78acc79118ff687b37748262e911b262e2ded1da7f09bbc93500099b7a564bba
a64:encoding:ldeor-64-memop:da9647cb86182323	a64:instruction_form:ldeor-64-memop:da9647cb86182323	a64:semantic:instruction_form:ldeor-64-memop:da9647cb86182323	ldeor	load-store	0xffe0fc00	0xf8202000	FEAT_LSE	ordinary_lowering|architecture_operation	wyst.a64.architecture-operations|wyst.a64.ordinary-lowering	Rt@0:5:0x1f:0x0|Rn@5:5:0x1f:0x0|Rs@16:5:0x1f:0x0	none	gpr:rs_value:64:16+5:zr:none|gpr:rt_prior:64:0+5:zr:none|address:rn:5+5:sp	memory_base	none	rs_value:gpr64|rt_prior:gpr64|rn:address	rn=xn_or_sp;rn31=sp;rs_value=xt_or_xzr;rs_value31=constant_zero_from_xzr;rt_prior=xt_or_xzr;rt_prior31=discarded_write_to_xzr	none	sha256:78acc79118ff687b37748262e911b262e2ded1da7f09bbc93500099b7a564bba
a64:encoding:ldeora-32-memop:257da6e534474f4c	a64:instruction_form:ldeora-32-memop:257da6e534474f4c	a64:semantic:instruction_form:ldeora-32-memop:257da6e534474f4c	ldeora	load-store	0xffe0fc00	0xb8a02000	FEAT_LSE	ordinary_lowering|architecture_operation	wyst.a64.architecture-operations|wyst.a64.ordinary-lowering	Rt@0:5:0x1f:0x0|Rn@5:5:0x1f:0x0|Rs@16:5:0x1f:0x0	none	gpr:rs_value:32:16+5:zr:none|gpr:rt_prior:32:0+5:zr:none|address:rn:5+5:sp	memory_base	none	rs_value:gpr32|rt_prior:gpr32|rn:address	rn=xn_or_sp;rn31=sp;rs_value=wt_or_wzr;rs_value31=constant_zero_from_wzr;rt_prior=wt_or_wzr;rt_prior31=discarded_write_to_wzr	none	sha256:78acc79118ff687b37748262e911b262e2ded1da7f09bbc93500099b7a564bba
a64:encoding:ldeora-64-memop:b19b84dd27ddfb54	a64:instruction_form:ldeora-64-memop:b19b84dd27ddfb54	a64:semantic:instruction_form:ldeora-64-memop:b19b84dd27ddfb54	ldeora	load-store	0xffe0fc00	0xf8a02000	FEAT_LSE	ordinary_lowering|architecture_operation	wyst.a64.architecture-operations|wyst.a64.ordinary-lowering	Rt@0:5:0x1f:0x0|Rn@5:5:0x1f:0x0|Rs@16:5:0x1f:0x0	none	gpr:rs_value:64:16+5:zr:none|gpr:rt_prior:64:0+5:zr:none|address:rn:5+5:sp	memory_base	none	rs_value:gpr64|rt_prior:gpr64|rn:address	rn=xn_or_sp;rn31=sp;rs_value=xt_or_xzr;rs_value31=constant_zero_from_xzr;rt_prior=xt_or_xzr;rt_prior31=discarded_write_to_xzr	none	sha256:78acc79118ff687b37748262e911b262e2ded1da7f09bbc93500099b7a564bba
a64:encoding:ldeorab-32-memop:b4674149a3966a2f	a64:instruction_form:ldeorab-32-memop:b4674149a3966a2f	a64:semantic:instruction_form:ldeorab-32-memop:b4674149a3966a2f	ldeorab	load-store	0xffe0fc00	0x38a02000	FEAT_LSE	ordinary_lowering|architecture_operation	wyst.a64.architecture-operations|wyst.a64.ordinary-lowering	Rt@0:5:0x1f:0x0|Rn@5:5:0x1f:0x0|Rs@16:5:0x1f:0x0	none	gpr:rs_value:32:16+5:zr:none|gpr:rt_prior:32:0+5:zr:none|address:rn:5+5:sp	memory_base	none	rs_value:gpr32|rt_prior:gpr32|rn:address	rn=xn_or_sp;rn31=sp;rs_value=wt_or_wzr;rs_value31=constant_zero_from_wzr;rt_prior=wt_or_wzr;rt_prior31=discarded_write_to_wzr	none	sha256:78acc79118ff687b37748262e911b262e2ded1da7f09bbc93500099b7a564bba
a64:encoding:ldeorah-32-memop:161b73f2fbf5aefe	a64:instruction_form:ldeorah-32-memop:161b73f2fbf5aefe	a64:semantic:instruction_form:ldeorah-32-memop:161b73f2fbf5aefe	ldeorah	load-store	0xffe0fc00	0x78a02000	FEAT_LSE	ordinary_lowering|architecture_operation	wyst.a64.architecture-operations|wyst.a64.ordinary-lowering	Rt@0:5:0x1f:0x0|Rn@5:5:0x1f:0x0|Rs@16:5:0x1f:0x0	none	gpr:rs_value:32:16+5:zr:none|gpr:rt_prior:32:0+5:zr:none|address:rn:5+5:sp	memory_base	none	rs_value:gpr32|rt_prior:gpr32|rn:address	rn=xn_or_sp;rn31=sp;rs_value=wt_or_wzr;rs_value31=constant_zero_from_wzr;rt_prior=wt_or_wzr;rt_prior31=discarded_write_to_wzr	none	sha256:78acc79118ff687b37748262e911b262e2ded1da7f09bbc93500099b7a564bba
a64:encoding:ldeoral-32-memop:695eaffefcc6c872	a64:instruction_form:ldeoral-32-memop:695eaffefcc6c872	a64:semantic:instruction_form:ldeoral-32-memop:695eaffefcc6c872	ldeoral	load-store	0xffe0fc00	0xb8e02000	FEAT_LSE	ordinary_lowering|architecture_operation	wyst.a64.architecture-operations|wyst.a64.ordinary-lowering	Rt@0:5:0x1f:0x0|Rn@5:5:0x1f:0x0|Rs@16:5:0x1f:0x0	none	gpr:rs_value:32:16+5:zr:none|gpr:rt_prior:32:0+5:zr:none|address:rn:5+5:sp	memory_base	none	rs_value:gpr32|rt_prior:gpr32|rn:address	rn=xn_or_sp;rn31=sp;rs_value=wt_or_wzr;rs_value31=constant_zero_from_wzr;rt_prior=wt_or_wzr;rt_prior31=discarded_write_to_wzr	none	sha256:78acc79118ff687b37748262e911b262e2ded1da7f09bbc93500099b7a564bba
a64:encoding:ldeoral-64-memop:dca35d029a1f6b67	a64:instruction_form:ldeoral-64-memop:dca35d029a1f6b67	a64:semantic:instruction_form:ldeoral-64-memop:dca35d029a1f6b67	ldeoral	load-store	0xffe0fc00	0xf8e02000	FEAT_LSE	ordinary_lowering|architecture_operation	wyst.a64.architecture-operations|wyst.a64.ordinary-lowering	Rt@0:5:0x1f:0x0|Rn@5:5:0x1f:0x0|Rs@16:5:0x1f:0x0	none	gpr:rs_value:64:16+5:zr:none|gpr:rt_prior:64:0+5:zr:none|address:rn:5+5:sp	memory_base	none	rs_value:gpr64|rt_prior:gpr64|rn:address	rn=xn_or_sp;rn31=sp;rs_value=xt_or_xzr;rs_value31=constant_zero_from_xzr;rt_prior=xt_or_xzr;rt_prior31=discarded_write_to_xzr	none	sha256:78acc79118ff687b37748262e911b262e2ded1da7f09bbc93500099b7a564bba
a64:encoding:ldeoralb-32-memop:891c1d0c4ce2c13e	a64:instruction_form:ldeoralb-32-memop:891c1d0c4ce2c13e	a64:semantic:instruction_form:ldeoralb-32-memop:891c1d0c4ce2c13e	ldeoralb	load-store	0xffe0fc00	0x38e02000	FEAT_LSE	ordinary_lowering|architecture_operation	wyst.a64.architecture-operations|wyst.a64.ordinary-lowering	Rt@0:5:0x1f:0x0|Rn@5:5:0x1f:0x0|Rs@16:5:0x1f:0x0	none	gpr:rs_value:32:16+5:zr:none|gpr:rt_prior:32:0+5:zr:none|address:rn:5+5:sp	memory_base	none	rs_value:gpr32|rt_prior:gpr32|rn:address	rn=xn_or_sp;rn31=sp;rs_value=wt_or_wzr;rs_value31=constant_zero_from_wzr;rt_prior=wt_or_wzr;rt_prior31=discarded_write_to_wzr	none	sha256:78acc79118ff687b37748262e911b262e2ded1da7f09bbc93500099b7a564bba
a64:encoding:ldeoralh-32-memop:686e683a746d1677	a64:instruction_form:ldeoralh-32-memop:686e683a746d1677	a64:semantic:instruction_form:ldeoralh-32-memop:686e683a746d1677	ldeoralh	load-store	0xffe0fc00	0x78e02000	FEAT_LSE	ordinary_lowering|architecture_operation	wyst.a64.architecture-operations|wyst.a64.ordinary-lowering	Rt@0:5:0x1f:0x0|Rn@5:5:0x1f:0x0|Rs@16:5:0x1f:0x0	none	gpr:rs_value:32:16+5:zr:none|gpr:rt_prior:32:0+5:zr:none|address:rn:5+5:sp	memory_base	none	rs_value:gpr32|rt_prior:gpr32|rn:address	rn=xn_or_sp;rn31=sp;rs_value=wt_or_wzr;rs_value31=constant_zero_from_wzr;rt_prior=wt_or_wzr;rt_prior31=discarded_write_to_wzr	none	sha256:78acc79118ff687b37748262e911b262e2ded1da7f09bbc93500099b7a564bba
a64:encoding:ldeorb-32-memop:5048cebe13280d11	a64:instruction_form:ldeorb-32-memop:5048cebe13280d11	a64:semantic:instruction_form:ldeorb-32-memop:5048cebe13280d11	ldeorb	load-store	0xffe0fc00	0x38202000	FEAT_LSE	ordinary_lowering|architecture_operation	wyst.a64.architecture-operations|wyst.a64.ordinary-lowering	Rt@0:5:0x1f:0x0|Rn@5:5:0x1f:0x0|Rs@16:5:0x1f:0x0	none	gpr:rs_value:32:16+5:zr:none|gpr:rt_prior:32:0+5:zr:none|address:rn:5+5:sp	memory_base	none	rs_value:gpr32|rt_prior:gpr32|rn:address	rn=xn_or_sp;rn31=sp;rs_value=wt_or_wzr;rs_value31=constant_zero_from_wzr;rt_prior=wt_or_wzr;rt_prior31=discarded_write_to_wzr	none	sha256:78acc79118ff687b37748262e911b262e2ded1da7f09bbc93500099b7a564bba
a64:encoding:ldeorh-32-memop:db45e104d418d98b	a64:instruction_form:ldeorh-32-memop:db45e104d418d98b	a64:semantic:instruction_form:ldeorh-32-memop:db45e104d418d98b	ldeorh	load-store	0xffe0fc00	0x78202000	FEAT_LSE	ordinary_lowering|architecture_operation	wyst.a64.architecture-operations|wyst.a64.ordinary-lowering	Rt@0:5:0x1f:0x0|Rn@5:5:0x1f:0x0|Rs@16:5:0x1f:0x0	none	gpr:rs_value:32:16+5:zr:none|gpr:rt_prior:32:0+5:zr:none|address:rn:5+5:sp	memory_base	none	rs_value:gpr32|rt_prior:gpr32|rn:address	rn=xn_or_sp;rn31=sp;rs_value=wt_or_wzr;rs_value31=constant_zero_from_wzr;rt_prior=wt_or_wzr;rt_prior31=discarded_write_to_wzr	none	sha256:78acc79118ff687b37748262e911b262e2ded1da7f09bbc93500099b7a564bba
a64:encoding:ldeorl-32-memop:3456a90ff8ed283b	a64:instruction_form:ldeorl-32-memop:3456a90ff8ed283b	a64:semantic:instruction_form:ldeorl-32-memop:3456a90ff8ed283b	ldeorl	load-store	0xffe0fc00	0xb8602000	FEAT_LSE	ordinary_lowering|architecture_operation	wyst.a64.architecture-operations|wyst.a64.ordinary-lowering	Rt@0:5:0x1f:0x0|Rn@5:5:0x1f:0x0|Rs@16:5:0x1f:0x0	none	gpr:rs_value:32:16+5:zr:none|gpr:rt_prior:32:0+5:zr:none|address:rn:5+5:sp	memory_base	none	rs_value:gpr32|rt_prior:gpr32|rn:address	rn=xn_or_sp;rn31=sp;rs_value=wt_or_wzr;rs_value31=constant_zero_from_wzr;rt_prior=wt_or_wzr;rt_prior31=discarded_write_to_wzr	none	sha256:78acc79118ff687b37748262e911b262e2ded1da7f09bbc93500099b7a564bba
a64:encoding:ldeorl-64-memop:c770696545a95e4d	a64:instruction_form:ldeorl-64-memop:c770696545a95e4d	a64:semantic:instruction_form:ldeorl-64-memop:c770696545a95e4d	ldeorl	load-store	0xffe0fc00	0xf8602000	FEAT_LSE	ordinary_lowering|architecture_operation	wyst.a64.architecture-operations|wyst.a64.ordinary-lowering	Rt@0:5:0x1f:0x0|Rn@5:5:0x1f:0x0|Rs@16:5:0x1f:0x0	none	gpr:rs_value:64:16+5:zr:none|gpr:rt_prior:64:0+5:zr:none|address:rn:5+5:sp	memory_base	none	rs_value:gpr64|rt_prior:gpr64|rn:address	rn=xn_or_sp;rn31=sp;rs_value=xt_or_xzr;rs_value31=constant_zero_from_xzr;rt_prior=xt_or_xzr;rt_prior31=discarded_write_to_xzr	none	sha256:78acc79118ff687b37748262e911b262e2ded1da7f09bbc93500099b7a564bba
a64:encoding:ldeorlb-32-memop:f21598500ed776fa	a64:instruction_form:ldeorlb-32-memop:f21598500ed776fa	a64:semantic:instruction_form:ldeorlb-32-memop:f21598500ed776fa	ldeorlb	load-store	0xffe0fc00	0x38602000	FEAT_LSE	ordinary_lowering|architecture_operation	wyst.a64.architecture-operations|wyst.a64.ordinary-lowering	Rt@0:5:0x1f:0x0|Rn@5:5:0x1f:0x0|Rs@16:5:0x1f:0x0	none	gpr:rs_value:32:16+5:zr:none|gpr:rt_prior:32:0+5:zr:none|address:rn:5+5:sp	memory_base	none	rs_value:gpr32|rt_prior:gpr32|rn:address	rn=xn_or_sp;rn31=sp;rs_value=wt_or_wzr;rs_value31=constant_zero_from_wzr;rt_prior=wt_or_wzr;rt_prior31=discarded_write_to_wzr	none	sha256:78acc79118ff687b37748262e911b262e2ded1da7f09bbc93500099b7a564bba
a64:encoding:ldeorlh-32-memop:ccd91116847c59e9	a64:instruction_form:ldeorlh-32-memop:ccd91116847c59e9	a64:semantic:instruction_form:ldeorlh-32-memop:ccd91116847c59e9	ldeorlh	load-store	0xffe0fc00	0x78602000	FEAT_LSE	ordinary_lowering|architecture_operation	wyst.a64.architecture-operations|wyst.a64.ordinary-lowering	Rt@0:5:0x1f:0x0|Rn@5:5:0x1f:0x0|Rs@16:5:0x1f:0x0	none	gpr:rs_value:32:16+5:zr:none|gpr:rt_prior:32:0+5:zr:none|address:rn:5+5:sp	memory_base	none	rs_value:gpr32|rt_prior:gpr32|rn:address	rn=xn_or_sp;rn31=sp;rs_value=wt_or_wzr;rs_value31=constant_zero_from_wzr;rt_prior=wt_or_wzr;rt_prior31=discarded_write_to_wzr	none	sha256:78acc79118ff687b37748262e911b262e2ded1da7f09bbc93500099b7a564bba
a64:encoding:ldnp-32-ldstnapair-offs:e78b8efe94cbe957	a64:instruction_form:ldnp-32-ldstnapair-offs:e78b8efe94cbe957	a64:semantic:instruction_form:ldnp-32-ldstnapair-offs:e78b8efe94cbe957	ldnp	load-store	0xffc00000	0x28400000	base	ordinary_lowering|architecture_operation	wyst.a64.architecture-operations|wyst.a64.ordinary-lowering	Rt@0:5:0x1f:0x0|Rn@5:5:0x1f:0x0|Rt2@10:5:0x1f:0x0|imm7@15:7:0x7f:0x0	neq:Rt:Rt2	gpr:rt:32:0+5:zr:none|gpr:rt2:32:10+5:zr:none|address:rn:5+5:sp|simm:offset:15+7:7:4	memory_offset	none	rt:wN|rt2:wN|rn:address|offset:signed_scaled7	rn=xn_or_sp;rn31=sp;rt=wt_or_wzr;rt31=discarded_write_to_wzr;rt2=wt_or_wzr;rt2_31=discarded_write_to_wzr	reject_if:rt==rt2	sha256:3f3e8c0ebb34eeb59b973d8c6b666af50137c2d7825c63003348002d7b0a1d8f
a64:encoding:ldnp-64-ldstnapair-offs:b7ec3b6c0f47646b	a64:instruction_form:ldnp-64-ldstnapair-offs:b7ec3b6c0f47646b	a64:semantic:instruction_form:ldnp-64-ldstnapair-offs:b7ec3b6c0f47646b	ldnp	load-store	0xffc00000	0xa8400000	base	ordinary_lowering|architecture_operation	wyst.a64.architecture-operations|wyst.a64.ordinary-lowering	Rt@0:5:0x1f:0x0|Rn@5:5:0x1f:0x0|Rt2@10:5:0x1f:0x0|imm7@15:7:0x7f:0x0	neq:Rt:Rt2	gpr:rt:64:0+5:zr:none|gpr:rt2:64:10+5:zr:none|address:rn:5+5:sp|simm:offset:15+7:7:8	memory_offset	none	rt:xN|rt2:xN|rn:address|offset:signed_scaled7	rn=xn_or_sp;rn31=sp;rt=xt_or_xzr;rt31=discarded_write_to_xzr;rt2=xt_or_xzr;rt2_31=discarded_write_to_xzr	reject_if:rt==rt2	sha256:3f3e8c0ebb34eeb59b973d8c6b666af50137c2d7825c63003348002d7b0a1d8f
a64:encoding:ldnp-d-ldstnapair-offs:2d6e061eea678c95	a64:instruction_form:ldnp-d-ldstnapair-offs:2d6e061eea678c95	a64:semantic:instruction_form:ldnp-d-ldstnapair-offs:2d6e061eea678c95	ldnp	load-store	0xffc00000	0x6c400000	FEAT_FP	ordinary_lowering|architecture_operation	wyst.a64.architecture-operations|wyst.a64.ordinary-lowering	Rt@0:5:0x1f:0x0|Rn@5:5:0x1f:0x0|Rt2@10:5:0x1f:0x0|imm7@15:7:0x7f:0x0	neq:Rt:Rt2	fp:rt:d:0+5|fp:rt2:d:10+5|address:rn:5+5:sp|simm:offset:15+7:7:8	memory_offset	none	rt:dN|rt2:dN|rn:address|offset:signed_scaled7	rn=xn_or_sp;rn31=sp	reject_if:rt==rt2	sha256:f607ec4fdd071bb7b092f3c750e0f9f579f4739e1b35467c908c78f8ce42c298
a64:encoding:ldnp-s-ldstnapair-offs:2398a394ed8c78a2	a64:instruction_form:ldnp-s-ldstnapair-offs:2398a394ed8c78a2	a64:semantic:instruction_form:ldnp-s-ldstnapair-offs:2398a394ed8c78a2	ldnp	load-store	0xffc00000	0x2c400000	FEAT_FP	ordinary_lowering|architecture_operation	wyst.a64.architecture-operations|wyst.a64.ordinary-lowering	Rt@0:5:0x1f:0x0|Rn@5:5:0x1f:0x0|Rt2@10:5:0x1f:0x0|imm7@15:7:0x7f:0x0	neq:Rt:Rt2	fp:rt:s:0+5|fp:rt2:s:10+5|address:rn:5+5:sp|simm:offset:15+7:7:4	memory_offset	none	rt:sN|rt2:sN|rn:address|offset:signed_scaled7	rn=xn_or_sp;rn31=sp	reject_if:rt==rt2	sha256:f607ec4fdd071bb7b092f3c750e0f9f579f4739e1b35467c908c78f8ce42c298
a64:encoding:ldp-64-ldstpair-off:99d67b295cd1ef95	a64:instruction_form:ldp-64-ldstpair-off:99d67b295cd1ef95	a64:semantic:instruction_form:ldp-64-ldstpair-off:99d67b295cd1ef95	ldp	load-store	0xffc00000	0xa9400000	base	ordinary_lowering|checked_asm|architecture_operation	wyst.a64.architecture-operations|wyst.a64.ordinary-lowering|wyst.a64.target-structural-asm.aarch64	Rt@0:5:0x1f:0x0|Rn@5:5:0x1f:0x0|Rt2@10:5:0x1f:0x0|imm7@15:7:0x7f:0x0	neq:Rt:Rt2	gpr:rt:64:0+5:zr:none|gpr:rt2:64:10+5:zr:none|address:rn:5+5:sp|simm:offset:15+7:7:8	memory_offset	none	rt:xN|rt2:xN|rn:address|offset:signed_scaled7	rn=xn_or_sp;rn31=sp;rt=xt_or_xzr;rt31=discarded_write_to_xzr;rt2=xt_or_xzr;rt2_31=discarded_write_to_xzr	reject_if:rt==rt2	sha256:3f3e8c0ebb34eeb59b973d8c6b666af50137c2d7825c63003348002d7b0a1d8f
a64:encoding:ldp-64-ldstpair-post:829799c7bf77b94e	a64:instruction_form:ldp-64-ldstpair-post:829799c7bf77b94e	a64:semantic:instruction_form:ldp-64-ldstpair-post:829799c7bf77b94e	ldp	load-store	0xffc00000	0xa8c00000	base	ordinary_lowering|architecture_operation	wyst.a64.architecture-operations|wyst.a64.ordinary-lowering	Rt@0:5:0x1f:0x0|Rn@5:5:0x1f:0x0|Rt2@10:5:0x1f:0x0|imm7@15:7:0x7f:0x0	neq:Rt:Rt2;neq_if_not31:Rn:Rt:Rn;neq_if_not31:Rn:Rt2:Rn	gpr:rt:64:0+5:zr:none|gpr:rt2:64:10+5:zr:none|address:rn:5+5:sp|simm:offset:15+7:7:8	memory_post	none	rt:xN|rt2:xN|rn:address|offset:signed_scaled7	rn=xn_or_sp;rn31=sp;rt=xt_or_xzr;rt31=discarded_write_to_xzr;rt2=xt_or_xzr;rt2_31=discarded_write_to_xzr	reject_if:rt==rt2;reject_if:rn==rt&&rn!=31;reject_if:rn==rt2&&rn!=31	sha256:3f3e8c0ebb34eeb59b973d8c6b666af50137c2d7825c63003348002d7b0a1d8f
a64:encoding:ldp-64-ldstpair-pre:adfc6f3f5983205a	a64:instruction_form:ldp-64-ldstpair-pre:adfc6f3f5983205a	a64:semantic:instruction_form:ldp-64-ldstpair-pre:adfc6f3f5983205a	ldp	load-store	0xffc00000	0xa9c00000	base	ordinary_lowering|architecture_operation	wyst.a64.architecture-operations|wyst.a64.ordinary-lowering	Rt@0:5:0x1f:0x0|Rn@5:5:0x1f:0x0|Rt2@10:5:0x1f:0x0|imm7@15:7:0x7f:0x0	neq:Rt:Rt2;neq_if_not31:Rn:Rt:Rn;neq_if_not31:Rn:Rt2:Rn	gpr:rt:64:0+5:zr:none|gpr:rt2:64:10+5:zr:none|address:rn:5+5:sp|simm:offset:15+7:7:8	memory_pre	none	rt:xN|rt2:xN|rn:address|offset:signed_scaled7	rn=xn_or_sp;rn31=sp;rt=xt_or_xzr;rt31=discarded_write_to_xzr;rt2=xt_or_xzr;rt2_31=discarded_write_to_xzr	reject_if:rt==rt2;reject_if:rn==rt&&rn!=31;reject_if:rn==rt2&&rn!=31	sha256:3f3e8c0ebb34eeb59b973d8c6b666af50137c2d7825c63003348002d7b0a1d8f
a64:encoding:ldr-32-ldst-immpost:2eeff0141a8797dc	a64:instruction_form:ldr-32-ldst-immpost:2eeff0141a8797dc	a64:semantic:instruction_form:ldr-32-ldst-immpost:2eeff0141a8797dc	ldr	load-store	0xffe00c00	0xb8400400	base	ordinary_lowering|architecture_operation	wyst.a64.architecture-operations|wyst.a64.ordinary-lowering	Rt@0:5:0x1f:0x0|Rn@5:5:0x1f:0x0|imm9@12:9:0x1ff:0x0	neq_if_not31:Rn:Rt:Rn	gpr:rt:32:0+5:zr:none|address:rn:5+5:sp|simm:offset:12+9:9:1	memory_post	none	rt:wN|rn:address|offset:signed9	rn=xn_or_sp;rn31=sp;rt=wt_or_wzr;rt31=discarded_write_to_wzr	reject_if:rn==rt&&rn!=31	sha256:3f3e8c0ebb34eeb59b973d8c6b666af50137c2d7825c63003348002d7b0a1d8f
a64:encoding:ldr-32-ldst-immpre:3503af7eadd2beff	a64:instruction_form:ldr-32-ldst-immpre:3503af7eadd2beff	a64:semantic:instruction_form:ldr-32-ldst-immpre:3503af7eadd2beff	ldr	load-store	0xffe00c00	0xb8400c00	base	ordinary_lowering|architecture_operation	wyst.a64.architecture-operations|wyst.a64.ordinary-lowering	Rt@0:5:0x1f:0x0|Rn@5:5:0x1f:0x0|imm9@12:9:0x1ff:0x0	neq_if_not31:Rn:Rt:Rn	gpr:rt:32:0+5:zr:none|address:rn:5+5:sp|simm:offset:12+9:9:1	memory_pre	none	rt:wN|rn:address|offset:signed9	rn=xn_or_sp;rn31=sp;rt=wt_or_wzr;rt31=discarded_write_to_wzr	reject_if:rn==rt&&rn!=31	sha256:3f3e8c0ebb34eeb59b973d8c6b666af50137c2d7825c63003348002d7b0a1d8f
a64:encoding:ldr-32-ldst-pos:5c320da6c1bf8f3a	a64:instruction_form:ldr-32-ldst-pos:5c320da6c1bf8f3a	a64:semantic:instruction_form:ldr-32-ldst-pos:5c320da6c1bf8f3a	ldr	load-store	0xffc00000	0xb9400000	base	ordinary_lowering|architecture_operation	wyst.a64.architecture-operations|wyst.a64.ordinary-lowering	Rt@0:5:0x1f:0x0|Rn@5:5:0x1f:0x0|imm12@10:12:0xfff:0x0	none	gpr:rt:32:0+5:zr:none|address:rn:5+5:sp|uimm:offset:10+12:4	memory_offset	none	rt:wN|rn:address|offset:scaled_unsigned12	rn=xn_or_sp;rn31=sp;rt=wt_or_wzr;rt31=discarded_write_to_wzr	none	sha256:3f3e8c0ebb34eeb59b973d8c6b666af50137c2d7825c63003348002d7b0a1d8f
a64:encoding:ldr-64-ldst-immpost:c430af593dec66b1	a64:instruction_form:ldr-64-ldst-immpost:c430af593dec66b1	a64:semantic:instruction_form:ldr-64-ldst-immpost:c430af593dec66b1	ldr	load-store	0xffe00c00	0xf8400400	base	ordinary_lowering|architecture_operation	wyst.a64.architecture-operations|wyst.a64.ordinary-lowering	Rt@0:5:0x1f:0x0|Rn@5:5:0x1f:0x0|imm9@12:9:0x1ff:0x0	neq_if_not31:Rn:Rt:Rn	gpr:rt:64:0+5:zr:none|address:rn:5+5:sp|simm:offset:12+9:9:1	memory_post	none	rt:xN|rn:address|offset:signed9	rn=xn_or_sp;rn31=sp;rt=xt_or_xzr;rt31=discarded_write_to_xzr	reject_if:rn==rt&&rn!=31	sha256:3f3e8c0ebb34eeb59b973d8c6b666af50137c2d7825c63003348002d7b0a1d8f
a64:encoding:ldr-64-ldst-immpre:7c908eda6d5c8695	a64:instruction_form:ldr-64-ldst-immpre:7c908eda6d5c8695	a64:semantic:instruction_form:ldr-64-ldst-immpre:7c908eda6d5c8695	ldr	load-store	0xffe00c00	0xf8400c00	base	ordinary_lowering|architecture_operation	wyst.a64.architecture-operations|wyst.a64.ordinary-lowering	Rt@0:5:0x1f:0x0|Rn@5:5:0x1f:0x0|imm9@12:9:0x1ff:0x0	neq_if_not31:Rn:Rt:Rn	gpr:rt:64:0+5:zr:none|address:rn:5+5:sp|simm:offset:12+9:9:1	memory_pre	none	rt:xN|rn:address|offset:signed9	rn=xn_or_sp;rn31=sp;rt=xt_or_xzr;rt31=discarded_write_to_xzr	reject_if:rn==rt&&rn!=31	sha256:3f3e8c0ebb34eeb59b973d8c6b666af50137c2d7825c63003348002d7b0a1d8f
a64:encoding:ldr-64-ldst-pos:4df4b55f398640ec	a64:instruction_form:ldr-64-ldst-pos:4df4b55f398640ec	a64:semantic:instruction_form:ldr-64-ldst-pos:4df4b55f398640ec	ldr	load-store	0xffc00000	0xf9400000	base	ordinary_lowering|checked_asm|architecture_operation	wyst.a64.architecture-operations|wyst.a64.ordinary-lowering|wyst.a64.target-structural-asm.aarch64	Rt@0:5:0x1f:0x0|Rn@5:5:0x1f:0x0|imm12@10:12:0xfff:0x0	none	gpr:rt:64:0+5:zr:none|address:rn:5+5:sp|uimm:offset:10+12:8	memory_offset	none	rt:xN|rn:address|offset:scaled_unsigned12	rn=xn_or_sp;rn31=sp;rt=xt_or_xzr;rt31=discarded_write_to_xzr	none	sha256:3f3e8c0ebb34eeb59b973d8c6b666af50137c2d7825c63003348002d7b0a1d8f
a64:encoding:ldr-64-ldst-regoff:6141c1e2a926b1f6	a64:instruction_form:ldr-64-ldst-regoff:6141c1e2a926b1f6	a64:semantic:instruction_form:ldr-64-ldst-regoff:6141c1e2a926b1f6	ldr	load-store	0xffe00c00	0xf8600800	base	ordinary_lowering|architecture_operation	wyst.a64.architecture-operations|wyst.a64.ordinary-lowering	Rt@0:5:0x1f:0x0|Rn@5:5:0x1f:0x0|S@12:1:0x1:0x0|option@13:3:0x7:0x0|Rm@16:5:0x1f:0x0	set:option:3	gpr:rt:64:0+5:zr:none|address:rn:5+5:sp|gpr:rm:64:16+5:zr:none|uimm:amount:12+1:1	memory_register	none	rt:xN|rn:address|rm:gpr64|amount:u1	rn=xn_or_sp;rn31=sp;option=lsl_64;rt=xt_or_xzr;rt31=discarded_write_to_xzr	none	sha256:3f3e8c0ebb34eeb59b973d8c6b666af50137c2d7825c63003348002d7b0a1d8f
a64:encoding:ldr-d-ldst-pos:5c5ff06020fcddbb	a64:instruction_form:ldr-d-ldst-pos:5c5ff06020fcddbb	a64:semantic:instruction_form:ldr-d-ldst-pos:5c5ff06020fcddbb	ldr	load-store	0xffc00000	0xfd400000	FEAT_FP	ordinary_lowering|architecture_operation	wyst.a64.architecture-operations|wyst.a64.ordinary-lowering	Rt@0:5:0x1f:0x0|Rn@5:5:0x1f:0x0|imm12@10:12:0xfff:0x0	none	fp:rt:d:0+5|address:rn:5+5:sp|uimm:offset:10+12:8	memory_offset	none	rt:dN|rn:address|offset:scaled_unsigned12	rn=xn_or_sp;rn31=sp	none	sha256:f607ec4fdd071bb7b092f3c750e0f9f579f4739e1b35467c908c78f8ce42c298
a64:encoding:ldr-q-ldst-pos:f31e6ed348a2b260	a64:instruction_form:ldr-q-ldst-pos:f31e6ed348a2b260	a64:semantic:instruction_form:ldr-q-ldst-pos:f31e6ed348a2b260	ldr	load-store	0xffc00000	0x3dc00000	FEAT_FP	ordinary_lowering|architecture_operation	wyst.a64.architecture-operations|wyst.a64.ordinary-lowering	Rt@0:5:0x1f:0x0|Rn@5:5:0x1f:0x0|imm12@10:12:0xfff:0x0	none	fp:rt:q:0+5|address:rn:5+5:sp|uimm:offset:10+12:16	memory_offset	none	rt:qN|rn:address|offset:scaled_unsigned12	rn=xn_or_sp;rn31=sp	none	sha256:f607ec4fdd071bb7b092f3c750e0f9f579f4739e1b35467c908c78f8ce42c298
a64:encoding:ldr-s-ldst-pos:2d059f42f50281c2	a64:instruction_form:ldr-s-ldst-pos:2d059f42f50281c2	a64:semantic:instruction_form:ldr-s-ldst-pos:2d059f42f50281c2	ldr	load-store	0xffc00000	0xbd400000	FEAT_FP	ordinary_lowering|architecture_operation	wyst.a64.architecture-operations|wyst.a64.ordinary-lowering	Rt@0:5:0x1f:0x0|Rn@5:5:0x1f:0x0|imm12@10:12:0xfff:0x0	none	fp:rt:s:0+5|address:rn:5+5:sp|uimm:offset:10+12:4	memory_offset	none	rt:sN|rn:address|offset:scaled_unsigned12	rn=xn_or_sp;rn31=sp	none	sha256:f607ec4fdd071bb7b092f3c750e0f9f579f4739e1b35467c908c78f8ce42c298
a64:encoding:ldrb-32-ldst-pos:09268d27ac751060	a64:instruction_form:ldrb-32-ldst-pos:09268d27ac751060	a64:semantic:instruction_form:ldrb-32-ldst-pos:09268d27ac751060	ldrb	load-store	0xffc00000	0x39400000	base	ordinary_lowering|architecture_operation	wyst.a64.architecture-operations|wyst.a64.ordinary-lowering	Rt@0:5:0x1f:0x0|Rn@5:5:0x1f:0x0|imm12@10:12:0xfff:0x0	none	gpr:rt:32:0+5:zr:none|address:rn:5+5:sp|uimm:offset:10+12:1	memory_offset	none	rt:wN|rn:address|offset:scaled_unsigned12	rn=xn_or_sp;rn31=sp;rt=wt_or_wzr;rt31=discarded_write_to_wzr	none	sha256:3f3e8c0ebb34eeb59b973d8c6b666af50137c2d7825c63003348002d7b0a1d8f
a64:encoding:ldrb-32bl-ldst-regoff:dcd523e5380f1316	a64:instruction_form:ldrb-32bl-ldst-regoff:dcd523e5380f1316	a64:semantic:instruction_form:ldrb-32bl-ldst-regoff:dcd523e5380f1316	ldrb	load-store	0xffe0ec00	0x38606800	base	ordinary_lowering|architecture_operation	wyst.a64.architecture-operations|wyst.a64.ordinary-lowering	Rt@0:5:0x1f:0x0|Rn@5:5:0x1f:0x0|S@12:1:0x1:0x0|Rm@16:5:0x1f:0x0	none	gpr:rt:32:0+5:zr:none|address:rn:5+5:sp|gpr:rm:64:16+5:zr:none|uimm:amount:12+1:1	memory_register	none	rt:wN|rn:address|rm:gpr64|amount:u1	rn=xn_or_sp;rn31=sp;option=lsl_64;rt=wt_or_wzr;rt31=discarded_write_to_wzr	none	sha256:3f3e8c0ebb34eeb59b973d8c6b666af50137c2d7825c63003348002d7b0a1d8f
a64:encoding:ldrh-32-ldst-pos:5625f6973ef917f3	a64:instruction_form:ldrh-32-ldst-pos:5625f6973ef917f3	a64:semantic:instruction_form:ldrh-32-ldst-pos:5625f6973ef917f3	ldrh	load-store	0xffc00000	0x79400000	base	ordinary_lowering|architecture_operation	wyst.a64.architecture-operations|wyst.a64.ordinary-lowering	Rt@0:5:0x1f:0x0|Rn@5:5:0x1f:0x0|imm12@10:12:0xfff:0x0	none	gpr:rt:32:0+5:zr:none|address:rn:5+5:sp|uimm:offset:10+12:2	memory_offset	none	rt:wN|rn:address|offset:scaled_unsigned12	rn=xn_or_sp;rn31=sp;rt=wt_or_wzr;rt31=discarded_write_to_wzr	none	sha256:3f3e8c0ebb34eeb59b973d8c6b666af50137c2d7825c63003348002d7b0a1d8f
a64:encoding:ldrsb-64-ldst-pos:9cbc9f3a52da7fbe	a64:instruction_form:ldrsb-64-ldst-pos:9cbc9f3a52da7fbe	a64:semantic:instruction_form:ldrsb-64-ldst-pos:9cbc9f3a52da7fbe	ldrsb	load-store	0xffc00000	0x39800000	base	ordinary_lowering|architecture_operation	wyst.a64.architecture-operations|wyst.a64.ordinary-lowering	Rt@0:5:0x1f:0x0|Rn@5:5:0x1f:0x0|imm12@10:12:0xfff:0x0	none	gpr:rt:64:0+5:zr:none|address:rn:5+5:sp|uimm:offset:10+12:1	memory_offset	none	rt:xN|rn:address|offset:scaled_unsigned12	rn=xn_or_sp;rn31=sp;rt=xt_or_xzr;rt31=discarded_write_to_xzr	none	sha256:3f3e8c0ebb34eeb59b973d8c6b666af50137c2d7825c63003348002d7b0a1d8f
a64:encoding:ldrsh-64-ldst-pos:05551dc6ee7c0aeb	a64:instruction_form:ldrsh-64-ldst-pos:05551dc6ee7c0aeb	a64:semantic:instruction_form:ldrsh-64-ldst-pos:05551dc6ee7c0aeb	ldrsh	load-store	0xffc00000	0x79800000	base	ordinary_lowering|architecture_operation	wyst.a64.architecture-operations|wyst.a64.ordinary-lowering	Rt@0:5:0x1f:0x0|Rn@5:5:0x1f:0x0|imm12@10:12:0xfff:0x0	none	gpr:rt:64:0+5:zr:none|address:rn:5+5:sp|uimm:offset:10+12:2	memory_offset	none	rt:xN|rn:address|offset:scaled_unsigned12	rn=xn_or_sp;rn31=sp;rt=xt_or_xzr;rt31=discarded_write_to_xzr	none	sha256:3f3e8c0ebb34eeb59b973d8c6b666af50137c2d7825c63003348002d7b0a1d8f
a64:encoding:ldrsw-64-ldst-pos:a320435bd3801acf	a64:instruction_form:ldrsw-64-ldst-pos:a320435bd3801acf	a64:semantic:instruction_form:ldrsw-64-ldst-pos:a320435bd3801acf	ldrsw	load-store	0xffc00000	0xb9800000	base	ordinary_lowering|architecture_operation	wyst.a64.architecture-operations|wyst.a64.ordinary-lowering	Rt@0:5:0x1f:0x0|Rn@5:5:0x1f:0x0|imm12@10:12:0xfff:0x0	none	gpr:rt:64:0+5:zr:none|address:rn:5+5:sp|uimm:offset:10+12:4	memory_offset	none	rt:xN|rn:address|offset:scaled_unsigned12	rn=xn_or_sp;rn31=sp;rt=xt_or_xzr;rt31=discarded_write_to_xzr	none	sha256:3f3e8c0ebb34eeb59b973d8c6b666af50137c2d7825c63003348002d7b0a1d8f
a64:encoding:ldset-32-memop:fb2ad3255eb245f4	a64:instruction_form:ldset-32-memop:fb2ad3255eb245f4	a64:semantic:instruction_form:ldset-32-memop:fb2ad3255eb245f4	ldset	load-store	0xffe0fc00	0xb8203000	FEAT_LSE	ordinary_lowering|architecture_operation	wyst.a64.architecture-operations|wyst.a64.ordinary-lowering	Rt@0:5:0x1f:0x0|Rn@5:5:0x1f:0x0|Rs@16:5:0x1f:0x0	none	gpr:rs_value:32:16+5:zr:none|gpr:rt_prior:32:0+5:zr:none|address:rn:5+5:sp	memory_base	none	rs_value:gpr32|rt_prior:gpr32|rn:address	rn=xn_or_sp;rn31=sp;rs_value=wt_or_wzr;rs_value31=constant_zero_from_wzr;rt_prior=wt_or_wzr;rt_prior31=discarded_write_to_wzr	none	sha256:78acc79118ff687b37748262e911b262e2ded1da7f09bbc93500099b7a564bba
a64:encoding:ldset-64-memop:3f361c3a3ec4d2c1	a64:instruction_form:ldset-64-memop:3f361c3a3ec4d2c1	a64:semantic:instruction_form:ldset-64-memop:3f361c3a3ec4d2c1	ldset	load-store	0xffe0fc00	0xf8203000	FEAT_LSE	ordinary_lowering|architecture_operation	wyst.a64.architecture-operations|wyst.a64.ordinary-lowering	Rt@0:5:0x1f:0x0|Rn@5:5:0x1f:0x0|Rs@16:5:0x1f:0x0	none	gpr:rs_value:64:16+5:zr:none|gpr:rt_prior:64:0+5:zr:none|address:rn:5+5:sp	memory_base	none	rs_value:gpr64|rt_prior:gpr64|rn:address	rn=xn_or_sp;rn31=sp;rs_value=xt_or_xzr;rs_value31=constant_zero_from_xzr;rt_prior=xt_or_xzr;rt_prior31=discarded_write_to_xzr	none	sha256:78acc79118ff687b37748262e911b262e2ded1da7f09bbc93500099b7a564bba
a64:encoding:ldseta-32-memop:ac547821da055573	a64:instruction_form:ldseta-32-memop:ac547821da055573	a64:semantic:instruction_form:ldseta-32-memop:ac547821da055573	ldseta	load-store	0xffe0fc00	0xb8a03000	FEAT_LSE	ordinary_lowering|architecture_operation	wyst.a64.architecture-operations|wyst.a64.ordinary-lowering	Rt@0:5:0x1f:0x0|Rn@5:5:0x1f:0x0|Rs@16:5:0x1f:0x0	none	gpr:rs_value:32:16+5:zr:none|gpr:rt_prior:32:0+5:zr:none|address:rn:5+5:sp	memory_base	none	rs_value:gpr32|rt_prior:gpr32|rn:address	rn=xn_or_sp;rn31=sp;rs_value=wt_or_wzr;rs_value31=constant_zero_from_wzr;rt_prior=wt_or_wzr;rt_prior31=discarded_write_to_wzr	none	sha256:78acc79118ff687b37748262e911b262e2ded1da7f09bbc93500099b7a564bba
a64:encoding:ldseta-64-memop:33a630a9fc86e3fc	a64:instruction_form:ldseta-64-memop:33a630a9fc86e3fc	a64:semantic:instruction_form:ldseta-64-memop:33a630a9fc86e3fc	ldseta	load-store	0xffe0fc00	0xf8a03000	FEAT_LSE	ordinary_lowering|architecture_operation	wyst.a64.architecture-operations|wyst.a64.ordinary-lowering	Rt@0:5:0x1f:0x0|Rn@5:5:0x1f:0x0|Rs@16:5:0x1f:0x0	none	gpr:rs_value:64:16+5:zr:none|gpr:rt_prior:64:0+5:zr:none|address:rn:5+5:sp	memory_base	none	rs_value:gpr64|rt_prior:gpr64|rn:address	rn=xn_or_sp;rn31=sp;rs_value=xt_or_xzr;rs_value31=constant_zero_from_xzr;rt_prior=xt_or_xzr;rt_prior31=discarded_write_to_xzr	none	sha256:78acc79118ff687b37748262e911b262e2ded1da7f09bbc93500099b7a564bba
a64:encoding:ldsetab-32-memop:04eaa0c5822d7a4a	a64:instruction_form:ldsetab-32-memop:04eaa0c5822d7a4a	a64:semantic:instruction_form:ldsetab-32-memop:04eaa0c5822d7a4a	ldsetab	load-store	0xffe0fc00	0x38a03000	FEAT_LSE	ordinary_lowering|architecture_operation	wyst.a64.architecture-operations|wyst.a64.ordinary-lowering	Rt@0:5:0x1f:0x0|Rn@5:5:0x1f:0x0|Rs@16:5:0x1f:0x0	none	gpr:rs_value:32:16+5:zr:none|gpr:rt_prior:32:0+5:zr:none|address:rn:5+5:sp	memory_base	none	rs_value:gpr32|rt_prior:gpr32|rn:address	rn=xn_or_sp;rn31=sp;rs_value=wt_or_wzr;rs_value31=constant_zero_from_wzr;rt_prior=wt_or_wzr;rt_prior31=discarded_write_to_wzr	none	sha256:78acc79118ff687b37748262e911b262e2ded1da7f09bbc93500099b7a564bba
a64:encoding:ldsetah-32-memop:cd35c2e8d5847f4d	a64:instruction_form:ldsetah-32-memop:cd35c2e8d5847f4d	a64:semantic:instruction_form:ldsetah-32-memop:cd35c2e8d5847f4d	ldsetah	load-store	0xffe0fc00	0x78a03000	FEAT_LSE	ordinary_lowering|architecture_operation	wyst.a64.architecture-operations|wyst.a64.ordinary-lowering	Rt@0:5:0x1f:0x0|Rn@5:5:0x1f:0x0|Rs@16:5:0x1f:0x0	none	gpr:rs_value:32:16+5:zr:none|gpr:rt_prior:32:0+5:zr:none|address:rn:5+5:sp	memory_base	none	rs_value:gpr32|rt_prior:gpr32|rn:address	rn=xn_or_sp;rn31=sp;rs_value=wt_or_wzr;rs_value31=constant_zero_from_wzr;rt_prior=wt_or_wzr;rt_prior31=discarded_write_to_wzr	none	sha256:78acc79118ff687b37748262e911b262e2ded1da7f09bbc93500099b7a564bba
a64:encoding:ldsetal-32-memop:3f7ad699b997867b	a64:instruction_form:ldsetal-32-memop:3f7ad699b997867b	a64:semantic:instruction_form:ldsetal-32-memop:3f7ad699b997867b	ldsetal	load-store	0xffe0fc00	0xb8e03000	FEAT_LSE	ordinary_lowering|architecture_operation	wyst.a64.architecture-operations|wyst.a64.ordinary-lowering	Rt@0:5:0x1f:0x0|Rn@5:5:0x1f:0x0|Rs@16:5:0x1f:0x0	none	gpr:rs_value:32:16+5:zr:none|gpr:rt_prior:32:0+5:zr:none|address:rn:5+5:sp	memory_base	none	rs_value:gpr32|rt_prior:gpr32|rn:address	rn=xn_or_sp;rn31=sp;rs_value=wt_or_wzr;rs_value31=constant_zero_from_wzr;rt_prior=wt_or_wzr;rt_prior31=discarded_write_to_wzr	none	sha256:78acc79118ff687b37748262e911b262e2ded1da7f09bbc93500099b7a564bba
a64:encoding:ldsetal-64-memop:3e856593a2a74dc4	a64:instruction_form:ldsetal-64-memop:3e856593a2a74dc4	a64:semantic:instruction_form:ldsetal-64-memop:3e856593a2a74dc4	ldsetal	load-store	0xffe0fc00	0xf8e03000	FEAT_LSE	ordinary_lowering|architecture_operation	wyst.a64.architecture-operations|wyst.a64.ordinary-lowering	Rt@0:5:0x1f:0x0|Rn@5:5:0x1f:0x0|Rs@16:5:0x1f:0x0	none	gpr:rs_value:64:16+5:zr:none|gpr:rt_prior:64:0+5:zr:none|address:rn:5+5:sp	memory_base	none	rs_value:gpr64|rt_prior:gpr64|rn:address	rn=xn_or_sp;rn31=sp;rs_value=xt_or_xzr;rs_value31=constant_zero_from_xzr;rt_prior=xt_or_xzr;rt_prior31=discarded_write_to_xzr	none	sha256:78acc79118ff687b37748262e911b262e2ded1da7f09bbc93500099b7a564bba
a64:encoding:ldsetalb-32-memop:80818cef39c18621	a64:instruction_form:ldsetalb-32-memop:80818cef39c18621	a64:semantic:instruction_form:ldsetalb-32-memop:80818cef39c18621	ldsetalb	load-store	0xffe0fc00	0x38e03000	FEAT_LSE	ordinary_lowering|architecture_operation	wyst.a64.architecture-operations|wyst.a64.ordinary-lowering	Rt@0:5:0x1f:0x0|Rn@5:5:0x1f:0x0|Rs@16:5:0x1f:0x0	none	gpr:rs_value:32:16+5:zr:none|gpr:rt_prior:32:0+5:zr:none|address:rn:5+5:sp	memory_base	none	rs_value:gpr32|rt_prior:gpr32|rn:address	rn=xn_or_sp;rn31=sp;rs_value=wt_or_wzr;rs_value31=constant_zero_from_wzr;rt_prior=wt_or_wzr;rt_prior31=discarded_write_to_wzr	none	sha256:78acc79118ff687b37748262e911b262e2ded1da7f09bbc93500099b7a564bba
a64:encoding:ldsetalh-32-memop:a2ade142b5a08bf7	a64:instruction_form:ldsetalh-32-memop:a2ade142b5a08bf7	a64:semantic:instruction_form:ldsetalh-32-memop:a2ade142b5a08bf7	ldsetalh	load-store	0xffe0fc00	0x78e03000	FEAT_LSE	ordinary_lowering|architecture_operation	wyst.a64.architecture-operations|wyst.a64.ordinary-lowering	Rt@0:5:0x1f:0x0|Rn@5:5:0x1f:0x0|Rs@16:5:0x1f:0x0	none	gpr:rs_value:32:16+5:zr:none|gpr:rt_prior:32:0+5:zr:none|address:rn:5+5:sp	memory_base	none	rs_value:gpr32|rt_prior:gpr32|rn:address	rn=xn_or_sp;rn31=sp;rs_value=wt_or_wzr;rs_value31=constant_zero_from_wzr;rt_prior=wt_or_wzr;rt_prior31=discarded_write_to_wzr	none	sha256:78acc79118ff687b37748262e911b262e2ded1da7f09bbc93500099b7a564bba
a64:encoding:ldsetb-32-memop:98737382bf296624	a64:instruction_form:ldsetb-32-memop:98737382bf296624	a64:semantic:instruction_form:ldsetb-32-memop:98737382bf296624	ldsetb	load-store	0xffe0fc00	0x38203000	FEAT_LSE	ordinary_lowering|architecture_operation	wyst.a64.architecture-operations|wyst.a64.ordinary-lowering	Rt@0:5:0x1f:0x0|Rn@5:5:0x1f:0x0|Rs@16:5:0x1f:0x0	none	gpr:rs_value:32:16+5:zr:none|gpr:rt_prior:32:0+5:zr:none|address:rn:5+5:sp	memory_base	none	rs_value:gpr32|rt_prior:gpr32|rn:address	rn=xn_or_sp;rn31=sp;rs_value=wt_or_wzr;rs_value31=constant_zero_from_wzr;rt_prior=wt_or_wzr;rt_prior31=discarded_write_to_wzr	none	sha256:78acc79118ff687b37748262e911b262e2ded1da7f09bbc93500099b7a564bba
a64:encoding:ldseth-32-memop:5d5ec6a8919dffab	a64:instruction_form:ldseth-32-memop:5d5ec6a8919dffab	a64:semantic:instruction_form:ldseth-32-memop:5d5ec6a8919dffab	ldseth	load-store	0xffe0fc00	0x78203000	FEAT_LSE	ordinary_lowering|architecture_operation	wyst.a64.architecture-operations|wyst.a64.ordinary-lowering	Rt@0:5:0x1f:0x0|Rn@5:5:0x1f:0x0|Rs@16:5:0x1f:0x0	none	gpr:rs_value:32:16+5:zr:none|gpr:rt_prior:32:0+5:zr:none|address:rn:5+5:sp	memory_base	none	rs_value:gpr32|rt_prior:gpr32|rn:address	rn=xn_or_sp;rn31=sp;rs_value=wt_or_wzr;rs_value31=constant_zero_from_wzr;rt_prior=wt_or_wzr;rt_prior31=discarded_write_to_wzr	none	sha256:78acc79118ff687b37748262e911b262e2ded1da7f09bbc93500099b7a564bba
a64:encoding:ldsetl-32-memop:4dc8df7454279624	a64:instruction_form:ldsetl-32-memop:4dc8df7454279624	a64:semantic:instruction_form:ldsetl-32-memop:4dc8df7454279624	ldsetl	load-store	0xffe0fc00	0xb8603000	FEAT_LSE	ordinary_lowering|architecture_operation	wyst.a64.architecture-operations|wyst.a64.ordinary-lowering	Rt@0:5:0x1f:0x0|Rn@5:5:0x1f:0x0|Rs@16:5:0x1f:0x0	none	gpr:rs_value:32:16+5:zr:none|gpr:rt_prior:32:0+5:zr:none|address:rn:5+5:sp	memory_base	none	rs_value:gpr32|rt_prior:gpr32|rn:address	rn=xn_or_sp;rn31=sp;rs_value=wt_or_wzr;rs_value31=constant_zero_from_wzr;rt_prior=wt_or_wzr;rt_prior31=discarded_write_to_wzr	none	sha256:78acc79118ff687b37748262e911b262e2ded1da7f09bbc93500099b7a564bba
a64:encoding:ldsetl-64-memop:5b784010ab5fa51b	a64:instruction_form:ldsetl-64-memop:5b784010ab5fa51b	a64:semantic:instruction_form:ldsetl-64-memop:5b784010ab5fa51b	ldsetl	load-store	0xffe0fc00	0xf8603000	FEAT_LSE	ordinary_lowering|architecture_operation	wyst.a64.architecture-operations|wyst.a64.ordinary-lowering	Rt@0:5:0x1f:0x0|Rn@5:5:0x1f:0x0|Rs@16:5:0x1f:0x0	none	gpr:rs_value:64:16+5:zr:none|gpr:rt_prior:64:0+5:zr:none|address:rn:5+5:sp	memory_base	none	rs_value:gpr64|rt_prior:gpr64|rn:address	rn=xn_or_sp;rn31=sp;rs_value=xt_or_xzr;rs_value31=constant_zero_from_xzr;rt_prior=xt_or_xzr;rt_prior31=discarded_write_to_xzr	none	sha256:78acc79118ff687b37748262e911b262e2ded1da7f09bbc93500099b7a564bba
a64:encoding:ldsetlb-32-memop:b7b2236d94236028	a64:instruction_form:ldsetlb-32-memop:b7b2236d94236028	a64:semantic:instruction_form:ldsetlb-32-memop:b7b2236d94236028	ldsetlb	load-store	0xffe0fc00	0x38603000	FEAT_LSE	ordinary_lowering|architecture_operation	wyst.a64.architecture-operations|wyst.a64.ordinary-lowering	Rt@0:5:0x1f:0x0|Rn@5:5:0x1f:0x0|Rs@16:5:0x1f:0x0	none	gpr:rs_value:32:16+5:zr:none|gpr:rt_prior:32:0+5:zr:none|address:rn:5+5:sp	memory_base	none	rs_value:gpr32|rt_prior:gpr32|rn:address	rn=xn_or_sp;rn31=sp;rs_value=wt_or_wzr;rs_value31=constant_zero_from_wzr;rt_prior=wt_or_wzr;rt_prior31=discarded_write_to_wzr	none	sha256:78acc79118ff687b37748262e911b262e2ded1da7f09bbc93500099b7a564bba
a64:encoding:ldsetlh-32-memop:000d15c1d56278f1	a64:instruction_form:ldsetlh-32-memop:000d15c1d56278f1	a64:semantic:instruction_form:ldsetlh-32-memop:000d15c1d56278f1	ldsetlh	load-store	0xffe0fc00	0x78603000	FEAT_LSE	ordinary_lowering|architecture_operation	wyst.a64.architecture-operations|wyst.a64.ordinary-lowering	Rt@0:5:0x1f:0x0|Rn@5:5:0x1f:0x0|Rs@16:5:0x1f:0x0	none	gpr:rs_value:32:16+5:zr:none|gpr:rt_prior:32:0+5:zr:none|address:rn:5+5:sp	memory_base	none	rs_value:gpr32|rt_prior:gpr32|rn:address	rn=xn_or_sp;rn31=sp;rs_value=wt_or_wzr;rs_value31=constant_zero_from_wzr;rt_prior=wt_or_wzr;rt_prior31=discarded_write_to_wzr	none	sha256:78acc79118ff687b37748262e911b262e2ded1da7f09bbc93500099b7a564bba
a64:encoding:ldur-32-ldst-unscaled:f8939d652ad0d310	a64:instruction_form:ldur-32-ldst-unscaled:f8939d652ad0d310	a64:semantic:instruction_form:ldur-32-ldst-unscaled:f8939d652ad0d310	ldur	load-store	0xffe00c00	0xb8400000	base	ordinary_lowering|architecture_operation	wyst.a64.architecture-operations|wyst.a64.ordinary-lowering	Rt@0:5:0x1f:0x0|Rn@5:5:0x1f:0x0|imm9@12:9:0x1ff:0x0	none	gpr:rt:32:0+5:zr:none|address:rn:5+5:sp|simm:offset:12+9:9:1	memory_offset	none	rt:wN|rn:address|offset:signed9	rn=xn_or_sp;rn31=sp;rt=wt_or_wzr;rt31=discarded_write_to_wzr	none	sha256:3f3e8c0ebb34eeb59b973d8c6b666af50137c2d7825c63003348002d7b0a1d8f
a64:encoding:ldur-64-ldst-unscaled:50c20a07526ae23f	a64:instruction_form:ldur-64-ldst-unscaled:50c20a07526ae23f	a64:semantic:instruction_form:ldur-64-ldst-unscaled:50c20a07526ae23f	ldur	load-store	0xffe00c00	0xf8400000	base	ordinary_lowering|architecture_operation	wyst.a64.architecture-operations|wyst.a64.ordinary-lowering	Rt@0:5:0x1f:0x0|Rn@5:5:0x1f:0x0|imm9@12:9:0x1ff:0x0	none	gpr:rt:64:0+5:zr:none|address:rn:5+5:sp|simm:offset:12+9:9:1	memory_offset	none	rt:xN|rn:address|offset:signed9	rn=xn_or_sp;rn31=sp;rt=xt_or_xzr;rt31=discarded_write_to_xzr	none	sha256:3f3e8c0ebb34eeb59b973d8c6b666af50137c2d7825c63003348002d7b0a1d8f
a64:encoding:ldurb-32-ldst-unscaled:bb3ae02db372f7c1	a64:instruction_form:ldurb-32-ldst-unscaled:bb3ae02db372f7c1	a64:semantic:instruction_form:ldurb-32-ldst-unscaled:bb3ae02db372f7c1	ldurb	load-store	0xffe00c00	0x38400000	base	ordinary_lowering|architecture_operation	wyst.a64.architecture-operations|wyst.a64.ordinary-lowering	Rt@0:5:0x1f:0x0|Rn@5:5:0x1f:0x0|imm9@12:9:0x1ff:0x0	none	gpr:rt:32:0+5:zr:none|address:rn:5+5:sp|simm:offset:12+9:9:1	memory_offset	none	rt:wN|rn:address|offset:signed9	rn=xn_or_sp;rn31=sp;rt=wt_or_wzr;rt31=discarded_write_to_wzr	none	sha256:3f3e8c0ebb34eeb59b973d8c6b666af50137c2d7825c63003348002d7b0a1d8f
a64:encoding:ldurh-32-ldst-unscaled:38a50fb5202c241d	a64:instruction_form:ldurh-32-ldst-unscaled:38a50fb5202c241d	a64:semantic:instruction_form:ldurh-32-ldst-unscaled:38a50fb5202c241d	ldurh	load-store	0xffe00c00	0x78400000	base	ordinary_lowering|architecture_operation	wyst.a64.architecture-operations|wyst.a64.ordinary-lowering	Rt@0:5:0x1f:0x0|Rn@5:5:0x1f:0x0|imm9@12:9:0x1ff:0x0	none	gpr:rt:32:0+5:zr:none|address:rn:5+5:sp|simm:offset:12+9:9:1	memory_offset	none	rt:wN|rn:address|offset:signed9	rn=xn_or_sp;rn31=sp;rt=wt_or_wzr;rt31=discarded_write_to_wzr	none	sha256:3f3e8c0ebb34eeb59b973d8c6b666af50137c2d7825c63003348002d7b0a1d8f
a64:encoding:ldursb-64-ldst-unscaled:d5a792c9f64eb291	a64:instruction_form:ldursb-64-ldst-unscaled:d5a792c9f64eb291	a64:semantic:instruction_form:ldursb-64-ldst-unscaled:d5a792c9f64eb291	ldursb	load-store	0xffe00c00	0x38800000	base	ordinary_lowering|architecture_operation	wyst.a64.architecture-operations|wyst.a64.ordinary-lowering	Rt@0:5:0x1f:0x0|Rn@5:5:0x1f:0x0|imm9@12:9:0x1ff:0x0	none	gpr:rt:64:0+5:zr:none|address:rn:5+5:sp|simm:offset:12+9:9:1	memory_offset	none	rt:xN|rn:address|offset:signed9	rn=xn_or_sp;rn31=sp;rt=xt_or_xzr;rt31=discarded_write_to_xzr	none	sha256:3f3e8c0ebb34eeb59b973d8c6b666af50137c2d7825c63003348002d7b0a1d8f
a64:encoding:ldursh-64-ldst-unscaled:ad943257461ae0fc	a64:instruction_form:ldursh-64-ldst-unscaled:ad943257461ae0fc	a64:semantic:instruction_form:ldursh-64-ldst-unscaled:ad943257461ae0fc	ldursh	load-store	0xffe00c00	0x78800000	base	ordinary_lowering|architecture_operation	wyst.a64.architecture-operations|wyst.a64.ordinary-lowering	Rt@0:5:0x1f:0x0|Rn@5:5:0x1f:0x0|imm9@12:9:0x1ff:0x0	none	gpr:rt:64:0+5:zr:none|address:rn:5+5:sp|simm:offset:12+9:9:1	memory_offset	none	rt:xN|rn:address|offset:signed9	rn=xn_or_sp;rn31=sp;rt=xt_or_xzr;rt31=discarded_write_to_xzr	none	sha256:3f3e8c0ebb34eeb59b973d8c6b666af50137c2d7825c63003348002d7b0a1d8f
a64:encoding:ldursw-64-ldst-unscaled:03f698b1f6aad1ee	a64:instruction_form:ldursw-64-ldst-unscaled:03f698b1f6aad1ee	a64:semantic:instruction_form:ldursw-64-ldst-unscaled:03f698b1f6aad1ee	ldursw	load-store	0xffe00c00	0xb8800000	base	ordinary_lowering|architecture_operation	wyst.a64.architecture-operations|wyst.a64.ordinary-lowering	Rt@0:5:0x1f:0x0|Rn@5:5:0x1f:0x0|imm9@12:9:0x1ff:0x0	none	gpr:rt:64:0+5:zr:none|address:rn:5+5:sp|simm:offset:12+9:9:1	memory_offset	none	rt:xN|rn:address|offset:signed9	rn=xn_or_sp;rn31=sp;rt=xt_or_xzr;rt31=discarded_write_to_xzr	none	sha256:3f3e8c0ebb34eeb59b973d8c6b666af50137c2d7825c63003348002d7b0a1d8f
a64:encoding:ldxr-lr32-ldstexclr:cc1b25433b43898e	a64:instruction_form:ldxr-lr32-ldstexclr:cc1b25433b43898e	a64:semantic:instruction_form:ldxr-lr32-ldstexclr:cc1b25433b43898e	ldxr	load-store	0xfffffc00	0x885f7c00	base	ordinary_lowering|architecture_operation	wyst.a64.architecture-operations|wyst.a64.ordinary-lowering	Rt@0:5:0x1f:0x0|Rn@5:5:0x1f:0x0	none	gpr:rt_result:32:0+5:zr:none|address:rn:5+5:sp	memory_base	none	rt_result:gpr32|rn:address	rn=xn_or_sp;rn31=sp;rt_result=wt_or_wzr;rt_result31=discarded_write_to_wzr	none	sha256:3f3e8c0ebb34eeb59b973d8c6b666af50137c2d7825c63003348002d7b0a1d8f
a64:encoding:ldxr-lr64-ldstexclr:bccf397cee5fbcc5	a64:instruction_form:ldxr-lr64-ldstexclr:bccf397cee5fbcc5	a64:semantic:instruction_form:ldxr-lr64-ldstexclr:bccf397cee5fbcc5	ldxr	load-store	0xfffffc00	0xc85f7c00	base	ordinary_lowering|architecture_operation	wyst.a64.architecture-operations|wyst.a64.ordinary-lowering	Rt@0:5:0x1f:0x0|Rn@5:5:0x1f:0x0	none	gpr:rt_result:64:0+5:zr:none|address:rn:5+5:sp	memory_base	none	rt_result:gpr64|rn:address	rn=xn_or_sp;rn31=sp;rt_result=xt_or_xzr;rt_result31=discarded_write_to_xzr	none	sha256:3f3e8c0ebb34eeb59b973d8c6b666af50137c2d7825c63003348002d7b0a1d8f
a64:encoding:ldxrb-lr32-ldstexclr:da56b0aede6b8b68	a64:instruction_form:ldxrb-lr32-ldstexclr:da56b0aede6b8b68	a64:semantic:instruction_form:ldxrb-lr32-ldstexclr:da56b0aede6b8b68	ldxrb	load-store	0xfffffc00	0x085f7c00	base	ordinary_lowering|architecture_operation	wyst.a64.architecture-operations|wyst.a64.ordinary-lowering	Rt@0:5:0x1f:0x0|Rn@5:5:0x1f:0x0	none	gpr:rt_result:32:0+5:zr:none|address:rn:5+5:sp	memory_base	none	rt_result:gpr32|rn:address	rn=xn_or_sp;rn31=sp;rt_result=wt_or_wzr;rt_result31=discarded_write_to_wzr	none	sha256:3f3e8c0ebb34eeb59b973d8c6b666af50137c2d7825c63003348002d7b0a1d8f
a64:encoding:ldxrh-lr32-ldstexclr:70f5d0e7f3e71ab0	a64:instruction_form:ldxrh-lr32-ldstexclr:70f5d0e7f3e71ab0	a64:semantic:instruction_form:ldxrh-lr32-ldstexclr:70f5d0e7f3e71ab0	ldxrh	load-store	0xfffffc00	0x485f7c00	base	ordinary_lowering|architecture_operation	wyst.a64.architecture-operations|wyst.a64.ordinary-lowering	Rt@0:5:0x1f:0x0|Rn@5:5:0x1f:0x0	none	gpr:rt_result:32:0+5:zr:none|address:rn:5+5:sp	memory_base	none	rt_result:gpr32|rn:address	rn=xn_or_sp;rn31=sp;rt_result=wt_or_wzr;rt_result31=discarded_write_to_wzr	none	sha256:3f3e8c0ebb34eeb59b973d8c6b666af50137c2d7825c63003348002d7b0a1d8f
a64:encoding:lslv-32-dp-2src:2a90a55541f8982d	a64:instruction_form:lslv-32-dp-2src:2a90a55541f8982d	a64:semantic:instruction_form:lslv-32-dp-2src:2a90a55541f8982d	lslv	other	0xffe0fc00	0x1ac02000	base	ordinary_lowering|architecture_operation	wyst.a64.architecture-operations|wyst.a64.ordinary-lowering	Rd@0:5:0x1f:0x0|Rn@5:5:0x1f:0x0|Rm@16:5:0x1f:0x0	none	gpr:rd:32:0+5:zr:none|gpr:rn:32:5+5:zr:none|gpr:rm:32:16+5:zr:none	plain	none	rd:gpr32|rn:gpr32|rm:gpr32	none	none	sha256:3f3e8c0ebb34eeb59b973d8c6b666af50137c2d7825c63003348002d7b0a1d8f
a64:encoding:lslv-64-dp-2src:fa21508dbd3745a4	a64:instruction_form:lslv-64-dp-2src:fa21508dbd3745a4	a64:semantic:instruction_form:lslv-64-dp-2src:fa21508dbd3745a4	lslv	other	0xffe0fc00	0x9ac02000	base	ordinary_lowering|architecture_operation	wyst.a64.architecture-operations|wyst.a64.ordinary-lowering	Rd@0:5:0x1f:0x0|Rn@5:5:0x1f:0x0|Rm@16:5:0x1f:0x0	none	gpr:rd:64:0+5:zr:none|gpr:rn:64:5+5:zr:none|gpr:rm:64:16+5:zr:none	plain	none	rd:gpr64|rn:gpr64|rm:gpr64	none	none	sha256:3f3e8c0ebb34eeb59b973d8c6b666af50137c2d7825c63003348002d7b0a1d8f
a64:encoding:lsrv-32-dp-2src:d626751e26ae2519	a64:instruction_form:lsrv-32-dp-2src:d626751e26ae2519	a64:semantic:instruction_form:lsrv-32-dp-2src:d626751e26ae2519	lsrv	other	0xffe0fc00	0x1ac02400	base	ordinary_lowering|architecture_operation	wyst.a64.architecture-operations|wyst.a64.ordinary-lowering	Rd@0:5:0x1f:0x0|Rn@5:5:0x1f:0x0|Rm@16:5:0x1f:0x0	none	gpr:rd:32:0+5:zr:none|gpr:rn:32:5+5:zr:none|gpr:rm:32:16+5:zr:none	plain	none	rd:gpr32|rn:gpr32|rm:gpr32	none	none	sha256:3f3e8c0ebb34eeb59b973d8c6b666af50137c2d7825c63003348002d7b0a1d8f
a64:encoding:lsrv-64-dp-2src:c8e12fe372dfebd9	a64:instruction_form:lsrv-64-dp-2src:c8e12fe372dfebd9	a64:semantic:instruction_form:lsrv-64-dp-2src:c8e12fe372dfebd9	lsrv	other	0xffe0fc00	0x9ac02400	base	ordinary_lowering|architecture_operation	wyst.a64.architecture-operations|wyst.a64.ordinary-lowering	Rd@0:5:0x1f:0x0|Rn@5:5:0x1f:0x0|Rm@16:5:0x1f:0x0	none	gpr:rd:64:0+5:zr:none|gpr:rn:64:5+5:zr:none|gpr:rm:64:16+5:zr:none	plain	none	rd:gpr64|rn:gpr64|rm:gpr64	none	none	sha256:3f3e8c0ebb34eeb59b973d8c6b666af50137c2d7825c63003348002d7b0a1d8f
a64:encoding:madd-32a-dp-3src:8019207cff33f264	a64:instruction_form:madd-32a-dp-3src:8019207cff33f264	a64:semantic:instruction_form:madd-32a-dp-3src:8019207cff33f264	madd	other	0xffe08000	0x1b000000	base	ordinary_lowering|architecture_operation	wyst.a64.architecture-operations|wyst.a64.ordinary-lowering	Rd@0:5:0x1f:0x0|Rn@5:5:0x1f:0x0|Ra@10:5:0x1f:0x0|Rm@16:5:0x1f:0x0	none	gpr:rd:32:0+5:zr:none|gpr:rn:32:5+5:zr:none|gpr:rm:32:16+5:zr:none|gpr:ra:32:10+5:zr:none	plain	none	rd:gpr32|rn:gpr32|rm:gpr32|ra:gpr32	none	none	sha256:3f3e8c0ebb34eeb59b973d8c6b666af50137c2d7825c63003348002d7b0a1d8f
a64:encoding:madd-64a-dp-3src:1f4f649eddc92162	a64:instruction_form:madd-64a-dp-3src:1f4f649eddc92162	a64:semantic:instruction_form:madd-64a-dp-3src:1f4f649eddc92162	madd	other	0xffe08000	0x9b000000	base	ordinary_lowering|architecture_operation	wyst.a64.architecture-operations|wyst.a64.ordinary-lowering	Rd@0:5:0x1f:0x0|Rn@5:5:0x1f:0x0|Ra@10:5:0x1f:0x0|Rm@16:5:0x1f:0x0	none	gpr:rd:64:0+5:zr:none|gpr:rn:64:5+5:zr:none|gpr:rm:64:16+5:zr:none|gpr:ra:64:10+5:zr:none	plain	none	rd:gpr64|rn:gpr64|rm:gpr64|ra:gpr64	none	none	sha256:3f3e8c0ebb34eeb59b973d8c6b666af50137c2d7825c63003348002d7b0a1d8f
a64:encoding:movk-32-movewide:55e88e486d490315	a64:instruction_form:movk-32-movewide:55e88e486d490315	a64:semantic:instruction_form:movk-32-movewide:55e88e486d490315	movk	move	0xffc00000	0x72800000	base	ordinary_lowering|architecture_operation	wyst.a64.architecture-operations|wyst.a64.ordinary-lowering	Rd@0:5:0x1f:0x0|imm16@5:16:0xffff:0x0|hw@21:2:0x1:0x0	none	gpr:rd:32:0+5:zr:none|uimm:imm16:5+16:1|scaled_uimm:shift:21+2:16:0	plain	none	rd:gpr32|imm16:u16|shift:move_wide_shift	none	none	sha256:3f3e8c0ebb34eeb59b973d8c6b666af50137c2d7825c63003348002d7b0a1d8f
a64:encoding:movk-64-movewide:3ad00d53172c4feb	a64:instruction_form:movk-64-movewide:3ad00d53172c4feb	a64:semantic:instruction_form:movk-64-movewide:3ad00d53172c4feb	movk	move	0xff800000	0xf2800000	base	ordinary_lowering|architecture_operation	wyst.a64.architecture-operations|wyst.a64.ordinary-lowering	Rd@0:5:0x1f:0x0|imm16@5:16:0xffff:0x0|hw@21:2:0x3:0x0	none	gpr:rd:64:0+5:zr:none|uimm:imm16:5+16:1|scaled_uimm:shift:21+2:16:0	plain	none	rd:gpr64|imm16:u16|shift:move_wide_shift	none	none	sha256:3f3e8c0ebb34eeb59b973d8c6b666af50137c2d7825c63003348002d7b0a1d8f
a64:encoding:movn-32-movewide:b1fe42df0c42d474	a64:instruction_form:movn-32-movewide:b1fe42df0c42d474	a64:semantic:instruction_form:movn-32-movewide:b1fe42df0c42d474	movn	move	0xffc00000	0x12800000	base	ordinary_lowering|architecture_operation	wyst.a64.architecture-operations|wyst.a64.ordinary-lowering	Rd@0:5:0x1f:0x0|imm16@5:16:0xffff:0x0|hw@21:2:0x1:0x0	none	gpr:rd:32:0+5:zr:none|uimm:imm16:5+16:1|scaled_uimm:shift:21+2:16:0	plain	none	rd:gpr32|imm16:u16|shift:move_wide_shift	none	none	sha256:3f3e8c0ebb34eeb59b973d8c6b666af50137c2d7825c63003348002d7b0a1d8f
a64:encoding:movn-64-movewide:fe9047210c010f84	a64:instruction_form:movn-64-movewide:fe9047210c010f84	a64:semantic:instruction_form:movn-64-movewide:fe9047210c010f84	movn	move	0xff800000	0x92800000	base	ordinary_lowering|architecture_operation	wyst.a64.architecture-operations|wyst.a64.ordinary-lowering	Rd@0:5:0x1f:0x0|imm16@5:16:0xffff:0x0|hw@21:2:0x3:0x0	none	gpr:rd:64:0+5:zr:none|uimm:imm16:5+16:1|scaled_uimm:shift:21+2:16:0	plain	none	rd:gpr64|imm16:u16|shift:move_wide_shift	none	none	sha256:3f3e8c0ebb34eeb59b973d8c6b666af50137c2d7825c63003348002d7b0a1d8f
a64:encoding:movz-32-movewide:d60f8cfb1c02dac7	a64:instruction_form:movz-32-movewide:d60f8cfb1c02dac7	a64:semantic:instruction_form:movz-32-movewide:d60f8cfb1c02dac7	movz	move	0xffc00000	0x52800000	base	ordinary_lowering|architecture_operation	wyst.a64.architecture-operations|wyst.a64.ordinary-lowering	Rd@0:5:0x1f:0x0|imm16@5:16:0xffff:0x0|hw@21:2:0x1:0x0	none	gpr:rd:32:0+5:zr:none|uimm:imm16:5+16:1|scaled_uimm:shift:21+2:16:0	plain	none	rd:gpr32|imm16:u16|shift:move_wide_shift	none	none	sha256:3f3e8c0ebb34eeb59b973d8c6b666af50137c2d7825c63003348002d7b0a1d8f
a64:encoding:movz-64-movewide:d0a91a38c45d2188	a64:instruction_form:movz-64-movewide:d0a91a38c45d2188	a64:semantic:instruction_form:movz-64-movewide:d0a91a38c45d2188	movz	move	0xff800000	0xd2800000	base	ordinary_lowering|architecture_operation	wyst.a64.architecture-operations|wyst.a64.ordinary-lowering	Rd@0:5:0x1f:0x0|imm16@5:16:0xffff:0x0|hw@21:2:0x3:0x0	none	gpr:rd:64:0+5:zr:none|uimm:imm16:5+16:1|scaled_uimm:shift:21+2:16:0	plain	none	rd:gpr64|imm16:u16|shift:move_wide_shift	none	none	sha256:3f3e8c0ebb34eeb59b973d8c6b666af50137c2d7825c63003348002d7b0a1d8f
a64:encoding:mrs-rs-systemmove:fdea91bb8b1da9f3	a64:instruction_form:mrs-rs-systemmove:fdea91bb8b1da9f3	a64:semantic:instruction_form:mrs-rs-systemmove:fdea91bb8b1da9f3	mrs	system	0xfff00000	0xd5300000	base	ordinary_lowering|checked_asm|architecture_operation	wyst.a64.architecture-operations|wyst.a64.checked-asm.core|wyst.a64.ordinary-lowering	Rt@0:5:0x1f:0x0|op2@5:3:0x7:0x0|CRm@8:4:0xf:0x0|CRn@12:4:0xf:0x0|op1@16:3:0x7:0x0|o0@19:1:0x1:0x0	sysreg:read:o0,op1,CRn,CRm,op2	gpr:rt:64:0+5:zr:none|sysreg:sysreg:5+16:read	plain	none	rt:xt_or_xzr|sysreg:cataloged	rt=xt_or_xzr;rt31=xzr	none	sha256:3f3e8c0ebb34eeb59b973d8c6b666af50137c2d7825c63003348002d7b0a1d8f
a64:encoding:msr-si-pstate:b0386a27bd1b1451	a64:instruction_form:msr-si-pstate:b0386a27bd1b1451	a64:semantic:instruction_form:msr-si-pstate:b0386a27bd1b1451	msr	system	0xfff8f01f	0xd500401f	base	ordinary_lowering|architecture_operation	wyst.a64.architecture-operations|wyst.a64.ordinary-lowering	op2@5:3:0x7:0x0|CRm@8:4:0xf:0x0|op1@16:3:0x7:0x0	authority:pstate_field:op1,CRm,op2	pstate:pstate_field:16+3,8+4,5+3|uimm:imm4:8+4:1	plain	none	pstate_field:authenticated|imm4:u4	op1|crm|op2=authenticated_pstate_field	none	sha256:02777400284069396771b730421331e6b4f29a052996a47144807a51071e0f9a
a64:encoding:msr-sr-systemmove:7c3955c1b3ed2abe	a64:instruction_form:msr-sr-systemmove:7c3955c1b3ed2abe	a64:semantic:instruction_form:msr-sr-systemmove:7c3955c1b3ed2abe	msr	system	0xfff00000	0xd5100000	base	ordinary_lowering|checked_asm|architecture_operation	wyst.a64.architecture-operations|wyst.a64.checked-asm.core|wyst.a64.ordinary-lowering	Rt@0:5:0x1f:0x0|op2@5:3:0x7:0x0|CRm@8:4:0xf:0x0|CRn@12:4:0xf:0x0|op1@16:3:0x7:0x0|o0@19:1:0x1:0x0	sysreg:write:o0,op1,CRn,CRm,op2	sysreg:sysreg:5+16:write|gpr:rt:64:0+5:zr:none	plain	none	sysreg:cataloged|rt:xt_or_xzr	rt=xt_or_xzr;rt31=xzr	none	sha256:3f3e8c0ebb34eeb59b973d8c6b666af50137c2d7825c63003348002d7b0a1d8f
a64:encoding:msub-64a-dp-3src:7a9bf9c072758980	a64:instruction_form:msub-64a-dp-3src:7a9bf9c072758980	a64:semantic:instruction_form:msub-64a-dp-3src:7a9bf9c072758980	msub	other	0xffe08000	0x9b008000	base	ordinary_lowering|architecture_operation	wyst.a64.architecture-operations|wyst.a64.ordinary-lowering	Rd@0:5:0x1f:0x0|Rn@5:5:0x1f:0x0|Ra@10:5:0x1f:0x0|Rm@16:5:0x1f:0x0	none	gpr:rd:64:0+5:zr:none|gpr:rn:64:5+5:zr:none|gpr:rm:64:16+5:zr:none|gpr:ra:64:10+5:zr:none	plain	none	rd:gpr64|rn:gpr64|rm:gpr64|ra:gpr64	none	none	sha256:3f3e8c0ebb34eeb59b973d8c6b666af50137c2d7825c63003348002d7b0a1d8f
a64:encoding:mul-asimdsame-only:99bd6112b2310971	a64:instruction_form:mul-asimdsame-only:99bd6112b2310971	a64:semantic:instruction_form:mul-asimdsame-only:99bd6112b2310971	mul	other	0xbf20fc00	0x0e209c00	FEAT_AdvSIMD	ordinary_lowering|architecture_operation	wyst.a64.architecture-operations|wyst.a64.ordinary-lowering	Rd@0:5:0x1f:0x0|Rn@5:5:0x1f:0x0|Rm@16:5:0x1f:0x0|size@22:2:0x3:0x0|Q@30:1:0x1:0x0	none	simd:vd:0+5:22+2,30+1:0=8b,1=16b,2=4h,3=8h,4=2s,5=4s|simd:vn:5+5:22+2,30+1:0=8b,1=16b,2=4h,3=8h,4=2s,5=4s|simd:vm:16+5:22+2,30+1:0=8b,1=16b,2=4h,3=8h,4=2s,5=4s	plain	none	vd:simd|vn:simd|vm:simd	none	none	sha256:bf98b8bcb1ce7073600e82489c120a3ffd1f3310f5e22a2705d8331c1d255755
a64:encoding:neg-asimdmisc-r:57c128dde22f2b1c	a64:instruction_form:neg-asimdmisc-r:57c128dde22f2b1c	a64:semantic:instruction_form:neg-asimdmisc-r:57c128dde22f2b1c	neg	other	0xbf3ffc00	0x2e20b800	FEAT_AdvSIMD	ordinary_lowering|architecture_operation	wyst.a64.architecture-operations|wyst.a64.ordinary-lowering	Rd@0:5:0x1f:0x0|Rn@5:5:0x1f:0x0|size@22:2:0x3:0x0|Q@30:1:0x1:0x0	none	simd:vd:0+5:22+2,30+1:0=8b,1=16b,2=4h,3=8h,4=2s,5=4s,7=2d|simd:vn:5+5:22+2,30+1:0=8b,1=16b,2=4h,3=8h,4=2s,5=4s,7=2d	plain	none	vd:simd|vn:simd	none	none	sha256:bf98b8bcb1ce7073600e82489c120a3ffd1f3310f5e22a2705d8331c1d255755
a64:encoding:nop-hi-hints:6782157752e131f1	a64:instruction_form:nop-hi-hints:6782157752e131f1	a64:semantic:instruction_form:nop-hi-hints:6782157752e131f1	nop	hint	0xffffffff	0xd503201f	base	ordinary_lowering|checked_asm|architecture_operation	wyst.a64.architecture-operations|wyst.a64.checked-asm.core|wyst.a64.ordinary-lowering	none	none	none	plain	none	none	encoding=hint_imm0	none	sha256:3f3e8c0ebb34eeb59b973d8c6b666af50137c2d7825c63003348002d7b0a1d8f
a64:encoding:not-asimdmisc-r:3d808d6e380beb93	a64:instruction_form:not-asimdmisc-r:3d808d6e380beb93	a64:semantic:instruction_form:not-asimdmisc-r:3d808d6e380beb93	not	other	0xbffffc00	0x2e205800	FEAT_AdvSIMD	ordinary_lowering|architecture_operation	wyst.a64.architecture-operations|wyst.a64.ordinary-lowering	Rd@0:5:0x1f:0x0|Rn@5:5:0x1f:0x0|Q@30:1:0x1:0x0	none	simd:vd:0+5:30+1:0=8b,1=16b|simd:vn:5+5:30+1:0=8b,1=16b	plain	none	vd:simd|vn:simd	none	none	sha256:bf98b8bcb1ce7073600e82489c120a3ffd1f3310f5e22a2705d8331c1d255755
a64:encoding:orr-32-log-imm:d2c7c39f3eaa37cb	a64:instruction_form:orr-32-log-imm:d2c7c39f3eaa37cb	a64:semantic:instruction_form:orr-32-log-imm:d2c7c39f3eaa37cb	orr	logical	0xffc00000	0x32000000	base	ordinary_lowering|architecture_operation	wyst.a64.architecture-operations|wyst.a64.ordinary-lowering	Rd@0:5:0x1f:0x0|Rn@5:5:0x1f:0x0|imms@10:6:0x3f:0x0|immr@16:6:0x3f:0x0	none	gpr:rd:32:0+5:sp:none|gpr:rn:32:5+5:zr:none|logical_imm:imm:32:22+1:16+6:10+6	plain	none	rd:gpr32|rn:gpr32|imm:encoded_immediate	none	none	sha256:3f3e8c0ebb34eeb59b973d8c6b666af50137c2d7825c63003348002d7b0a1d8f
a64:encoding:orr-32-log-shift:14138b03c2baf286	a64:instruction_form:orr-32-log-shift:14138b03c2baf286	a64:semantic:instruction_form:orr-32-log-shift:14138b03c2baf286	orr	logical	0xff200000	0x2a000000	base	ordinary_lowering|architecture_operation	wyst.a64.architecture-operations|wyst.a64.ordinary-lowering	Rd@0:5:0x1f:0x0|Rn@5:5:0x1f:0x0|imm6@10:6:0x3f:0x0|Rm@16:5:0x1f:0x0|shift@22:2:0x3:0x0	none	gpr:rd:32:0+5:zr:none|gpr:rn:32:5+5:zr:none|gpr:rm:32:16+5:zr:none|enum:shift:22+2:0=lsl,1=lsr,2=asr,3=ror|uimm:amount:10+6:1	shift_pair	none	rd:gpr32|rn:gpr32|rm:gpr32|shift:u2|amount:u6	none	none	sha256:3f3e8c0ebb34eeb59b973d8c6b666af50137c2d7825c63003348002d7b0a1d8f
a64:encoding:orr-64-log-imm:f6f2cc64eb7352e6	a64:instruction_form:orr-64-log-imm:f6f2cc64eb7352e6	a64:semantic:instruction_form:orr-64-log-imm:f6f2cc64eb7352e6	orr	logical	0xff800000	0xb2000000	base	ordinary_lowering|architecture_operation	wyst.a64.architecture-operations|wyst.a64.ordinary-lowering	Rd@0:5:0x1f:0x0|Rn@5:5:0x1f:0x0|imms@10:6:0x3f:0x0|immr@16:6:0x3f:0x0|N@22:1:0x1:0x0	none	gpr:rd:64:0+5:sp:none|gpr:rn:64:5+5:zr:none|logical_imm:imm:64:22+1:16+6:10+6	plain	none	rd:gpr64|rn:gpr64|imm:encoded_immediate	none	none	sha256:3f3e8c0ebb34eeb59b973d8c6b666af50137c2d7825c63003348002d7b0a1d8f
a64:encoding:orr-64-log-shift:b779be79e9038338	a64:instruction_form:orr-64-log-shift:b779be79e9038338	a64:semantic:instruction_form:orr-64-log-shift:b779be79e9038338	orr	logical	0xff200000	0xaa000000	base	ordinary_lowering|architecture_operation	wyst.a64.architecture-operations|wyst.a64.ordinary-lowering	Rd@0:5:0x1f:0x0|Rn@5:5:0x1f:0x0|imm6@10:6:0x3f:0x0|Rm@16:5:0x1f:0x0|shift@22:2:0x3:0x0	none	gpr:rd:64:0+5:zr:none|gpr:rn:64:5+5:zr:none|gpr:rm:64:16+5:zr:none|enum:shift:22+2:0=lsl,1=lsr,2=asr,3=ror|uimm:amount:10+6:1	shift_pair	none	rd:gpr64|rn:gpr64|rm:gpr64|shift:u2|amount:u6	none	none	sha256:3f3e8c0ebb34eeb59b973d8c6b666af50137c2d7825c63003348002d7b0a1d8f
a64:encoding:orr-asimdsame-only:f9a64d39d3ceead3	a64:instruction_form:orr-asimdsame-only:f9a64d39d3ceead3	a64:semantic:instruction_form:orr-asimdsame-only:f9a64d39d3ceead3	orr	other	0xbfe0fc00	0x0ea01c00	FEAT_AdvSIMD	ordinary_lowering|architecture_operation	wyst.a64.architecture-operations|wyst.a64.ordinary-lowering	Rd@0:5:0x1f:0x0|Rn@5:5:0x1f:0x0|Rm@16:5:0x1f:0x0|Q@30:1:0x1:0x0	none	simd:vd:0+5:30+1:0=8b,1=16b|simd:vn:5+5:30+1:0=8b,1=16b|simd:vm:16+5:30+1:0=8b,1=16b	plain	none	vd:simd|vn:simd|vm:simd	none	none	sha256:bf98b8bcb1ce7073600e82489c120a3ffd1f3310f5e22a2705d8331c1d255755
a64:encoding:prfm-p-ldst-pos:068dc055d7cb93fe	a64:instruction_form:prfm-p-ldst-pos:068dc055d7cb93fe	a64:semantic:instruction_form:prfm-p-ldst-pos:068dc055d7cb93fe	prfm	load-store	0xffc00000	0xf9800000	base	ordinary_lowering|architecture_operation	wyst.a64.architecture-operations|wyst.a64.ordinary-lowering	Rt@0:5:0x1f:0x0|Rn@5:5:0x1f:0x0|imm12@10:12:0xfff:0x0	none	uimm:prfop:0+5:1|address:rn:5+5:sp|uimm:offset:10+12:8	memory_offset	none	prfop:prefetch_policy|rn:address|offset:scaled_unsigned12	rn=xn_or_sp;rn31=sp	none	sha256:3f3e8c0ebb34eeb59b973d8c6b666af50137c2d7825c63003348002d7b0a1d8f
a64:encoding:ret-64r-branch-reg:d499946a0544a9d8	a64:instruction_form:ret-64r-branch-reg:d499946a0544a9d8	a64:semantic:instruction_form:ret-64r-branch-reg:d499946a0544a9d8	ret	branch	0xfffffc1f	0xd65f0000	base	ordinary_lowering|checked_asm|architecture_operation	wyst.a64.architecture-operations|wyst.a64.checked-asm.core|wyst.a64.ordinary-lowering	Rn@5:5:0x1f:0x0	not31:Rn	gpr:rn:64:5+5:zr:30	plain	none	rn:gpr64:default=x30	rn=x30_when_omitted	rn!=sp|xzr	sha256:3f3e8c0ebb34eeb59b973d8c6b666af50137c2d7825c63003348002d7b0a1d8f
a64:encoding:rev-32-dp-1src:52b8174f46b06434	a64:instruction_form:rev-32-dp-1src:52b8174f46b06434	a64:semantic:instruction_form:rev-32-dp-1src:52b8174f46b06434	rev	other	0xfffffc00	0x5ac00800	base	ordinary_lowering|architecture_operation	wyst.a64.architecture-operations|wyst.a64.ordinary-lowering	Rd@0:5:0x1f:0x0|Rn@5:5:0x1f:0x0	none	gpr:rd:32:0+5:zr:none|gpr:rn:32:5+5:zr:none	plain	none	rd:gpr32|rn:gpr32	none	none	sha256:3f3e8c0ebb34eeb59b973d8c6b666af50137c2d7825c63003348002d7b0a1d8f
a64:encoding:rev-64-dp-1src:a04e3e5b1469960b	a64:instruction_form:rev-64-dp-1src:a04e3e5b1469960b	a64:semantic:instruction_form:rev-64-dp-1src:a04e3e5b1469960b	rev	other	0xfffffc00	0xdac00c00	base	ordinary_lowering|architecture_operation	wyst.a64.architecture-operations|wyst.a64.ordinary-lowering	Rd@0:5:0x1f:0x0|Rn@5:5:0x1f:0x0	none	gpr:rd:64:0+5:zr:none|gpr:rn:64:5+5:zr:none	plain	none	rd:gpr64|rn:gpr64	none	none	sha256:3f3e8c0ebb34eeb59b973d8c6b666af50137c2d7825c63003348002d7b0a1d8f
a64:encoding:rev16-32-dp-1src:b456adb7c6a474af	a64:instruction_form:rev16-32-dp-1src:b456adb7c6a474af	a64:semantic:instruction_form:rev16-32-dp-1src:b456adb7c6a474af	rev16	other	0xfffffc00	0x5ac00400	base	ordinary_lowering|architecture_operation	wyst.a64.architecture-operations|wyst.a64.ordinary-lowering	Rd@0:5:0x1f:0x0|Rn@5:5:0x1f:0x0	none	gpr:rd:32:0+5:zr:none|gpr:rn:32:5+5:zr:none	plain	none	rd:gpr32|rn:gpr32	none	none	sha256:3f3e8c0ebb34eeb59b973d8c6b666af50137c2d7825c63003348002d7b0a1d8f
a64:encoding:sbfm-32m-bitfield:88abf533a762b359	a64:instruction_form:sbfm-32m-bitfield:88abf533a762b359	a64:semantic:instruction_form:sbfm-32m-bitfield:88abf533a762b359	sbfm	other	0xffc00000	0x13000000	base	ordinary_lowering|architecture_operation	wyst.a64.architecture-operations|wyst.a64.ordinary-lowering	Rd@0:5:0x1f:0x0|Rn@5:5:0x1f:0x0|imms@10:6:0x3f:0x0|immr@16:6:0x3f:0x0	none	gpr:rd:32:0+5:zr:none|gpr:rn:32:5+5:zr:none|uimm:immr:16+6:1|uimm:imms:10+6:1	plain	none	rd:gpr32|rn:gpr32|immr:u6|imms:u6	none	none	sha256:3f3e8c0ebb34eeb59b973d8c6b666af50137c2d7825c63003348002d7b0a1d8f
a64:encoding:sbfm-64m-bitfield:852b48886c948c99	a64:instruction_form:sbfm-64m-bitfield:852b48886c948c99	a64:semantic:instruction_form:sbfm-64m-bitfield:852b48886c948c99	sbfm	other	0xffc00000	0x93400000	base	ordinary_lowering|architecture_operation	wyst.a64.architecture-operations|wyst.a64.ordinary-lowering	Rd@0:5:0x1f:0x0|Rn@5:5:0x1f:0x0|imms@10:6:0x3f:0x0|immr@16:6:0x3f:0x0	none	gpr:rd:64:0+5:zr:none|gpr:rn:64:5+5:zr:none|uimm:immr:16+6:1|uimm:imms:10+6:1	plain	none	rd:gpr64|rn:gpr64|immr:u6|imms:u6	none	none	sha256:3f3e8c0ebb34eeb59b973d8c6b666af50137c2d7825c63003348002d7b0a1d8f
a64:encoding:scvtf-d32-float2int:76c06af6682e80f7	a64:instruction_form:scvtf-d32-float2int:76c06af6682e80f7	a64:semantic:instruction_form:scvtf-d32-float2int:76c06af6682e80f7	scvtf	other	0xfffffc00	0x1e620000	FEAT_FP	ordinary_lowering|architecture_operation	wyst.a64.architecture-operations|wyst.a64.ordinary-lowering	Rd@0:5:0x1f:0x0|Rn@5:5:0x1f:0x0	none	fp:fd:d:0+5|gpr:rn:32:5+5:zr:none	plain	none	fd:fp64|rn:gpr32	none	none	sha256:f607ec4fdd071bb7b092f3c750e0f9f579f4739e1b35467c908c78f8ce42c298
a64:encoding:scvtf-d64-float2int:4b5a51b9c2660a18	a64:instruction_form:scvtf-d64-float2int:4b5a51b9c2660a18	a64:semantic:instruction_form:scvtf-d64-float2int:4b5a51b9c2660a18	scvtf	other	0xfffffc00	0x9e620000	FEAT_FP	ordinary_lowering|architecture_operation	wyst.a64.architecture-operations|wyst.a64.ordinary-lowering	Rd@0:5:0x1f:0x0|Rn@5:5:0x1f:0x0	none	fp:fd:d:0+5|gpr:rn:64:5+5:zr:none	plain	none	fd:fp64|rn:gpr64	none	none	sha256:f607ec4fdd071bb7b092f3c750e0f9f579f4739e1b35467c908c78f8ce42c298
a64:encoding:scvtf-s32-float2int:9e1cf12983cecd6c	a64:instruction_form:scvtf-s32-float2int:9e1cf12983cecd6c	a64:semantic:instruction_form:scvtf-s32-float2int:9e1cf12983cecd6c	scvtf	other	0xfffffc00	0x1e220000	FEAT_FP	ordinary_lowering|architecture_operation	wyst.a64.architecture-operations|wyst.a64.ordinary-lowering	Rd@0:5:0x1f:0x0|Rn@5:5:0x1f:0x0	none	fp:fd:s:0+5|gpr:rn:32:5+5:zr:none	plain	none	fd:fp32|rn:gpr32	none	none	sha256:f607ec4fdd071bb7b092f3c750e0f9f579f4739e1b35467c908c78f8ce42c298
a64:encoding:scvtf-s64-float2int:34b9bde6e313a6f0	a64:instruction_form:scvtf-s64-float2int:34b9bde6e313a6f0	a64:semantic:instruction_form:scvtf-s64-float2int:34b9bde6e313a6f0	scvtf	other	0xfffffc00	0x9e220000	FEAT_FP	ordinary_lowering|architecture_operation	wyst.a64.architecture-operations|wyst.a64.ordinary-lowering	Rd@0:5:0x1f:0x0|Rn@5:5:0x1f:0x0	none	fp:fd:s:0+5|gpr:rn:64:5+5:zr:none	plain	none	fd:fp32|rn:gpr64	none	none	sha256:f607ec4fdd071bb7b092f3c750e0f9f579f4739e1b35467c908c78f8ce42c298
a64:encoding:sdiv-32-dp-2src:b958f07024f04bec	a64:instruction_form:sdiv-32-dp-2src:b958f07024f04bec	a64:semantic:instruction_form:sdiv-32-dp-2src:b958f07024f04bec	sdiv	other	0xffe0fc00	0x1ac00c00	base	ordinary_lowering|architecture_operation	wyst.a64.architecture-operations|wyst.a64.ordinary-lowering	Rd@0:5:0x1f:0x0|Rn@5:5:0x1f:0x0|Rm@16:5:0x1f:0x0	none	gpr:rd:32:0+5:zr:none|gpr:rn:32:5+5:zr:none|gpr:rm:32:16+5:zr:none	plain	none	rd:gpr32|rn:gpr32|rm:gpr32	none	none	sha256:3f3e8c0ebb34eeb59b973d8c6b666af50137c2d7825c63003348002d7b0a1d8f
a64:encoding:sdiv-64-dp-2src:cffbaa2f4efe5a40	a64:instruction_form:sdiv-64-dp-2src:cffbaa2f4efe5a40	a64:semantic:instruction_form:sdiv-64-dp-2src:cffbaa2f4efe5a40	sdiv	other	0xffe0fc00	0x9ac00c00	base	ordinary_lowering|architecture_operation	wyst.a64.architecture-operations|wyst.a64.ordinary-lowering	Rd@0:5:0x1f:0x0|Rn@5:5:0x1f:0x0|Rm@16:5:0x1f:0x0	none	gpr:rd:64:0+5:zr:none|gpr:rn:64:5+5:zr:none|gpr:rm:64:16+5:zr:none	plain	none	rd:gpr64|rn:gpr64|rm:gpr64	none	none	sha256:3f3e8c0ebb34eeb59b973d8c6b666af50137c2d7825c63003348002d7b0a1d8f
a64:encoding:sev-hi-hints:6a5d14d59639b441	a64:instruction_form:sev-hi-hints:6a5d14d59639b441	a64:semantic:instruction_form:sev-hi-hints:6a5d14d59639b441	sev	hint	0xffffffff	0xd503209f	base	ordinary_lowering|checked_asm|architecture_operation	wyst.a64.architecture-operations|wyst.a64.checked-asm.core|wyst.a64.ordinary-lowering	none	none	none	plain	none	none	encoding=hint_imm4	none	sha256:3f3e8c0ebb34eeb59b973d8c6b666af50137c2d7825c63003348002d7b0a1d8f
a64:encoding:sevl-hi-hints:a06bda41d5fee1bc	a64:instruction_form:sevl-hi-hints:a06bda41d5fee1bc	a64:semantic:instruction_form:sevl-hi-hints:a06bda41d5fee1bc	sevl	hint	0xffffffff	0xd50320bf	base	ordinary_lowering|checked_asm|architecture_operation	wyst.a64.architecture-operations|wyst.a64.checked-asm.core|wyst.a64.ordinary-lowering	none	none	none	plain	none	none	encoding=hint_imm5	none	sha256:3f3e8c0ebb34eeb59b973d8c6b666af50137c2d7825c63003348002d7b0a1d8f
a64:encoding:smc-ex-exception:99e5d1d7296ea83b	a64:instruction_form:smc-ex-exception:99e5d1d7296ea83b	a64:semantic:instruction_form:smc-ex-exception:99e5d1d7296ea83b	smc	other	0xffe0001f	0xd4000003	base	ordinary_lowering|architecture_operation	wyst.a64.architecture-operations|wyst.a64.ordinary-lowering	imm16@5:16:0xffff:0x0	none	uimm:imm16:5+16:1	plain	none	imm16:u16	none	none	sha256:3f3e8c0ebb34eeb59b973d8c6b666af50137c2d7825c63003348002d7b0a1d8f
a64:encoding:sshl-asimdsame-only:7af87a67f83dc0f8	a64:instruction_form:sshl-asimdsame-only:7af87a67f83dc0f8	a64:semantic:instruction_form:sshl-asimdsame-only:7af87a67f83dc0f8	sshl	other	0xbf20fc00	0x0e204400	FEAT_AdvSIMD	ordinary_lowering|architecture_operation	wyst.a64.architecture-operations|wyst.a64.ordinary-lowering	Rd@0:5:0x1f:0x0|Rn@5:5:0x1f:0x0|Rm@16:5:0x1f:0x0|size@22:2:0x3:0x0|Q@30:1:0x1:0x0	none	simd:vd:0+5:22+2,30+1:0=8b,1=16b,2=4h,3=8h,4=2s,5=4s,7=2d|simd:vn:5+5:22+2,30+1:0=8b,1=16b,2=4h,3=8h,4=2s,5=4s,7=2d|simd:vm:16+5:22+2,30+1:0=8b,1=16b,2=4h,3=8h,4=2s,5=4s,7=2d	plain	none	vd:simd|vn:simd|vm:simd	none	none	sha256:bf98b8bcb1ce7073600e82489c120a3ffd1f3310f5e22a2705d8331c1d255755
a64:encoding:stlr-sl32-ldstord:d823a3249604976c	a64:instruction_form:stlr-sl32-ldstord:d823a3249604976c	a64:semantic:instruction_form:stlr-sl32-ldstord:d823a3249604976c	stlr	load-store	0xfffffc00	0x889ffc00	base	ordinary_lowering|architecture_operation	wyst.a64.architecture-operations|wyst.a64.ordinary-lowering	Rt@0:5:0x1f:0x0|Rn@5:5:0x1f:0x0	none	gpr:rt_value:32:0+5:zr:none|address:rn:5+5:sp	memory_base	none	rt_value:gpr32|rn:address	rn=xn_or_sp;rn31=sp;rt_value=wt_or_wzr;rt_value31=constant_zero_from_wzr	none	sha256:3f3e8c0ebb34eeb59b973d8c6b666af50137c2d7825c63003348002d7b0a1d8f
a64:encoding:stlr-sl64-ldstord:89842846afd4a3ac	a64:instruction_form:stlr-sl64-ldstord:89842846afd4a3ac	a64:semantic:instruction_form:stlr-sl64-ldstord:89842846afd4a3ac	stlr	load-store	0xfffffc00	0xc89ffc00	base	ordinary_lowering|architecture_operation	wyst.a64.architecture-operations|wyst.a64.ordinary-lowering	Rt@0:5:0x1f:0x0|Rn@5:5:0x1f:0x0	none	gpr:rt_value:64:0+5:zr:none|address:rn:5+5:sp	memory_base	none	rt_value:gpr64|rn:address	rn=xn_or_sp;rn31=sp;rt_value=xt_or_xzr;rt_value31=constant_zero_from_xzr	none	sha256:3f3e8c0ebb34eeb59b973d8c6b666af50137c2d7825c63003348002d7b0a1d8f
a64:encoding:stlrb-sl32-ldstord:ad30fce9471334f6	a64:instruction_form:stlrb-sl32-ldstord:ad30fce9471334f6	a64:semantic:instruction_form:stlrb-sl32-ldstord:ad30fce9471334f6	stlrb	load-store	0xfffffc00	0x089ffc00	base	ordinary_lowering|architecture_operation	wyst.a64.architecture-operations|wyst.a64.ordinary-lowering	Rt@0:5:0x1f:0x0|Rn@5:5:0x1f:0x0	none	gpr:rt_value:32:0+5:zr:none|address:rn:5+5:sp	memory_base	none	rt_value:gpr32|rn:address	rn=xn_or_sp;rn31=sp;rt_value=wt_or_wzr;rt_value31=constant_zero_from_wzr	none	sha256:3f3e8c0ebb34eeb59b973d8c6b666af50137c2d7825c63003348002d7b0a1d8f
a64:encoding:stlrh-sl32-ldstord:2985f3f30d419117	a64:instruction_form:stlrh-sl32-ldstord:2985f3f30d419117	a64:semantic:instruction_form:stlrh-sl32-ldstord:2985f3f30d419117	stlrh	load-store	0xfffffc00	0x489ffc00	base	ordinary_lowering|architecture_operation	wyst.a64.architecture-operations|wyst.a64.ordinary-lowering	Rt@0:5:0x1f:0x0|Rn@5:5:0x1f:0x0	none	gpr:rt_value:32:0+5:zr:none|address:rn:5+5:sp	memory_base	none	rt_value:gpr32|rn:address	rn=xn_or_sp;rn31=sp;rt_value=wt_or_wzr;rt_value31=constant_zero_from_wzr	none	sha256:3f3e8c0ebb34eeb59b973d8c6b666af50137c2d7825c63003348002d7b0a1d8f
a64:encoding:stlxr-sr32-ldstexclr:acb232ebd200b432	a64:instruction_form:stlxr-sr32-ldstexclr:acb232ebd200b432	a64:semantic:instruction_form:stlxr-sr32-ldstexclr:acb232ebd200b432	stlxr	load-store	0xffe0fc00	0x8800fc00	base	ordinary_lowering|architecture_operation	wyst.a64.architecture-operations|wyst.a64.ordinary-lowering	Rt@0:5:0x1f:0x0|Rn@5:5:0x1f:0x0|Rs@16:5:0x1f:0x0	neq:Rs:Rt;neq_if_not31:Rs:Rn:Rn	gpr:rs_status:32:16+5:zr:none|gpr:rt_value:32:0+5:zr:none|address:rn:5+5:sp	memory_base	none	rs_status:gpr32|rt_value:gpr32|rn:address	rn=xn_or_sp;rn31=sp;rs_status=ws_or_wzr;rs_status31=discarded_write_to_wzr;rt_value=wt_or_wzr;rt_value31=constant_zero_from_wzr	reject_if:rs_status==rt_value;reject_if:rs_status==rn&&rn!=31	sha256:3f3e8c0ebb34eeb59b973d8c6b666af50137c2d7825c63003348002d7b0a1d8f
a64:encoding:stlxr-sr64-ldstexclr:f07ed7584b0f74a8	a64:instruction_form:stlxr-sr64-ldstexclr:f07ed7584b0f74a8	a64:semantic:instruction_form:stlxr-sr64-ldstexclr:f07ed7584b0f74a8	stlxr	load-store	0xffe0fc00	0xc800fc00	base	ordinary_lowering|architecture_operation	wyst.a64.architecture-operations|wyst.a64.ordinary-lowering	Rt@0:5:0x1f:0x0|Rn@5:5:0x1f:0x0|Rs@16:5:0x1f:0x0	neq:Rs:Rt;neq_if_not31:Rs:Rn:Rn	gpr:rs_status:32:16+5:zr:none|gpr:rt_value:64:0+5:zr:none|address:rn:5+5:sp	memory_base	none	rs_status:gpr32|rt_value:gpr64|rn:address	rn=xn_or_sp;rn31=sp;rs_status=ws_or_wzr;rs_status31=discarded_write_to_wzr;rt_value=xt_or_xzr;rt_value31=constant_zero_from_xzr	reject_if:rs_status==rt_value;reject_if:rs_status==rn&&rn!=31	sha256:3f3e8c0ebb34eeb59b973d8c6b666af50137c2d7825c63003348002d7b0a1d8f
a64:encoding:stlxrb-sr32-ldstexclr:e087feb8d33fab32	a64:instruction_form:stlxrb-sr32-ldstexclr:e087feb8d33fab32	a64:semantic:instruction_form:stlxrb-sr32-ldstexclr:e087feb8d33fab32	stlxrb	load-store	0xffe0fc00	0x0800fc00	base	ordinary_lowering|architecture_operation	wyst.a64.architecture-operations|wyst.a64.ordinary-lowering	Rt@0:5:0x1f:0x0|Rn@5:5:0x1f:0x0|Rs@16:5:0x1f:0x0	neq:Rs:Rt;neq_if_not31:Rs:Rn:Rn	gpr:rs_status:32:16+5:zr:none|gpr:rt_value:32:0+5:zr:none|address:rn:5+5:sp	memory_base	none	rs_status:gpr32|rt_value:gpr32|rn:address	rn=xn_or_sp;rn31=sp;rs_status=ws_or_wzr;rs_status31=discarded_write_to_wzr;rt_value=wt_or_wzr;rt_value31=constant_zero_from_wzr	reject_if:rs_status==rt_value;reject_if:rs_status==rn&&rn!=31	sha256:3f3e8c0ebb34eeb59b973d8c6b666af50137c2d7825c63003348002d7b0a1d8f
a64:encoding:stlxrh-sr32-ldstexclr:6fd25cff9878a1d1	a64:instruction_form:stlxrh-sr32-ldstexclr:6fd25cff9878a1d1	a64:semantic:instruction_form:stlxrh-sr32-ldstexclr:6fd25cff9878a1d1	stlxrh	load-store	0xffe0fc00	0x4800fc00	base	ordinary_lowering|architecture_operation	wyst.a64.architecture-operations|wyst.a64.ordinary-lowering	Rt@0:5:0x1f:0x0|Rn@5:5:0x1f:0x0|Rs@16:5:0x1f:0x0	neq:Rs:Rt;neq_if_not31:Rs:Rn:Rn	gpr:rs_status:32:16+5:zr:none|gpr:rt_value:32:0+5:zr:none|address:rn:5+5:sp	memory_base	none	rs_status:gpr32|rt_value:gpr32|rn:address	rn=xn_or_sp;rn31=sp;rs_status=ws_or_wzr;rs_status31=discarded_write_to_wzr;rt_value=wt_or_wzr;rt_value31=constant_zero_from_wzr	reject_if:rs_status==rt_value;reject_if:rs_status==rn&&rn!=31	sha256:3f3e8c0ebb34eeb59b973d8c6b666af50137c2d7825c63003348002d7b0a1d8f
a64:encoding:stnp-32-ldstnapair-offs:709342e680d7a2f0	a64:instruction_form:stnp-32-ldstnapair-offs:709342e680d7a2f0	a64:semantic:instruction_form:stnp-32-ldstnapair-offs:709342e680d7a2f0	stnp	load-store	0xffc00000	0x28000000	base	ordinary_lowering|architecture_operation	wyst.a64.architecture-operations|wyst.a64.ordinary-lowering	Rt@0:5:0x1f:0x0|Rn@5:5:0x1f:0x0|Rt2@10:5:0x1f:0x0|imm7@15:7:0x7f:0x0	none	gpr:rt:32:0+5:zr:none|gpr:rt2:32:10+5:zr:none|address:rn:5+5:sp|simm:offset:15+7:7:4	memory_offset	none	rt:wN|rt2:wN|rn:address|offset:signed_scaled7	rn=xn_or_sp;rn31=sp;rt=wt_or_wzr;rt31=constant_zero_from_wzr;rt2=wt_or_wzr;rt2_31=constant_zero_from_wzr	none	sha256:3f3e8c0ebb34eeb59b973d8c6b666af50137c2d7825c63003348002d7b0a1d8f
a64:encoding:stnp-64-ldstnapair-offs:4c175920606e48e9	a64:instruction_form:stnp-64-ldstnapair-offs:4c175920606e48e9	a64:semantic:instruction_form:stnp-64-ldstnapair-offs:4c175920606e48e9	stnp	load-store	0xffc00000	0xa8000000	base	ordinary_lowering|architecture_operation	wyst.a64.architecture-operations|wyst.a64.ordinary-lowering	Rt@0:5:0x1f:0x0|Rn@5:5:0x1f:0x0|Rt2@10:5:0x1f:0x0|imm7@15:7:0x7f:0x0	none	gpr:rt:64:0+5:zr:none|gpr:rt2:64:10+5:zr:none|address:rn:5+5:sp|simm:offset:15+7:7:8	memory_offset	none	rt:xN|rt2:xN|rn:address|offset:signed_scaled7	rn=xn_or_sp;rn31=sp;rt=xt_or_xzr;rt31=constant_zero_from_xzr;rt2=xt_or_xzr;rt2_31=constant_zero_from_xzr	none	sha256:3f3e8c0ebb34eeb59b973d8c6b666af50137c2d7825c63003348002d7b0a1d8f
a64:encoding:stnp-d-ldstnapair-offs:7cd46b17f7052d51	a64:instruction_form:stnp-d-ldstnapair-offs:7cd46b17f7052d51	a64:semantic:instruction_form:stnp-d-ldstnapair-offs:7cd46b17f7052d51	stnp	load-store	0xffc00000	0x6c000000	FEAT_FP	ordinary_lowering|architecture_operation	wyst.a64.architecture-operations|wyst.a64.ordinary-lowering	Rt@0:5:0x1f:0x0|Rn@5:5:0x1f:0x0|Rt2@10:5:0x1f:0x0|imm7@15:7:0x7f:0x0	none	fp:rt:d:0+5|fp:rt2:d:10+5|address:rn:5+5:sp|simm:offset:15+7:7:8	memory_offset	none	rt:dN|rt2:dN|rn:address|offset:signed_scaled7	rn=xn_or_sp;rn31=sp	none	sha256:f607ec4fdd071bb7b092f3c750e0f9f579f4739e1b35467c908c78f8ce42c298
a64:encoding:stnp-s-ldstnapair-offs:4abdedad0ecdd5d5	a64:instruction_form:stnp-s-ldstnapair-offs:4abdedad0ecdd5d5	a64:semantic:instruction_form:stnp-s-ldstnapair-offs:4abdedad0ecdd5d5	stnp	load-store	0xffc00000	0x2c000000	FEAT_FP	ordinary_lowering|architecture_operation	wyst.a64.architecture-operations|wyst.a64.ordinary-lowering	Rt@0:5:0x1f:0x0|Rn@5:5:0x1f:0x0|Rt2@10:5:0x1f:0x0|imm7@15:7:0x7f:0x0	none	fp:rt:s:0+5|fp:rt2:s:10+5|address:rn:5+5:sp|simm:offset:15+7:7:4	memory_offset	none	rt:sN|rt2:sN|rn:address|offset:signed_scaled7	rn=xn_or_sp;rn31=sp	none	sha256:f607ec4fdd071bb7b092f3c750e0f9f579f4739e1b35467c908c78f8ce42c298
a64:encoding:stp-64-ldstpair-off:ab0d9c9f204e4af6	a64:instruction_form:stp-64-ldstpair-off:ab0d9c9f204e4af6	a64:semantic:instruction_form:stp-64-ldstpair-off:ab0d9c9f204e4af6	stp	load-store	0xffc00000	0xa9000000	base	ordinary_lowering|checked_asm|architecture_operation	wyst.a64.architecture-operations|wyst.a64.ordinary-lowering|wyst.a64.target-structural-asm.aarch64	Rt@0:5:0x1f:0x0|Rn@5:5:0x1f:0x0|Rt2@10:5:0x1f:0x0|imm7@15:7:0x7f:0x0	none	gpr:rt:64:0+5:zr:none|gpr:rt2:64:10+5:zr:none|address:rn:5+5:sp|simm:offset:15+7:7:8	memory_offset	none	rt:xN|rt2:xN|rn:address|offset:signed_scaled7	rn=xn_or_sp;rn31=sp;rt=xt_or_xzr;rt31=constant_zero_from_xzr;rt2=xt_or_xzr;rt2_31=constant_zero_from_xzr	none	sha256:3f3e8c0ebb34eeb59b973d8c6b666af50137c2d7825c63003348002d7b0a1d8f
a64:encoding:stp-64-ldstpair-post:066bc162f55b3a85	a64:instruction_form:stp-64-ldstpair-post:066bc162f55b3a85	a64:semantic:instruction_form:stp-64-ldstpair-post:066bc162f55b3a85	stp	load-store	0xffc00000	0xa8800000	base	ordinary_lowering|architecture_operation	wyst.a64.architecture-operations|wyst.a64.ordinary-lowering	Rt@0:5:0x1f:0x0|Rn@5:5:0x1f:0x0|Rt2@10:5:0x1f:0x0|imm7@15:7:0x7f:0x0	neq_if_not31:Rn:Rt:Rn;neq_if_not31:Rn:Rt2:Rn	gpr:rt:64:0+5:zr:none|gpr:rt2:64:10+5:zr:none|address:rn:5+5:sp|simm:offset:15+7:7:8	memory_post	none	rt:xN|rt2:xN|rn:address|offset:signed_scaled7	rn=xn_or_sp;rn31=sp;rt=xt_or_xzr;rt31=constant_zero_from_xzr;rt2=xt_or_xzr;rt2_31=constant_zero_from_xzr	reject_if:rn==rt&&rn!=31;reject_if:rn==rt2&&rn!=31	sha256:3f3e8c0ebb34eeb59b973d8c6b666af50137c2d7825c63003348002d7b0a1d8f
a64:encoding:stp-64-ldstpair-pre:67a4ff4321e073ed	a64:instruction_form:stp-64-ldstpair-pre:67a4ff4321e073ed	a64:semantic:instruction_form:stp-64-ldstpair-pre:67a4ff4321e073ed	stp	load-store	0xffc00000	0xa9800000	base	ordinary_lowering|architecture_operation	wyst.a64.architecture-operations|wyst.a64.ordinary-lowering	Rt@0:5:0x1f:0x0|Rn@5:5:0x1f:0x0|Rt2@10:5:0x1f:0x0|imm7@15:7:0x7f:0x0	neq_if_not31:Rn:Rt:Rn;neq_if_not31:Rn:Rt2:Rn	gpr:rt:64:0+5:zr:none|gpr:rt2:64:10+5:zr:none|address:rn:5+5:sp|simm:offset:15+7:7:8	memory_pre	none	rt:xN|rt2:xN|rn:address|offset:signed_scaled7	rn=xn_or_sp;rn31=sp;rt=xt_or_xzr;rt31=constant_zero_from_xzr;rt2=xt_or_xzr;rt2_31=constant_zero_from_xzr	reject_if:rn==rt&&rn!=31;reject_if:rn==rt2&&rn!=31	sha256:3f3e8c0ebb34eeb59b973d8c6b666af50137c2d7825c63003348002d7b0a1d8f
a64:encoding:str-32-ldst-immpost:36d8074fbbff7072	a64:instruction_form:str-32-ldst-immpost:36d8074fbbff7072	a64:semantic:instruction_form:str-32-ldst-immpost:36d8074fbbff7072	str	load-store	0xffe00c00	0xb8000400	base	ordinary_lowering|architecture_operation	wyst.a64.architecture-operations|wyst.a64.ordinary-lowering	Rt@0:5:0x1f:0x0|Rn@5:5:0x1f:0x0|imm9@12:9:0x1ff:0x0	neq_if_not31:Rn:Rt:Rn	gpr:rt:32:0+5:zr:none|address:rn:5+5:sp|simm:offset:12+9:9:1	memory_post	none	rt:wN|rn:address|offset:signed9	rn=xn_or_sp;rn31=sp;rt=wt_or_wzr;rt31=constant_zero_from_wzr	reject_if:rn==rt&&rn!=31	sha256:3f3e8c0ebb34eeb59b973d8c6b666af50137c2d7825c63003348002d7b0a1d8f
a64:encoding:str-32-ldst-immpre:38d72359bc2c5286	a64:instruction_form:str-32-ldst-immpre:38d72359bc2c5286	a64:semantic:instruction_form:str-32-ldst-immpre:38d72359bc2c5286	str	load-store	0xffe00c00	0xb8000c00	base	ordinary_lowering|architecture_operation	wyst.a64.architecture-operations|wyst.a64.ordinary-lowering	Rt@0:5:0x1f:0x0|Rn@5:5:0x1f:0x0|imm9@12:9:0x1ff:0x0	neq_if_not31:Rn:Rt:Rn	gpr:rt:32:0+5:zr:none|address:rn:5+5:sp|simm:offset:12+9:9:1	memory_pre	none	rt:wN|rn:address|offset:signed9	rn=xn_or_sp;rn31=sp;rt=wt_or_wzr;rt31=constant_zero_from_wzr	reject_if:rn==rt&&rn!=31	sha256:3f3e8c0ebb34eeb59b973d8c6b666af50137c2d7825c63003348002d7b0a1d8f
a64:encoding:str-32-ldst-pos:e8bc864f95b974fd	a64:instruction_form:str-32-ldst-pos:e8bc864f95b974fd	a64:semantic:instruction_form:str-32-ldst-pos:e8bc864f95b974fd	str	load-store	0xffc00000	0xb9000000	base	ordinary_lowering|architecture_operation	wyst.a64.architecture-operations|wyst.a64.ordinary-lowering	Rt@0:5:0x1f:0x0|Rn@5:5:0x1f:0x0|imm12@10:12:0xfff:0x0	none	gpr:rt:32:0+5:zr:none|address:rn:5+5:sp|uimm:offset:10+12:4	memory_offset	none	rt:wN|rn:address|offset:scaled_unsigned12	rn=xn_or_sp;rn31=sp;rt=wt_or_wzr;rt31=constant_zero_from_wzr	none	sha256:3f3e8c0ebb34eeb59b973d8c6b666af50137c2d7825c63003348002d7b0a1d8f
a64:encoding:str-64-ldst-immpost:73555383024abb1e	a64:instruction_form:str-64-ldst-immpost:73555383024abb1e	a64:semantic:instruction_form:str-64-ldst-immpost:73555383024abb1e	str	load-store	0xffe00c00	0xf8000400	base	ordinary_lowering|architecture_operation	wyst.a64.architecture-operations|wyst.a64.ordinary-lowering	Rt@0:5:0x1f:0x0|Rn@5:5:0x1f:0x0|imm9@12:9:0x1ff:0x0	neq_if_not31:Rn:Rt:Rn	gpr:rt:64:0+5:zr:none|address:rn:5+5:sp|simm:offset:12+9:9:1	memory_post	none	rt:xN|rn:address|offset:signed9	rn=xn_or_sp;rn31=sp;rt=xt_or_xzr;rt31=constant_zero_from_xzr	reject_if:rn==rt&&rn!=31	sha256:3f3e8c0ebb34eeb59b973d8c6b666af50137c2d7825c63003348002d7b0a1d8f
a64:encoding:str-64-ldst-immpre:3d6336d15c6c7224	a64:instruction_form:str-64-ldst-immpre:3d6336d15c6c7224	a64:semantic:instruction_form:str-64-ldst-immpre:3d6336d15c6c7224	str	load-store	0xffe00c00	0xf8000c00	base	ordinary_lowering|architecture_operation	wyst.a64.architecture-operations|wyst.a64.ordinary-lowering	Rt@0:5:0x1f:0x0|Rn@5:5:0x1f:0x0|imm9@12:9:0x1ff:0x0	neq_if_not31:Rn:Rt:Rn	gpr:rt:64:0+5:zr:none|address:rn:5+5:sp|simm:offset:12+9:9:1	memory_pre	none	rt:xN|rn:address|offset:signed9	rn=xn_or_sp;rn31=sp;rt=xt_or_xzr;rt31=constant_zero_from_xzr	reject_if:rn==rt&&rn!=31	sha256:3f3e8c0ebb34eeb59b973d8c6b666af50137c2d7825c63003348002d7b0a1d8f
a64:encoding:str-64-ldst-pos:53445743f9dbc4ca	a64:instruction_form:str-64-ldst-pos:53445743f9dbc4ca	a64:semantic:instruction_form:str-64-ldst-pos:53445743f9dbc4ca	str	load-store	0xffc00000	0xf9000000	base	ordinary_lowering|checked_asm|architecture_operation	wyst.a64.architecture-operations|wyst.a64.ordinary-lowering|wyst.a64.target-structural-asm.aarch64	Rt@0:5:0x1f:0x0|Rn@5:5:0x1f:0x0|imm12@10:12:0xfff:0x0	none	gpr:rt:64:0+5:zr:none|address:rn:5+5:sp|uimm:offset:10+12:8	memory_offset	none	rt:xN|rn:address|offset:scaled_unsigned12	rn=xn_or_sp;rn31=sp;rt=xt_or_xzr;rt31=constant_zero_from_xzr	none	sha256:3f3e8c0ebb34eeb59b973d8c6b666af50137c2d7825c63003348002d7b0a1d8f
a64:encoding:str-d-ldst-pos:a53902004b5007ed	a64:instruction_form:str-d-ldst-pos:a53902004b5007ed	a64:semantic:instruction_form:str-d-ldst-pos:a53902004b5007ed	str	load-store	0xffc00000	0xfd000000	FEAT_FP	ordinary_lowering|architecture_operation	wyst.a64.architecture-operations|wyst.a64.ordinary-lowering	Rt@0:5:0x1f:0x0|Rn@5:5:0x1f:0x0|imm12@10:12:0xfff:0x0	none	fp:rt:d:0+5|address:rn:5+5:sp|uimm:offset:10+12:8	memory_offset	none	rt:dN|rn:address|offset:scaled_unsigned12	rn=xn_or_sp;rn31=sp	none	sha256:f607ec4fdd071bb7b092f3c750e0f9f579f4739e1b35467c908c78f8ce42c298
a64:encoding:str-q-ldst-pos:346f113bc1b84de9	a64:instruction_form:str-q-ldst-pos:346f113bc1b84de9	a64:semantic:instruction_form:str-q-ldst-pos:346f113bc1b84de9	str	load-store	0xffc00000	0x3d800000	FEAT_FP	ordinary_lowering|architecture_operation	wyst.a64.architecture-operations|wyst.a64.ordinary-lowering	Rt@0:5:0x1f:0x0|Rn@5:5:0x1f:0x0|imm12@10:12:0xfff:0x0	none	fp:rt:q:0+5|address:rn:5+5:sp|uimm:offset:10+12:16	memory_offset	none	rt:qN|rn:address|offset:scaled_unsigned12	rn=xn_or_sp;rn31=sp	none	sha256:f607ec4fdd071bb7b092f3c750e0f9f579f4739e1b35467c908c78f8ce42c298
a64:encoding:str-s-ldst-pos:dea69dee0298d5d5	a64:instruction_form:str-s-ldst-pos:dea69dee0298d5d5	a64:semantic:instruction_form:str-s-ldst-pos:dea69dee0298d5d5	str	load-store	0xffc00000	0xbd000000	FEAT_FP	ordinary_lowering|architecture_operation	wyst.a64.architecture-operations|wyst.a64.ordinary-lowering	Rt@0:5:0x1f:0x0|Rn@5:5:0x1f:0x0|imm12@10:12:0xfff:0x0	none	fp:rt:s:0+5|address:rn:5+5:sp|uimm:offset:10+12:4	memory_offset	none	rt:sN|rn:address|offset:scaled_unsigned12	rn=xn_or_sp;rn31=sp	none	sha256:f607ec4fdd071bb7b092f3c750e0f9f579f4739e1b35467c908c78f8ce42c298
a64:encoding:strb-32-ldst-pos:f7d854c157b50361	a64:instruction_form:strb-32-ldst-pos:f7d854c157b50361	a64:semantic:instruction_form:strb-32-ldst-pos:f7d854c157b50361	strb	load-store	0xffc00000	0x39000000	base	ordinary_lowering|architecture_operation	wyst.a64.architecture-operations|wyst.a64.ordinary-lowering	Rt@0:5:0x1f:0x0|Rn@5:5:0x1f:0x0|imm12@10:12:0xfff:0x0	none	gpr:rt:32:0+5:zr:none|address:rn:5+5:sp|uimm:offset:10+12:1	memory_offset	none	rt:wN|rn:address|offset:scaled_unsigned12	rn=xn_or_sp;rn31=sp;rt=wt_or_wzr;rt31=constant_zero_from_wzr	none	sha256:3f3e8c0ebb34eeb59b973d8c6b666af50137c2d7825c63003348002d7b0a1d8f
a64:encoding:strh-32-ldst-pos:5e3274814a2e0644	a64:instruction_form:strh-32-ldst-pos:5e3274814a2e0644	a64:semantic:instruction_form:strh-32-ldst-pos:5e3274814a2e0644	strh	load-store	0xffc00000	0x79000000	base	ordinary_lowering|architecture_operation	wyst.a64.architecture-operations|wyst.a64.ordinary-lowering	Rt@0:5:0x1f:0x0|Rn@5:5:0x1f:0x0|imm12@10:12:0xfff:0x0	none	gpr:rt:32:0+5:zr:none|address:rn:5+5:sp|uimm:offset:10+12:2	memory_offset	none	rt:wN|rn:address|offset:scaled_unsigned12	rn=xn_or_sp;rn31=sp;rt=wt_or_wzr;rt31=constant_zero_from_wzr	none	sha256:3f3e8c0ebb34eeb59b973d8c6b666af50137c2d7825c63003348002d7b0a1d8f
a64:encoding:stur-32-ldst-unscaled:5e4d9bffd3d9a1ba	a64:instruction_form:stur-32-ldst-unscaled:5e4d9bffd3d9a1ba	a64:semantic:instruction_form:stur-32-ldst-unscaled:5e4d9bffd3d9a1ba	stur	load-store	0xffe00c00	0xb8000000	base	ordinary_lowering|architecture_operation	wyst.a64.architecture-operations|wyst.a64.ordinary-lowering	Rt@0:5:0x1f:0x0|Rn@5:5:0x1f:0x0|imm9@12:9:0x1ff:0x0	none	gpr:rt:32:0+5:zr:none|address:rn:5+5:sp|simm:offset:12+9:9:1	memory_offset	none	rt:wN|rn:address|offset:signed9	rn=xn_or_sp;rn31=sp;rt=wt_or_wzr;rt31=constant_zero_from_wzr	none	sha256:3f3e8c0ebb34eeb59b973d8c6b666af50137c2d7825c63003348002d7b0a1d8f
a64:encoding:stur-64-ldst-unscaled:459d1e33594b135a	a64:instruction_form:stur-64-ldst-unscaled:459d1e33594b135a	a64:semantic:instruction_form:stur-64-ldst-unscaled:459d1e33594b135a	stur	load-store	0xffe00c00	0xf8000000	base	ordinary_lowering|architecture_operation	wyst.a64.architecture-operations|wyst.a64.ordinary-lowering	Rt@0:5:0x1f:0x0|Rn@5:5:0x1f:0x0|imm9@12:9:0x1ff:0x0	none	gpr:rt:64:0+5:zr:none|address:rn:5+5:sp|simm:offset:12+9:9:1	memory_offset	none	rt:xN|rn:address|offset:signed9	rn=xn_or_sp;rn31=sp;rt=xt_or_xzr;rt31=constant_zero_from_xzr	none	sha256:3f3e8c0ebb34eeb59b973d8c6b666af50137c2d7825c63003348002d7b0a1d8f
a64:encoding:sturb-32-ldst-unscaled:d16203ffcae43daa	a64:instruction_form:sturb-32-ldst-unscaled:d16203ffcae43daa	a64:semantic:instruction_form:sturb-32-ldst-unscaled:d16203ffcae43daa	sturb	load-store	0xffe00c00	0x38000000	base	ordinary_lowering|architecture_operation	wyst.a64.architecture-operations|wyst.a64.ordinary-lowering	Rt@0:5:0x1f:0x0|Rn@5:5:0x1f:0x0|imm9@12:9:0x1ff:0x0	none	gpr:rt:32:0+5:zr:none|address:rn:5+5:sp|simm:offset:12+9:9:1	memory_offset	none	rt:wN|rn:address|offset:signed9	rn=xn_or_sp;rn31=sp;rt=wt_or_wzr;rt31=constant_zero_from_wzr	none	sha256:3f3e8c0ebb34eeb59b973d8c6b666af50137c2d7825c63003348002d7b0a1d8f
a64:encoding:sturh-32-ldst-unscaled:fc5195fc689f1130	a64:instruction_form:sturh-32-ldst-unscaled:fc5195fc689f1130	a64:semantic:instruction_form:sturh-32-ldst-unscaled:fc5195fc689f1130	sturh	load-store	0xffe00c00	0x78000000	base	ordinary_lowering|architecture_operation	wyst.a64.architecture-operations|wyst.a64.ordinary-lowering	Rt@0:5:0x1f:0x0|Rn@5:5:0x1f:0x0|imm9@12:9:0x1ff:0x0	none	gpr:rt:32:0+5:zr:none|address:rn:5+5:sp|simm:offset:12+9:9:1	memory_offset	none	rt:wN|rn:address|offset:signed9	rn=xn_or_sp;rn31=sp;rt=wt_or_wzr;rt31=constant_zero_from_wzr	none	sha256:3f3e8c0ebb34eeb59b973d8c6b666af50137c2d7825c63003348002d7b0a1d8f
a64:encoding:stxr-sr32-ldstexclr:d8a4d6cd8c9c1f44	a64:instruction_form:stxr-sr32-ldstexclr:d8a4d6cd8c9c1f44	a64:semantic:instruction_form:stxr-sr32-ldstexclr:d8a4d6cd8c9c1f44	stxr	load-store	0xffe0fc00	0x88007c00	base	ordinary_lowering|architecture_operation	wyst.a64.architecture-operations|wyst.a64.ordinary-lowering	Rt@0:5:0x1f:0x0|Rn@5:5:0x1f:0x0|Rs@16:5:0x1f:0x0	neq:Rs:Rt;neq_if_not31:Rs:Rn:Rn	gpr:rs_status:32:16+5:zr:none|gpr:rt_value:32:0+5:zr:none|address:rn:5+5:sp	memory_base	none	rs_status:gpr32|rt_value:gpr32|rn:address	rn=xn_or_sp;rn31=sp;rs_status=ws_or_wzr;rs_status31=discarded_write_to_wzr;rt_value=wt_or_wzr;rt_value31=constant_zero_from_wzr	reject_if:rs_status==rt_value;reject_if:rs_status==rn&&rn!=31	sha256:3f3e8c0ebb34eeb59b973d8c6b666af50137c2d7825c63003348002d7b0a1d8f
a64:encoding:stxr-sr64-ldstexclr:18fd605bcef1b149	a64:instruction_form:stxr-sr64-ldstexclr:18fd605bcef1b149	a64:semantic:instruction_form:stxr-sr64-ldstexclr:18fd605bcef1b149	stxr	load-store	0xffe0fc00	0xc8007c00	base	ordinary_lowering|architecture_operation	wyst.a64.architecture-operations|wyst.a64.ordinary-lowering	Rt@0:5:0x1f:0x0|Rn@5:5:0x1f:0x0|Rs@16:5:0x1f:0x0	neq:Rs:Rt;neq_if_not31:Rs:Rn:Rn	gpr:rs_status:32:16+5:zr:none|gpr:rt_value:64:0+5:zr:none|address:rn:5+5:sp	memory_base	none	rs_status:gpr32|rt_value:gpr64|rn:address	rn=xn_or_sp;rn31=sp;rs_status=ws_or_wzr;rs_status31=discarded_write_to_wzr;rt_value=xt_or_xzr;rt_value31=constant_zero_from_xzr	reject_if:rs_status==rt_value;reject_if:rs_status==rn&&rn!=31	sha256:3f3e8c0ebb34eeb59b973d8c6b666af50137c2d7825c63003348002d7b0a1d8f
a64:encoding:stxrb-sr32-ldstexclr:e1520a179e16b844	a64:instruction_form:stxrb-sr32-ldstexclr:e1520a179e16b844	a64:semantic:instruction_form:stxrb-sr32-ldstexclr:e1520a179e16b844	stxrb	load-store	0xffe0fc00	0x08007c00	base	ordinary_lowering|architecture_operation	wyst.a64.architecture-operations|wyst.a64.ordinary-lowering	Rt@0:5:0x1f:0x0|Rn@5:5:0x1f:0x0|Rs@16:5:0x1f:0x0	neq:Rs:Rt;neq_if_not31:Rs:Rn:Rn	gpr:rs_status:32:16+5:zr:none|gpr:rt_value:32:0+5:zr:none|address:rn:5+5:sp	memory_base	none	rs_status:gpr32|rt_value:gpr32|rn:address	rn=xn_or_sp;rn31=sp;rs_status=ws_or_wzr;rs_status31=discarded_write_to_wzr;rt_value=wt_or_wzr;rt_value31=constant_zero_from_wzr	reject_if:rs_status==rt_value;reject_if:rs_status==rn&&rn!=31	sha256:3f3e8c0ebb34eeb59b973d8c6b666af50137c2d7825c63003348002d7b0a1d8f
a64:encoding:stxrh-sr32-ldstexclr:7d3eefa29a7bc6c0	a64:instruction_form:stxrh-sr32-ldstexclr:7d3eefa29a7bc6c0	a64:semantic:instruction_form:stxrh-sr32-ldstexclr:7d3eefa29a7bc6c0	stxrh	load-store	0xffe0fc00	0x48007c00	base	ordinary_lowering|architecture_operation	wyst.a64.architecture-operations|wyst.a64.ordinary-lowering	Rt@0:5:0x1f:0x0|Rn@5:5:0x1f:0x0|Rs@16:5:0x1f:0x0	neq:Rs:Rt;neq_if_not31:Rs:Rn:Rn	gpr:rs_status:32:16+5:zr:none|gpr:rt_value:32:0+5:zr:none|address:rn:5+5:sp	memory_base	none	rs_status:gpr32|rt_value:gpr32|rn:address	rn=xn_or_sp;rn31=sp;rs_status=ws_or_wzr;rs_status31=discarded_write_to_wzr;rt_value=wt_or_wzr;rt_value31=constant_zero_from_wzr	reject_if:rs_status==rt_value;reject_if:rs_status==rn&&rn!=31	sha256:3f3e8c0ebb34eeb59b973d8c6b666af50137c2d7825c63003348002d7b0a1d8f
a64:encoding:sub-32-addsub-imm:f49297296dd1889c	a64:instruction_form:sub-32-addsub-imm:f49297296dd1889c	a64:semantic:instruction_form:sub-32-addsub-imm:f49297296dd1889c	sub	arithmetic	0xff800000	0x51000000	base	ordinary_lowering|architecture_operation	wyst.a64.architecture-operations|wyst.a64.ordinary-lowering	Rd@0:5:0x1f:0x0|Rn@5:5:0x1f:0x0|imm12@10:12:0xfff:0x0|sh@22:1:0x1:0x0	none	gpr:rd:32:0+5:sp:none|gpr:rn:32:5+5:sp:none|addsub_imm:imm:10+12:22+1	plain	none	rd:gpr32|rn:gpr32|imm:encoded_immediate	none	none	sha256:3f3e8c0ebb34eeb59b973d8c6b666af50137c2d7825c63003348002d7b0a1d8f
a64:encoding:sub-32-addsub-shift:137892169b11673a	a64:instruction_form:sub-32-addsub-shift:137892169b11673a	a64:semantic:instruction_form:sub-32-addsub-shift:137892169b11673a	sub	arithmetic	0xff200000	0x4b000000	base	ordinary_lowering|architecture_operation	wyst.a64.architecture-operations|wyst.a64.ordinary-lowering	Rd@0:5:0x1f:0x0|Rn@5:5:0x1f:0x0|imm6@10:6:0x3f:0x0|Rm@16:5:0x1f:0x0|shift@22:2:0x3:0x0	none	gpr:rd:32:0+5:zr:none|gpr:rn:32:5+5:zr:none|gpr:rm:32:16+5:zr:none|enum:shift:22+2:0=lsl,1=lsr,2=asr|uimm:amount:10+6:1	shift_pair	none	rd:gpr32|rn:gpr32|rm:gpr32|shift:u2|amount:u6	none	none	sha256:3f3e8c0ebb34eeb59b973d8c6b666af50137c2d7825c63003348002d7b0a1d8f
a64:encoding:sub-64-addsub-imm:687788e2c2cf66d1	a64:instruction_form:sub-64-addsub-imm:687788e2c2cf66d1	a64:semantic:instruction_form:sub-64-addsub-imm:687788e2c2cf66d1	sub	arithmetic	0xff800000	0xd1000000	base	ordinary_lowering|checked_asm|architecture_operation	wyst.a64.architecture-operations|wyst.a64.ordinary-lowering|wyst.a64.target-structural-asm.aarch64	Rd@0:5:0x1f:0x0|Rn@5:5:0x1f:0x0|imm12@10:12:0xfff:0x0|sh@22:1:0x1:0x0	none	gpr:rd:64:0+5:sp:none|gpr:rn:64:5+5:sp:none|addsub_imm:imm:10+12:22+1	plain	none	rd:gpr64|rn:gpr64|imm:encoded_immediate	none	none	sha256:3f3e8c0ebb34eeb59b973d8c6b666af50137c2d7825c63003348002d7b0a1d8f
a64:encoding:sub-64-addsub-shift:fb0c82e5e2c3f86f	a64:instruction_form:sub-64-addsub-shift:fb0c82e5e2c3f86f	a64:semantic:instruction_form:sub-64-addsub-shift:fb0c82e5e2c3f86f	sub	arithmetic	0xff200000	0xcb000000	base	ordinary_lowering|architecture_operation	wyst.a64.architecture-operations|wyst.a64.ordinary-lowering	Rd@0:5:0x1f:0x0|Rn@5:5:0x1f:0x0|imm6@10:6:0x3f:0x0|Rm@16:5:0x1f:0x0|shift@22:2:0x3:0x0	none	gpr:rd:64:0+5:zr:none|gpr:rn:64:5+5:zr:none|gpr:rm:64:16+5:zr:none|enum:shift:22+2:0=lsl,1=lsr,2=asr|uimm:amount:10+6:1	shift_pair	none	rd:gpr64|rn:gpr64|rm:gpr64|shift:u2|amount:u6	none	none	sha256:3f3e8c0ebb34eeb59b973d8c6b666af50137c2d7825c63003348002d7b0a1d8f
a64:encoding:sub-asimdsame-only:bf6ff56db18c3157	a64:instruction_form:sub-asimdsame-only:bf6ff56db18c3157	a64:semantic:instruction_form:sub-asimdsame-only:bf6ff56db18c3157	sub	other	0xbf20fc00	0x2e208400	FEAT_AdvSIMD	ordinary_lowering|architecture_operation	wyst.a64.architecture-operations|wyst.a64.ordinary-lowering	Rd@0:5:0x1f:0x0|Rn@5:5:0x1f:0x0|Rm@16:5:0x1f:0x0|size@22:2:0x3:0x0|Q@30:1:0x1:0x0	none	simd:vd:0+5:22+2,30+1:0=8b,1=16b,2=4h,3=8h,4=2s,5=4s,7=2d|simd:vn:5+5:22+2,30+1:0=8b,1=16b,2=4h,3=8h,4=2s,5=4s,7=2d|simd:vm:16+5:22+2,30+1:0=8b,1=16b,2=4h,3=8h,4=2s,5=4s,7=2d	plain	none	vd:simd|vn:simd|vm:simd	none	none	sha256:bf98b8bcb1ce7073600e82489c120a3ffd1f3310f5e22a2705d8331c1d255755
a64:encoding:subs-32-addsub-shift:d0551e47ea733c42	a64:instruction_form:subs-32-addsub-shift:d0551e47ea733c42	a64:semantic:instruction_form:subs-32-addsub-shift:d0551e47ea733c42	subs	compare	0xff200000	0x6b000000	base	ordinary_lowering|architecture_operation	wyst.a64.architecture-operations|wyst.a64.ordinary-lowering	Rd@0:5:0x1f:0x0|Rn@5:5:0x1f:0x0|imm6@10:6:0x3f:0x0|Rm@16:5:0x1f:0x0|shift@22:2:0x3:0x0	none	gpr:rd:32:0+5:zr:none|gpr:rn:32:5+5:zr:none|gpr:rm:32:16+5:zr:none|enum:shift:22+2:0=lsl,1=lsr,2=asr|uimm:amount:10+6:1	shift_pair	none	rd:gpr32|rn:gpr32|rm:gpr32|shift:u2|amount:u6	none	none	sha256:3f3e8c0ebb34eeb59b973d8c6b666af50137c2d7825c63003348002d7b0a1d8f
a64:encoding:subs-32s-addsub-imm:2576e33746f0bdbb	a64:instruction_form:subs-32s-addsub-imm:2576e33746f0bdbb	a64:semantic:instruction_form:subs-32s-addsub-imm:2576e33746f0bdbb	subs	compare	0xff800000	0x71000000	base	ordinary_lowering|architecture_operation	wyst.a64.architecture-operations|wyst.a64.ordinary-lowering	Rd@0:5:0x1f:0x0|Rn@5:5:0x1f:0x0|imm12@10:12:0xfff:0x0|sh@22:1:0x1:0x0	none	gpr:rd:32:0+5:zr:none|gpr:rn:32:5+5:sp:none|addsub_imm:imm:10+12:22+1	plain	none	rd:gpr32|rn:gpr32|imm:encoded_immediate	none	none	sha256:3f3e8c0ebb34eeb59b973d8c6b666af50137c2d7825c63003348002d7b0a1d8f
a64:encoding:subs-64-addsub-shift:1c0e1ab9a628d873	a64:instruction_form:subs-64-addsub-shift:1c0e1ab9a628d873	a64:semantic:instruction_form:subs-64-addsub-shift:1c0e1ab9a628d873	subs	compare	0xff200000	0xeb000000	base	ordinary_lowering|architecture_operation	wyst.a64.architecture-operations|wyst.a64.ordinary-lowering	Rd@0:5:0x1f:0x0|Rn@5:5:0x1f:0x0|imm6@10:6:0x3f:0x0|Rm@16:5:0x1f:0x0|shift@22:2:0x3:0x0	none	gpr:rd:64:0+5:zr:none|gpr:rn:64:5+5:zr:none|gpr:rm:64:16+5:zr:none|enum:shift:22+2:0=lsl,1=lsr,2=asr|uimm:amount:10+6:1	shift_pair	none	rd:gpr64|rn:gpr64|rm:gpr64|shift:u2|amount:u6	none	none	sha256:3f3e8c0ebb34eeb59b973d8c6b666af50137c2d7825c63003348002d7b0a1d8f
a64:encoding:subs-64s-addsub-imm:01f535880b57da4c	a64:instruction_form:subs-64s-addsub-imm:01f535880b57da4c	a64:semantic:instruction_form:subs-64s-addsub-imm:01f535880b57da4c	subs	compare	0xff800000	0xf1000000	base	ordinary_lowering|architecture_operation	wyst.a64.architecture-operations|wyst.a64.ordinary-lowering	Rd@0:5:0x1f:0x0|Rn@5:5:0x1f:0x0|imm12@10:12:0xfff:0x0|sh@22:1:0x1:0x0	none	gpr:rd:64:0+5:zr:none|gpr:rn:64:5+5:sp:none|addsub_imm:imm:10+12:22+1	plain	none	rd:gpr64|rn:gpr64|imm:encoded_immediate	none	none	sha256:3f3e8c0ebb34eeb59b973d8c6b666af50137c2d7825c63003348002d7b0a1d8f
a64:encoding:svc-ex-exception:58ce0b8bce0eb32b	a64:instruction_form:svc-ex-exception:58ce0b8bce0eb32b	a64:semantic:instruction_form:svc-ex-exception:58ce0b8bce0eb32b	svc	other	0xffe0001f	0xd4000001	base	ordinary_lowering|architecture_operation	wyst.a64.architecture-operations|wyst.a64.ordinary-lowering	imm16@5:16:0xffff:0x0	none	uimm:imm16:5+16:1	plain	none	imm16:u16	none	none	sha256:3f3e8c0ebb34eeb59b973d8c6b666af50137c2d7825c63003348002d7b0a1d8f
a64:encoding:swp-32-memop:25042724865ac78e	a64:instruction_form:swp-32-memop:25042724865ac78e	a64:semantic:instruction_form:swp-32-memop:25042724865ac78e	swp	load-store	0xffe0fc00	0xb8208000	FEAT_LSE	ordinary_lowering|architecture_operation	wyst.a64.architecture-operations|wyst.a64.ordinary-lowering	Rt@0:5:0x1f:0x0|Rn@5:5:0x1f:0x0|Rs@16:5:0x1f:0x0	none	gpr:rs_value:32:16+5:zr:none|gpr:rt_prior:32:0+5:zr:none|address:rn:5+5:sp	memory_base	none	rs_value:gpr32|rt_prior:gpr32|rn:address	rn=xn_or_sp;rn31=sp;rs_value=wt_or_wzr;rs_value31=constant_zero_from_wzr;rt_prior=wt_or_wzr;rt_prior31=discarded_write_to_wzr	none	sha256:78acc79118ff687b37748262e911b262e2ded1da7f09bbc93500099b7a564bba
a64:encoding:swp-64-memop:511f81723173ec39	a64:instruction_form:swp-64-memop:511f81723173ec39	a64:semantic:instruction_form:swp-64-memop:511f81723173ec39	swp	load-store	0xffe0fc00	0xf8208000	FEAT_LSE	ordinary_lowering|architecture_operation	wyst.a64.architecture-operations|wyst.a64.ordinary-lowering	Rt@0:5:0x1f:0x0|Rn@5:5:0x1f:0x0|Rs@16:5:0x1f:0x0	none	gpr:rs_value:64:16+5:zr:none|gpr:rt_prior:64:0+5:zr:none|address:rn:5+5:sp	memory_base	none	rs_value:gpr64|rt_prior:gpr64|rn:address	rn=xn_or_sp;rn31=sp;rs_value=xt_or_xzr;rs_value31=constant_zero_from_xzr;rt_prior=xt_or_xzr;rt_prior31=discarded_write_to_xzr	none	sha256:78acc79118ff687b37748262e911b262e2ded1da7f09bbc93500099b7a564bba
a64:encoding:swpa-32-memop:3a17b6fa9c035b80	a64:instruction_form:swpa-32-memop:3a17b6fa9c035b80	a64:semantic:instruction_form:swpa-32-memop:3a17b6fa9c035b80	swpa	load-store	0xffe0fc00	0xb8a08000	FEAT_LSE	ordinary_lowering|architecture_operation	wyst.a64.architecture-operations|wyst.a64.ordinary-lowering	Rt@0:5:0x1f:0x0|Rn@5:5:0x1f:0x0|Rs@16:5:0x1f:0x0	none	gpr:rs_value:32:16+5:zr:none|gpr:rt_prior:32:0+5:zr:none|address:rn:5+5:sp	memory_base	none	rs_value:gpr32|rt_prior:gpr32|rn:address	rn=xn_or_sp;rn31=sp;rs_value=wt_or_wzr;rs_value31=constant_zero_from_wzr;rt_prior=wt_or_wzr;rt_prior31=discarded_write_to_wzr	none	sha256:78acc79118ff687b37748262e911b262e2ded1da7f09bbc93500099b7a564bba
a64:encoding:swpa-64-memop:5865ff08c59403b5	a64:instruction_form:swpa-64-memop:5865ff08c59403b5	a64:semantic:instruction_form:swpa-64-memop:5865ff08c59403b5	swpa	load-store	0xffe0fc00	0xf8a08000	FEAT_LSE	ordinary_lowering|architecture_operation	wyst.a64.architecture-operations|wyst.a64.ordinary-lowering	Rt@0:5:0x1f:0x0|Rn@5:5:0x1f:0x0|Rs@16:5:0x1f:0x0	none	gpr:rs_value:64:16+5:zr:none|gpr:rt_prior:64:0+5:zr:none|address:rn:5+5:sp	memory_base	none	rs_value:gpr64|rt_prior:gpr64|rn:address	rn=xn_or_sp;rn31=sp;rs_value=xt_or_xzr;rs_value31=constant_zero_from_xzr;rt_prior=xt_or_xzr;rt_prior31=discarded_write_to_xzr	none	sha256:78acc79118ff687b37748262e911b262e2ded1da7f09bbc93500099b7a564bba
a64:encoding:swpab-32-memop:389a465a96269b70	a64:instruction_form:swpab-32-memop:389a465a96269b70	a64:semantic:instruction_form:swpab-32-memop:389a465a96269b70	swpab	load-store	0xffe0fc00	0x38a08000	FEAT_LSE	ordinary_lowering|architecture_operation	wyst.a64.architecture-operations|wyst.a64.ordinary-lowering	Rt@0:5:0x1f:0x0|Rn@5:5:0x1f:0x0|Rs@16:5:0x1f:0x0	none	gpr:rs_value:32:16+5:zr:none|gpr:rt_prior:32:0+5:zr:none|address:rn:5+5:sp	memory_base	none	rs_value:gpr32|rt_prior:gpr32|rn:address	rn=xn_or_sp;rn31=sp;rs_value=wt_or_wzr;rs_value31=constant_zero_from_wzr;rt_prior=wt_or_wzr;rt_prior31=discarded_write_to_wzr	none	sha256:78acc79118ff687b37748262e911b262e2ded1da7f09bbc93500099b7a564bba
a64:encoding:swpah-32-memop:fa49417c1563efd0	a64:instruction_form:swpah-32-memop:fa49417c1563efd0	a64:semantic:instruction_form:swpah-32-memop:fa49417c1563efd0	swpah	load-store	0xffe0fc00	0x78a08000	FEAT_LSE	ordinary_lowering|architecture_operation	wyst.a64.architecture-operations|wyst.a64.ordinary-lowering	Rt@0:5:0x1f:0x0|Rn@5:5:0x1f:0x0|Rs@16:5:0x1f:0x0	none	gpr:rs_value:32:16+5:zr:none|gpr:rt_prior:32:0+5:zr:none|address:rn:5+5:sp	memory_base	none	rs_value:gpr32|rt_prior:gpr32|rn:address	rn=xn_or_sp;rn31=sp;rs_value=wt_or_wzr;rs_value31=constant_zero_from_wzr;rt_prior=wt_or_wzr;rt_prior31=discarded_write_to_wzr	none	sha256:78acc79118ff687b37748262e911b262e2ded1da7f09bbc93500099b7a564bba
a64:encoding:swpal-32-memop:426113a5262da3ec	a64:instruction_form:swpal-32-memop:426113a5262da3ec	a64:semantic:instruction_form:swpal-32-memop:426113a5262da3ec	swpal	load-store	0xffe0fc00	0xb8e08000	FEAT_LSE	ordinary_lowering|architecture_operation	wyst.a64.architecture-operations|wyst.a64.ordinary-lowering	Rt@0:5:0x1f:0x0|Rn@5:5:0x1f:0x0|Rs@16:5:0x1f:0x0	none	gpr:rs_value:32:16+5:zr:none|gpr:rt_prior:32:0+5:zr:none|address:rn:5+5:sp	memory_base	none	rs_value:gpr32|rt_prior:gpr32|rn:address	rn=xn_or_sp;rn31=sp;rs_value=wt_or_wzr;rs_value31=constant_zero_from_wzr;rt_prior=wt_or_wzr;rt_prior31=discarded_write_to_wzr	none	sha256:78acc79118ff687b37748262e911b262e2ded1da7f09bbc93500099b7a564bba
a64:encoding:swpal-64-memop:2f074e3b43fbc1e9	a64:instruction_form:swpal-64-memop:2f074e3b43fbc1e9	a64:semantic:instruction_form:swpal-64-memop:2f074e3b43fbc1e9	swpal	load-store	0xffe0fc00	0xf8e08000	FEAT_LSE	ordinary_lowering|architecture_operation	wyst.a64.architecture-operations|wyst.a64.ordinary-lowering	Rt@0:5:0x1f:0x0|Rn@5:5:0x1f:0x0|Rs@16:5:0x1f:0x0	none	gpr:rs_value:64:16+5:zr:none|gpr:rt_prior:64:0+5:zr:none|address:rn:5+5:sp	memory_base	none	rs_value:gpr64|rt_prior:gpr64|rn:address	rn=xn_or_sp;rn31=sp;rs_value=xt_or_xzr;rs_value31=constant_zero_from_xzr;rt_prior=xt_or_xzr;rt_prior31=discarded_write_to_xzr	none	sha256:78acc79118ff687b37748262e911b262e2ded1da7f09bbc93500099b7a564bba
a64:encoding:swpalb-32-memop:38f4d2f4ab20bb0a	a64:instruction_form:swpalb-32-memop:38f4d2f4ab20bb0a	a64:semantic:instruction_form:swpalb-32-memop:38f4d2f4ab20bb0a	swpalb	load-store	0xffe0fc00	0x38e08000	FEAT_LSE	ordinary_lowering|architecture_operation	wyst.a64.architecture-operations|wyst.a64.ordinary-lowering	Rt@0:5:0x1f:0x0|Rn@5:5:0x1f:0x0|Rs@16:5:0x1f:0x0	none	gpr:rs_value:32:16+5:zr:none|gpr:rt_prior:32:0+5:zr:none|address:rn:5+5:sp	memory_base	none	rs_value:gpr32|rt_prior:gpr32|rn:address	rn=xn_or_sp;rn31=sp;rs_value=wt_or_wzr;rs_value31=constant_zero_from_wzr;rt_prior=wt_or_wzr;rt_prior31=discarded_write_to_wzr	none	sha256:78acc79118ff687b37748262e911b262e2ded1da7f09bbc93500099b7a564bba
a64:encoding:swpalh-32-memop:9ef5c4b03a58d17e	a64:instruction_form:swpalh-32-memop:9ef5c4b03a58d17e	a64:semantic:instruction_form:swpalh-32-memop:9ef5c4b03a58d17e	swpalh	load-store	0xffe0fc00	0x78e08000	FEAT_LSE	ordinary_lowering|architecture_operation	wyst.a64.architecture-operations|wyst.a64.ordinary-lowering	Rt@0:5:0x1f:0x0|Rn@5:5:0x1f:0x0|Rs@16:5:0x1f:0x0	none	gpr:rs_value:32:16+5:zr:none|gpr:rt_prior:32:0+5:zr:none|address:rn:5+5:sp	memory_base	none	rs_value:gpr32|rt_prior:gpr32|rn:address	rn=xn_or_sp;rn31=sp;rs_value=wt_or_wzr;rs_value31=constant_zero_from_wzr;rt_prior=wt_or_wzr;rt_prior31=discarded_write_to_wzr	none	sha256:78acc79118ff687b37748262e911b262e2ded1da7f09bbc93500099b7a564bba
a64:encoding:swpb-32-memop:162569dbdffa2aef	a64:instruction_form:swpb-32-memop:162569dbdffa2aef	a64:semantic:instruction_form:swpb-32-memop:162569dbdffa2aef	swpb	load-store	0xffe0fc00	0x38208000	FEAT_LSE	ordinary_lowering|architecture_operation	wyst.a64.architecture-operations|wyst.a64.ordinary-lowering	Rt@0:5:0x1f:0x0|Rn@5:5:0x1f:0x0|Rs@16:5:0x1f:0x0	none	gpr:rs_value:32:16+5:zr:none|gpr:rt_prior:32:0+5:zr:none|address:rn:5+5:sp	memory_base	none	rs_value:gpr32|rt_prior:gpr32|rn:address	rn=xn_or_sp;rn31=sp;rs_value=wt_or_wzr;rs_value31=constant_zero_from_wzr;rt_prior=wt_or_wzr;rt_prior31=discarded_write_to_wzr	none	sha256:78acc79118ff687b37748262e911b262e2ded1da7f09bbc93500099b7a564bba
a64:encoding:swph-32-memop:086d491a80eaeee8	a64:instruction_form:swph-32-memop:086d491a80eaeee8	a64:semantic:instruction_form:swph-32-memop:086d491a80eaeee8	swph	load-store	0xffe0fc00	0x78208000	FEAT_LSE	ordinary_lowering|architecture_operation	wyst.a64.architecture-operations|wyst.a64.ordinary-lowering	Rt@0:5:0x1f:0x0|Rn@5:5:0x1f:0x0|Rs@16:5:0x1f:0x0	none	gpr:rs_value:32:16+5:zr:none|gpr:rt_prior:32:0+5:zr:none|address:rn:5+5:sp	memory_base	none	rs_value:gpr32|rt_prior:gpr32|rn:address	rn=xn_or_sp;rn31=sp;rs_value=wt_or_wzr;rs_value31=constant_zero_from_wzr;rt_prior=wt_or_wzr;rt_prior31=discarded_write_to_wzr	none	sha256:78acc79118ff687b37748262e911b262e2ded1da7f09bbc93500099b7a564bba
a64:encoding:swpl-32-memop:ffa494302c043f20	a64:instruction_form:swpl-32-memop:ffa494302c043f20	a64:semantic:instruction_form:swpl-32-memop:ffa494302c043f20	swpl	load-store	0xffe0fc00	0xb8608000	FEAT_LSE	ordinary_lowering|architecture_operation	wyst.a64.architecture-operations|wyst.a64.ordinary-lowering	Rt@0:5:0x1f:0x0|Rn@5:5:0x1f:0x0|Rs@16:5:0x1f:0x0	none	gpr:rs_value:32:16+5:zr:none|gpr:rt_prior:32:0+5:zr:none|address:rn:5+5:sp	memory_base	none	rs_value:gpr32|rt_prior:gpr32|rn:address	rn=xn_or_sp;rn31=sp;rs_value=wt_or_wzr;rs_value31=constant_zero_from_wzr;rt_prior=wt_or_wzr;rt_prior31=discarded_write_to_wzr	none	sha256:78acc79118ff687b37748262e911b262e2ded1da7f09bbc93500099b7a564bba
a64:encoding:swpl-64-memop:58c6e33c4091596e	a64:instruction_form:swpl-64-memop:58c6e33c4091596e	a64:semantic:instruction_form:swpl-64-memop:58c6e33c4091596e	swpl	load-store	0xffe0fc00	0xf8608000	FEAT_LSE	ordinary_lowering|architecture_operation	wyst.a64.architecture-operations|wyst.a64.ordinary-lowering	Rt@0:5:0x1f:0x0|Rn@5:5:0x1f:0x0|Rs@16:5:0x1f:0x0	none	gpr:rs_value:64:16+5:zr:none|gpr:rt_prior:64:0+5:zr:none|address:rn:5+5:sp	memory_base	none	rs_value:gpr64|rt_prior:gpr64|rn:address	rn=xn_or_sp;rn31=sp;rs_value=xt_or_xzr;rs_value31=constant_zero_from_xzr;rt_prior=xt_or_xzr;rt_prior31=discarded_write_to_xzr	none	sha256:78acc79118ff687b37748262e911b262e2ded1da7f09bbc93500099b7a564bba
a64:encoding:swplb-32-memop:fea41321bb17485c	a64:instruction_form:swplb-32-memop:fea41321bb17485c	a64:semantic:instruction_form:swplb-32-memop:fea41321bb17485c	swplb	load-store	0xffe0fc00	0x38608000	FEAT_LSE	ordinary_lowering|architecture_operation	wyst.a64.architecture-operations|wyst.a64.ordinary-lowering	Rt@0:5:0x1f:0x0|Rn@5:5:0x1f:0x0|Rs@16:5:0x1f:0x0	none	gpr:rs_value:32:16+5:zr:none|gpr:rt_prior:32:0+5:zr:none|address:rn:5+5:sp	memory_base	none	rs_value:gpr32|rt_prior:gpr32|rn:address	rn=xn_or_sp;rn31=sp;rs_value=wt_or_wzr;rs_value31=constant_zero_from_wzr;rt_prior=wt_or_wzr;rt_prior31=discarded_write_to_wzr	none	sha256:78acc79118ff687b37748262e911b262e2ded1da7f09bbc93500099b7a564bba
a64:encoding:swplh-32-memop:f46dc03af93beb89	a64:instruction_form:swplh-32-memop:f46dc03af93beb89	a64:semantic:instruction_form:swplh-32-memop:f46dc03af93beb89	swplh	load-store	0xffe0fc00	0x78608000	FEAT_LSE	ordinary_lowering|architecture_operation	wyst.a64.architecture-operations|wyst.a64.ordinary-lowering	Rt@0:5:0x1f:0x0|Rn@5:5:0x1f:0x0|Rs@16:5:0x1f:0x0	none	gpr:rs_value:32:16+5:zr:none|gpr:rt_prior:32:0+5:zr:none|address:rn:5+5:sp	memory_base	none	rs_value:gpr32|rt_prior:gpr32|rn:address	rn=xn_or_sp;rn31=sp;rs_value=wt_or_wzr;rs_value31=constant_zero_from_wzr;rt_prior=wt_or_wzr;rt_prior31=discarded_write_to_wzr	none	sha256:78acc79118ff687b37748262e911b262e2ded1da7f09bbc93500099b7a564bba
a64:encoding:sys-cr-systeminstrs:a1ba56b94e5bf31a	a64:instruction_form:sys-cr-systeminstrs:a1ba56b94e5bf31a	a64:semantic:instruction_form:sys-cr-systeminstrs:a1ba56b94e5bf31a	sys	system	0xfff80000	0xd5080000	base	ordinary_lowering|architecture_operation	wyst.a64.architecture-operations|wyst.a64.ordinary-lowering	Rt@0:5:0x1f:0x0|op2@5:3:0x7:0x0|CRm@8:4:0xf:0x0|CRn@12:4:0xf:0x0|op1@16:3:0x7:0x0	authority:system_operation:op1,CRn,CRm,op2	sysop:sysop:16+3,12+4,8+4,5+3|gpr:rt:64:0+5:zr:31	plain	none	sysop:authenticated|rt:gpr64_or_xzr	op1|crn|crm|op2=authenticated_system_operation	none	sha256:3f3e8c0ebb34eeb59b973d8c6b666af50137c2d7825c63003348002d7b0a1d8f
a64:encoding:tbnz-only-testbranch:0107945055456c7b	a64:instruction_form:tbnz-only-testbranch:0107945055456c7b	a64:semantic:instruction_form:tbnz-only-testbranch:0107945055456c7b	tbnz	branch	0x7f000000	0x37000000	base	ordinary_lowering|architecture_operation	wyst.a64.architecture-operations|wyst.a64.ordinary-lowering	Rt@0:5:0x1f:0x0|imm14@5:14:0x3fff:0x0|b40@19:5:0x1f:0x0|b5@31:1:0x1:0x0	none	gpr_by_bit:rt:0+5:31+1:zr|combine_uimm:bit:19+5=0,31+1=5|fixup:target:test_branch14	plain	test_branch14:14:4:instruction:imm14@5+14=0:local,external:no_relaxation	rt:gpr32_or_64_by_bit|bit:u6|target:test_branch14	rt31=constant_zero;register_view=formula:test_branch_register_view_from_bit	none	sha256:3f3e8c0ebb34eeb59b973d8c6b666af50137c2d7825c63003348002d7b0a1d8f
a64:encoding:tbz-only-testbranch:0998cca1334e63a5	a64:instruction_form:tbz-only-testbranch:0998cca1334e63a5	a64:semantic:instruction_form:tbz-only-testbranch:0998cca1334e63a5	tbz	branch	0x7f000000	0x36000000	base	ordinary_lowering|checked_asm|architecture_operation	wyst.a64.architecture-operations|wyst.a64.checked-asm.core|wyst.a64.ordinary-lowering	Rt@0:5:0x1f:0x0|imm14@5:14:0x3fff:0x0|b40@19:5:0x1f:0x0|b5@31:1:0x1:0x0	none	gpr_by_bit:rt:0+5:31+1:zr|combine_uimm:bit:19+5=0,31+1=5|fixup:target:test_branch14	plain	test_branch14:14:4:instruction:imm14@5+14=0:local,external:no_relaxation	rt:gpr32_or_64_by_bit|bit:u6|target:test_branch14	rt31=constant_zero;register_view=formula:test_branch_register_view_from_bit	none	sha256:3f3e8c0ebb34eeb59b973d8c6b666af50137c2d7825c63003348002d7b0a1d8f
a64:encoding:ubfm-32m-bitfield:4501d6b1444e4152	a64:instruction_form:ubfm-32m-bitfield:4501d6b1444e4152	a64:semantic:instruction_form:ubfm-32m-bitfield:4501d6b1444e4152	ubfm	other	0xffc00000	0x53000000	base	ordinary_lowering|architecture_operation	wyst.a64.architecture-operations|wyst.a64.ordinary-lowering	Rd@0:5:0x1f:0x0|Rn@5:5:0x1f:0x0|imms@10:6:0x3f:0x0|immr@16:6:0x3f:0x0	none	gpr:rd:32:0+5:zr:none|gpr:rn:32:5+5:zr:none|uimm:immr:16+6:1|uimm:imms:10+6:1	plain	none	rd:gpr32|rn:gpr32|immr:u6|imms:u6	none	none	sha256:3f3e8c0ebb34eeb59b973d8c6b666af50137c2d7825c63003348002d7b0a1d8f
a64:encoding:ubfm-64m-bitfield:0791ecfc09182cba	a64:instruction_form:ubfm-64m-bitfield:0791ecfc09182cba	a64:semantic:instruction_form:ubfm-64m-bitfield:0791ecfc09182cba	ubfm	other	0xffc00000	0xd3400000	base	ordinary_lowering|architecture_operation	wyst.a64.architecture-operations|wyst.a64.ordinary-lowering	Rd@0:5:0x1f:0x0|Rn@5:5:0x1f:0x0|imms@10:6:0x3f:0x0|immr@16:6:0x3f:0x0	none	gpr:rd:64:0+5:zr:none|gpr:rn:64:5+5:zr:none|uimm:immr:16+6:1|uimm:imms:10+6:1	plain	none	rd:gpr64|rn:gpr64|immr:u6|imms:u6	none	none	sha256:3f3e8c0ebb34eeb59b973d8c6b666af50137c2d7825c63003348002d7b0a1d8f
a64:encoding:ucvtf-d32-float2int:48336d6154e077ee	a64:instruction_form:ucvtf-d32-float2int:48336d6154e077ee	a64:semantic:instruction_form:ucvtf-d32-float2int:48336d6154e077ee	ucvtf	other	0xfffffc00	0x1e630000	FEAT_FP	ordinary_lowering|architecture_operation	wyst.a64.architecture-operations|wyst.a64.ordinary-lowering	Rd@0:5:0x1f:0x0|Rn@5:5:0x1f:0x0	none	fp:fd:d:0+5|gpr:rn:32:5+5:zr:none	plain	none	fd:fp64|rn:gpr32	none	none	sha256:f607ec4fdd071bb7b092f3c750e0f9f579f4739e1b35467c908c78f8ce42c298
a64:encoding:ucvtf-d64-float2int:285a3c9333580a25	a64:instruction_form:ucvtf-d64-float2int:285a3c9333580a25	a64:semantic:instruction_form:ucvtf-d64-float2int:285a3c9333580a25	ucvtf	other	0xfffffc00	0x9e630000	FEAT_FP	ordinary_lowering|architecture_operation	wyst.a64.architecture-operations|wyst.a64.ordinary-lowering	Rd@0:5:0x1f:0x0|Rn@5:5:0x1f:0x0	none	fp:fd:d:0+5|gpr:rn:64:5+5:zr:none	plain	none	fd:fp64|rn:gpr64	none	none	sha256:f607ec4fdd071bb7b092f3c750e0f9f579f4739e1b35467c908c78f8ce42c298
a64:encoding:ucvtf-s32-float2int:ec053b083590fda0	a64:instruction_form:ucvtf-s32-float2int:ec053b083590fda0	a64:semantic:instruction_form:ucvtf-s32-float2int:ec053b083590fda0	ucvtf	other	0xfffffc00	0x1e230000	FEAT_FP	ordinary_lowering|architecture_operation	wyst.a64.architecture-operations|wyst.a64.ordinary-lowering	Rd@0:5:0x1f:0x0|Rn@5:5:0x1f:0x0	none	fp:fd:s:0+5|gpr:rn:32:5+5:zr:none	plain	none	fd:fp32|rn:gpr32	none	none	sha256:f607ec4fdd071bb7b092f3c750e0f9f579f4739e1b35467c908c78f8ce42c298
a64:encoding:ucvtf-s64-float2int:25695f14ac43e7be	a64:instruction_form:ucvtf-s64-float2int:25695f14ac43e7be	a64:semantic:instruction_form:ucvtf-s64-float2int:25695f14ac43e7be	ucvtf	other	0xfffffc00	0x9e230000	FEAT_FP	ordinary_lowering|architecture_operation	wyst.a64.architecture-operations|wyst.a64.ordinary-lowering	Rd@0:5:0x1f:0x0|Rn@5:5:0x1f:0x0	none	fp:fd:s:0+5|gpr:rn:64:5+5:zr:none	plain	none	fd:fp32|rn:gpr64	none	none	sha256:f607ec4fdd071bb7b092f3c750e0f9f579f4739e1b35467c908c78f8ce42c298
a64:encoding:udiv-32-dp-2src:7963e5c23ba2b137	a64:instruction_form:udiv-32-dp-2src:7963e5c23ba2b137	a64:semantic:instruction_form:udiv-32-dp-2src:7963e5c23ba2b137	udiv	other	0xffe0fc00	0x1ac00800	base	ordinary_lowering|architecture_operation	wyst.a64.architecture-operations|wyst.a64.ordinary-lowering	Rd@0:5:0x1f:0x0|Rn@5:5:0x1f:0x0|Rm@16:5:0x1f:0x0	none	gpr:rd:32:0+5:zr:none|gpr:rn:32:5+5:zr:none|gpr:rm:32:16+5:zr:none	plain	none	rd:gpr32|rn:gpr32|rm:gpr32	none	none	sha256:3f3e8c0ebb34eeb59b973d8c6b666af50137c2d7825c63003348002d7b0a1d8f
a64:encoding:udiv-64-dp-2src:b98d787f66503b46	a64:instruction_form:udiv-64-dp-2src:b98d787f66503b46	a64:semantic:instruction_form:udiv-64-dp-2src:b98d787f66503b46	udiv	other	0xffe0fc00	0x9ac00800	base	ordinary_lowering|architecture_operation	wyst.a64.architecture-operations|wyst.a64.ordinary-lowering	Rd@0:5:0x1f:0x0|Rn@5:5:0x1f:0x0|Rm@16:5:0x1f:0x0	none	gpr:rd:64:0+5:zr:none|gpr:rn:64:5+5:zr:none|gpr:rm:64:16+5:zr:none	plain	none	rd:gpr64|rn:gpr64|rm:gpr64	none	none	sha256:3f3e8c0ebb34eeb59b973d8c6b666af50137c2d7825c63003348002d7b0a1d8f
a64:encoding:umulh-64-dp-3src:a94f506ecb035431	a64:instruction_form:umulh-64-dp-3src:a94f506ecb035431	a64:semantic:instruction_form:umulh-64-dp-3src:a94f506ecb035431	umulh	other	0xffe0fc00	0x9bc07c00	base	ordinary_lowering|architecture_operation	wyst.a64.architecture-operations|wyst.a64.ordinary-lowering	Rd@0:5:0x1f:0x0|Rn@5:5:0x1f:0x0|Rm@16:5:0x1f:0x0	none	gpr:rd:64:0+5:zr:none|gpr:rn:64:5+5:zr:none|gpr:rm:64:16+5:zr:none	plain	none	rd:gpr64|rn:gpr64|rm:gpr64	none	none	sha256:3f3e8c0ebb34eeb59b973d8c6b666af50137c2d7825c63003348002d7b0a1d8f
a64:encoding:ushl-asimdsame-only:d1beea0adf31afb7	a64:instruction_form:ushl-asimdsame-only:d1beea0adf31afb7	a64:semantic:instruction_form:ushl-asimdsame-only:d1beea0adf31afb7	ushl	other	0xbf20fc00	0x2e204400	FEAT_AdvSIMD	ordinary_lowering|architecture_operation	wyst.a64.architecture-operations|wyst.a64.ordinary-lowering	Rd@0:5:0x1f:0x0|Rn@5:5:0x1f:0x0|Rm@16:5:0x1f:0x0|size@22:2:0x3:0x0|Q@30:1:0x1:0x0	none	simd:vd:0+5:22+2,30+1:0=8b,1=16b,2=4h,3=8h,4=2s,5=4s,7=2d|simd:vn:5+5:22+2,30+1:0=8b,1=16b,2=4h,3=8h,4=2s,5=4s,7=2d|simd:vm:16+5:22+2,30+1:0=8b,1=16b,2=4h,3=8h,4=2s,5=4s,7=2d	plain	none	vd:simd|vn:simd|vm:simd	none	none	sha256:bf98b8bcb1ce7073600e82489c120a3ffd1f3310f5e22a2705d8331c1d255755
a64:encoding:wfe-hi-hints:c35586e48025c4dc	a64:instruction_form:wfe-hi-hints:c35586e48025c4dc	a64:semantic:instruction_form:wfe-hi-hints:c35586e48025c4dc	wfe	hint	0xffffffff	0xd503205f	base	ordinary_lowering|checked_asm|architecture_operation	wyst.a64.architecture-operations|wyst.a64.checked-asm.core|wyst.a64.ordinary-lowering	none	none	none	plain	none	none	encoding=hint_imm2	none	sha256:3f3e8c0ebb34eeb59b973d8c6b666af50137c2d7825c63003348002d7b0a1d8f
a64:encoding:wfi-hi-hints:6aa519ac5a938656	a64:instruction_form:wfi-hi-hints:6aa519ac5a938656	a64:semantic:instruction_form:wfi-hi-hints:6aa519ac5a938656	wfi	hint	0xffffffff	0xd503207f	base	ordinary_lowering|checked_asm|architecture_operation	wyst.a64.architecture-operations|wyst.a64.checked-asm.core|wyst.a64.ordinary-lowering	none	none	none	plain	none	none	encoding=hint_imm3	none	sha256:3f3e8c0ebb34eeb59b973d8c6b666af50137c2d7825c63003348002d7b0a1d8f
a64:encoding:yield-hi-hints:423190ce3fb3a78a	a64:instruction_form:yield-hi-hints:423190ce3fb3a78a	a64:semantic:instruction_form:yield-hi-hints:423190ce3fb3a78a	yield	hint	0xffffffff	0xd503203f	base	ordinary_lowering|checked_asm|architecture_operation	wyst.a64.architecture-operations|wyst.a64.checked-asm.core|wyst.a64.ordinary-lowering	none	none	none	plain	none	none	encoding=hint_imm1	none	sha256:3f3e8c0ebb34eeb59b973d8c6b666af50137c2d7825c63003348002d7b0a1d8f
