semantic_id	authority_id	encoding_id	operands	explicit_reads	explicit_writes	implicit_reads	implicit_writes	ties	destructive_uses	early_clobbers	fixed_roles	overlap_restrictions	register_views	arrangements	lists_lanes	target_owned_operands	memory_kind	memory_range	memory_alignment	addressing	writeback	tag_access	gather_scatter_first_fault	atomicity	exclusives	ordering	progress	control_flow	stack_behavior	architecture	features	execution_level	security_virtualization	streaming_state	other_state_gates	effects	authority_requirements	determinism	faults	target_defined	deprecation
a64:semantic:instruction_form:add-32-addsub-imm:3ab0bb991b202807	a64:instruction_form:add-32-addsub-imm:3ab0bb991b202807	a64:encoding:add-32-addsub-imm:3ab0bb991b202807	rd:gpr32|rn:gpr32|imm:encoded_immediate	rn	rd	none	none	none	none	none	none	none	wN	none	none	none	none	0	1	none	none	none	none	none	none	none	immediate	fallthrough	preserved:delta=0	Armv8-A	base	EL0..EL3	any	any	none	none	none	deterministic	none	none	removed_if_authority_deprecates
a64:semantic:instruction_form:add-32-addsub-shift:40aabbcac383e4f5	a64:instruction_form:add-32-addsub-shift:40aabbcac383e4f5	a64:encoding:add-32-addsub-shift:40aabbcac383e4f5	rd:gpr32|rn:gpr32|rm:gpr32|shift:u2|amount:u6	rn|rm	rd	none	none	none	none	none	none	none	wN	none	none	none	none	0	1	none	none	none	none	none	none	none	immediate	fallthrough	preserved:delta=0	Armv8-A	base	EL0..EL3	any	any	none	none	none	deterministic	none	none	removed_if_authority_deprecates
a64:semantic:instruction_form:add-64-addsub-imm:f9088474ba5a7702	a64:instruction_form:add-64-addsub-imm:f9088474ba5a7702	a64:encoding:add-64-addsub-imm:f9088474ba5a7702	rd:gpr64|rn:gpr64|imm:encoded_immediate	rn	rd	none	none	none	none	none	none	none	xN	none	none	none	none	0	1	none	none	none	none	none	none	none	immediate	fallthrough	preserved:delta=0	Armv8-A	base	EL0..EL3	any	any	none	none	none	deterministic	none	none	removed_if_authority_deprecates
a64:semantic:instruction_form:add-64-addsub-shift:6f409def0d1e43f6	a64:instruction_form:add-64-addsub-shift:6f409def0d1e43f6	a64:encoding:add-64-addsub-shift:6f409def0d1e43f6	rd:gpr64|rn:gpr64|rm:gpr64|shift:u2|amount:u6	rn|rm	rd	none	none	none	none	none	none	none	xN	none	none	none	none	0	1	none	none	none	none	none	none	none	immediate	fallthrough	preserved:delta=0	Armv8-A	base	EL0..EL3	any	any	none	none	none	deterministic	none	none	removed_if_authority_deprecates
a64:semantic:instruction_form:add-asimdsame-only:1a2c005b014d566c	a64:instruction_form:add-asimdsame-only:1a2c005b014d566c	a64:encoding:add-asimdsame-only:1a2c005b014d566c	vd:simd|vn:simd|vm:simd	vn|vm	vd	fp_access_control|streaming_state	none	none	none	none	none	none	vN	formula:simd_arrangement_from_q_size	none	none	none	0	1	none	none	none	none	none	none	none	immediate	fallthrough	preserved:delta=0	Armv8-A	FEAT_AdvSIMD	EL0..EL3	any	formula:simd_streaming_gate	none	none	fp_simd_access_enabled	deterministic	architectural_fault:fp_simd_access_trap	none	removed_if_authority_deprecates
a64:semantic:instruction_form:adds-32s-addsub-imm:b8d21fb60de5d4ac	a64:instruction_form:adds-32s-addsub-imm:b8d21fb60de5d4ac	a64:encoding:adds-32s-addsub-imm:b8d21fb60de5d4ac	rd:gpr32|rn:gpr32|imm:encoded_immediate	rn	rd	none	NZCV	none	none	none	none	none	wN	none	none	none	none	0	1	none	none	none	none	none	none	none	immediate	fallthrough	preserved:delta=0	Armv8-A	base	EL0..EL3	any	any	none	none	none	deterministic	none	none	removed_if_authority_deprecates
a64:semantic:instruction_form:adds-64s-addsub-imm:343cffe26193cab3	a64:instruction_form:adds-64s-addsub-imm:343cffe26193cab3	a64:encoding:adds-64s-addsub-imm:343cffe26193cab3	rd:gpr64|rn:gpr64|imm:encoded_immediate	rn	rd	none	NZCV	none	none	none	none	none	xN	none	none	none	none	0	1	none	none	none	none	none	none	none	immediate	fallthrough	preserved:delta=0	Armv8-A	base	EL0..EL3	any	any	none	none	none	deterministic	none	none	removed_if_authority_deprecates
a64:semantic:instruction_form:adrp-only-pcreladdr:3804d7b0234500a2	a64:instruction_form:adrp-only-pcreladdr:3804d7b0234500a2	a64:encoding:adrp-only-pcreladdr:3804d7b0234500a2	rd:xN|target:page21	none	rd	pc	none	none	none	none	rd=xt_or_xzr;rd31=discarded_write_to_xzr;encoding=page21	none	xN|xzr	none	none	target:page21	none	0	1	none	none	none	none	none	none	none	immediate	fallthrough	preserved:delta=0	Armv8-A	base	EL0..EL3	any	any	none	none	none	deterministic	none	none	removed_if_authority_deprecates
a64:semantic:instruction_form:and-32-log-imm:fd2f433fd0223701	a64:instruction_form:and-32-log-imm:fd2f433fd0223701	a64:encoding:and-32-log-imm:fd2f433fd0223701	rd:gpr32|rn:gpr32|imm:encoded_immediate	rn	rd	none	none	none	none	none	none	none	wN	none	none	none	none	0	1	none	none	none	none	none	none	none	immediate	fallthrough	preserved:delta=0	Armv8-A	base	EL0..EL3	any	any	none	none	none	deterministic	none	none	removed_if_authority_deprecates
a64:semantic:instruction_form:and-32-log-shift:44b2e69bd35e6aa5	a64:instruction_form:and-32-log-shift:44b2e69bd35e6aa5	a64:encoding:and-32-log-shift:44b2e69bd35e6aa5	rd:gpr32|rn:gpr32|rm:gpr32|shift:u2|amount:u6	rn|rm	rd	none	none	none	none	none	none	none	wN	none	none	none	none	0	1	none	none	none	none	none	none	none	immediate	fallthrough	preserved:delta=0	Armv8-A	base	EL0..EL3	any	any	none	none	none	deterministic	none	none	removed_if_authority_deprecates
a64:semantic:instruction_form:and-64-log-imm:714f66c012c6fd91	a64:instruction_form:and-64-log-imm:714f66c012c6fd91	a64:encoding:and-64-log-imm:714f66c012c6fd91	rd:gpr64|rn:gpr64|imm:encoded_immediate	rn	rd	none	none	none	none	none	none	none	xN	none	none	none	none	0	1	none	none	none	none	none	none	none	immediate	fallthrough	preserved:delta=0	Armv8-A	base	EL0..EL3	any	any	none	none	none	deterministic	none	none	removed_if_authority_deprecates
a64:semantic:instruction_form:and-64-log-shift:d48e002764135b7e	a64:instruction_form:and-64-log-shift:d48e002764135b7e	a64:encoding:and-64-log-shift:d48e002764135b7e	rd:gpr64|rn:gpr64|rm:gpr64|shift:u2|amount:u6	rn|rm	rd	none	none	none	none	none	none	none	xN	none	none	none	none	0	1	none	none	none	none	none	none	none	immediate	fallthrough	preserved:delta=0	Armv8-A	base	EL0..EL3	any	any	none	none	none	deterministic	none	none	removed_if_authority_deprecates
a64:semantic:instruction_form:and-asimdsame-only:f69ea14abdd510f7	a64:instruction_form:and-asimdsame-only:f69ea14abdd510f7	a64:encoding:and-asimdsame-only:f69ea14abdd510f7	vd:simd|vn:simd|vm:simd	vn|vm	vd	fp_access_control|streaming_state	none	none	none	none	none	none	vN	formula:simd_arrangement_from_q_size	none	none	none	0	1	none	none	none	none	none	none	none	immediate	fallthrough	preserved:delta=0	Armv8-A	FEAT_AdvSIMD	EL0..EL3	any	formula:simd_streaming_gate	none	none	fp_simd_access_enabled	deterministic	architectural_fault:fp_simd_access_trap	none	removed_if_authority_deprecates
a64:semantic:instruction_form:ands-32s-log-imm:686f816454456d93	a64:instruction_form:ands-32s-log-imm:686f816454456d93	a64:encoding:ands-32s-log-imm:686f816454456d93	rd:gpr32|rn:gpr32|imm:encoded_immediate	rn	rd	none	NZCV	none	none	none	none	none	wN	none	none	none	none	0	1	none	none	none	none	none	none	none	immediate	fallthrough	preserved:delta=0	Armv8-A	base	EL0..EL3	any	any	none	none	none	deterministic	none	none	removed_if_authority_deprecates
a64:semantic:instruction_form:ands-64s-log-imm:ceeadfc332703a65	a64:instruction_form:ands-64s-log-imm:ceeadfc332703a65	a64:encoding:ands-64s-log-imm:ceeadfc332703a65	rd:gpr64|rn:gpr64|imm:encoded_immediate	rn	rd	none	NZCV	none	none	none	none	none	xN	none	none	none	none	0	1	none	none	none	none	none	none	none	immediate	fallthrough	preserved:delta=0	Armv8-A	base	EL0..EL3	any	any	none	none	none	deterministic	none	none	removed_if_authority_deprecates
a64:semantic:instruction_form:asrv-32-dp-2src:7e75e18a8659f404	a64:instruction_form:asrv-32-dp-2src:7e75e18a8659f404	a64:encoding:asrv-32-dp-2src:7e75e18a8659f404	rd:gpr32|rn:gpr32|rm:gpr32	rn|rm	rd	none	none	none	none	none	none	none	wN	none	none	none	none	0	1	none	none	none	none	none	none	none	immediate	fallthrough	preserved:delta=0	Armv8-A	base	EL0..EL3	any	any	none	none	none	deterministic	none	none	removed_if_authority_deprecates
a64:semantic:instruction_form:asrv-64-dp-2src:9c19c82a2d4cd3aa	a64:instruction_form:asrv-64-dp-2src:9c19c82a2d4cd3aa	a64:encoding:asrv-64-dp-2src:9c19c82a2d4cd3aa	rd:gpr64|rn:gpr64|rm:gpr64	rn|rm	rd	none	none	none	none	none	none	none	xN	none	none	none	none	0	1	none	none	none	none	none	none	none	immediate	fallthrough	preserved:delta=0	Armv8-A	base	EL0..EL3	any	any	none	none	none	deterministic	none	none	removed_if_authority_deprecates
a64:semantic:instruction_form:b-only-branch-imm:474f71088223424a	a64:instruction_form:b-only-branch-imm:474f71088223424a	a64:encoding:b-only-branch-imm:474f71088223424a	target:branch26	none	none	none	pc	none	none	none	encoding=branch26	none	none	none	none	target:branch26	none	0	1	none	none	none	none	none	none	none	immediate	branch	preserved:delta=0	Armv8-A	base	EL0..EL3	any	any	none	none	none	deterministic	architectural_fault:invalid_instruction_address	none	removed_if_authority_deprecates
a64:semantic:instruction_form:b-only-condbranch:1e7c4579c302a084	a64:instruction_form:b-only-condbranch:1e7c4579c302a084	a64:encoding:b-only-condbranch:1e7c4579c302a084	target:conditional_branch19|condition:nzcv	none	none	NZCV	pc	none	none	none	encoding=conditional_branch19	none	none	none	none	target:conditional_branch19	none	0	1	none	none	none	none	none	none	none	immediate	conditional_branch	preserved:delta=0	Armv8-A	base	EL0..EL3	any	any	none	none	none	deterministic	architectural_fault:invalid_instruction_address_if_taken	none	removed_if_authority_deprecates
a64:semantic:instruction_form:bfm-32m-bitfield:dcbed29556885d62	a64:instruction_form:bfm-32m-bitfield:dcbed29556885d62	a64:encoding:bfm-32m-bitfield:dcbed29556885d62	rd:gpr32|rn:gpr32|immr:u6|imms:u6	rd|rn	rd	none	none	rd=read_write	rd	none	none	none	wN	none	none	none	none	0	1	none	none	none	none	none	none	none	immediate	fallthrough	preserved:delta=0	Armv8-A	base	EL0..EL3	any	any	none	none	none	deterministic	none	none	removed_if_authority_deprecates
a64:semantic:instruction_form:bfm-64m-bitfield:22ee83234c32a1b8	a64:instruction_form:bfm-64m-bitfield:22ee83234c32a1b8	a64:encoding:bfm-64m-bitfield:22ee83234c32a1b8	rd:gpr64|rn:gpr64|immr:u6|imms:u6	rd|rn	rd	none	none	rd=read_write	rd	none	none	none	xN	none	none	none	none	0	1	none	none	none	none	none	none	none	immediate	fallthrough	preserved:delta=0	Armv8-A	base	EL0..EL3	any	any	none	none	none	deterministic	none	none	removed_if_authority_deprecates
a64:semantic:instruction_form:bic-32-log-shift:be4c4a11b3c721c3	a64:instruction_form:bic-32-log-shift:be4c4a11b3c721c3	a64:encoding:bic-32-log-shift:be4c4a11b3c721c3	rd:gpr32|rn:gpr32|rm:gpr32|shift:u2|amount:u6	rn|rm	rd	none	none	none	none	none	none	none	wN	none	none	none	none	0	1	none	none	none	none	none	none	none	immediate	fallthrough	preserved:delta=0	Armv8-A	base	EL0..EL3	any	any	none	none	none	deterministic	none	none	removed_if_authority_deprecates
a64:semantic:instruction_form:bic-64-log-shift:d341131f30ef759d	a64:instruction_form:bic-64-log-shift:d341131f30ef759d	a64:encoding:bic-64-log-shift:d341131f30ef759d	rd:gpr64|rn:gpr64|rm:gpr64|shift:u2|amount:u6	rn|rm	rd	none	none	none	none	none	none	none	xN	none	none	none	none	0	1	none	none	none	none	none	none	none	immediate	fallthrough	preserved:delta=0	Armv8-A	base	EL0..EL3	any	any	none	none	none	deterministic	none	none	removed_if_authority_deprecates
a64:semantic:instruction_form:bic-asimdsame-only:b382ea2c48be89ad	a64:instruction_form:bic-asimdsame-only:b382ea2c48be89ad	a64:encoding:bic-asimdsame-only:b382ea2c48be89ad	vd:simd|vn:simd|vm:simd	vn|vm	vd	fp_access_control|streaming_state	none	none	none	none	none	none	vN	formula:simd_arrangement_from_q_size	none	none	none	0	1	none	none	none	none	none	none	none	immediate	fallthrough	preserved:delta=0	Armv8-A	FEAT_AdvSIMD	EL0..EL3	any	formula:simd_streaming_gate	none	none	fp_simd_access_enabled	deterministic	architectural_fault:fp_simd_access_trap	none	removed_if_authority_deprecates
a64:semantic:instruction_form:bl-only-branch-imm:ea6420b3e0abfdfa	a64:instruction_form:bl-only-branch-imm:ea6420b3e0abfdfa	a64:encoding:bl-only-branch-imm:ea6420b3e0abfdfa	target:call26	none	none	none	pc|x30	none	none	none	link=x30;encoding=call26	none	x30	scalar64	none	target:call26	none	0	1	none	none	none	none	none	none	none	immediate	call	preserved:delta=0	Armv8-A	base	EL0..EL3	any	any	none	none	none	deterministic	architectural_fault:invalid_instruction_address	none	removed_if_authority_deprecates
a64:semantic:instruction_form:blr-64-branch-reg:770ead7e3fcdc8eb	a64:instruction_form:blr-64-branch-reg:770ead7e3fcdc8eb	a64:encoding:blr-64-branch-reg:770ead7e3fcdc8eb	rn:gpr64	rn	none	none	pc|x30	none	none	none	link=x30	rn!=sp|xzr	xN	none	none	none	none	0	1	none	none	none	none	none	none	none	immediate	call	preserved:delta=0	Armv8-A	base	EL0..EL3	any	any	none	none	none	deterministic	architectural_fault:invalid_instruction_address	none	removed_if_authority_deprecates
a64:semantic:instruction_form:br-64-branch-reg:9aaf83c0a39db37f	a64:instruction_form:br-64-branch-reg:9aaf83c0a39db37f	a64:encoding:br-64-branch-reg:9aaf83c0a39db37f	rn:gpr64	rn	none	none	pc	none	none	none	none	rn!=sp|xzr	xN	none	none	none	none	0	1	none	none	none	none	none	none	none	immediate	branch	preserved:delta=0	Armv8-A	base	EL0..EL3	any	any	none	none	none	deterministic	architectural_fault:invalid_instruction_address	none	removed_if_authority_deprecates
a64:semantic:instruction_form:brk-ex-exception:7046fa1ce7c640b8	a64:instruction_form:brk-ex-exception:7046fa1ce7c640b8	a64:encoding:brk-ex-exception:7046fa1ce7c640b8	imm16:u16	none	none	PSTATE|exception_state	pc|PSTATE|exception_state|ELR_ELx|SPSR_ELx	none	none	none	none	none	none	none	none	exception_target=debug_exception_route	none	0	1	none	none	none	none	none	none	context_synchronizing	immediate	exception_terminal	preserved:delta=0	Armv8-A	base	EL0..EL3	any	any	none	trap	debug_exception_routing	deterministic	architectural_fault:software_breakpoint_exception	none	removed_if_authority_deprecates
a64:semantic:instruction_form:cas-c32-comswap:84a82f7a624a9350	a64:instruction_form:cas-c32-comswap:84a82f7a624a9350	a64:encoding:cas-c32-comswap:84a82f7a624a9350	rs_expected:gpr32|rt_desired:gpr32|rn:address	rs_expected|rt_desired|rn	rs_expected	translation_regime|memory_attributes	none	rs_expected=read_write	rs_expected	none	rn=xn_or_sp;rn31=sp;rs_expected=wt_or_wzr;rs_expected31=constant_zero_then_discarded_write_to_wzr;rt_desired=wt_or_wzr;rt_desired31=constant_zero_from_wzr	none	wN|wzr|address64|sp	none	none	sp|wzr	normal:atomic-capable:read-with-conditional-write	read=4;write_if_equal=4;write_otherwise=0	required=4;natural=4;sp_check=formula:sp_alignment_check_if_rn_is_sp	base	none	formula:memory_tagchecked_if_rn_not_sp	none	atomic-compare-exchange:4-byte-range	none	success=relaxed;failure=relaxed	single-copy-atomic	fallthrough	preserved:delta=0	Armv8-A	FEAT_LSE	EL0..EL3	any	any	none	atomic	none	deterministic	architectural_fault:data_abort|architectural_fault:alignment_if_not_naturally_aligned|architectural_fault:sp_alignment_if_rn_is_sp_and_enabled|architectural_fault:tag_check_if_tagchecked	none	removed_if_authority_deprecates
a64:semantic:instruction_form:cas-c64-comswap:7e046efc42a49cac	a64:instruction_form:cas-c64-comswap:7e046efc42a49cac	a64:encoding:cas-c64-comswap:7e046efc42a49cac	rs_expected:gpr64|rt_desired:gpr64|rn:address	rs_expected|rt_desired|rn	rs_expected	translation_regime|memory_attributes	none	rs_expected=read_write	rs_expected	none	rn=xn_or_sp;rn31=sp;rs_expected=xt_or_xzr;rs_expected31=constant_zero_then_discarded_write_to_xzr;rt_desired=xt_or_xzr;rt_desired31=constant_zero_from_xzr	none	xN|xzr|address64|sp	none	none	sp|xzr	normal:atomic-capable:read-with-conditional-write	read=8;write_if_equal=8;write_otherwise=0	required=8;natural=8;sp_check=formula:sp_alignment_check_if_rn_is_sp	base	none	formula:memory_tagchecked_if_rn_not_sp	none	atomic-compare-exchange:8-byte-range	none	success=relaxed;failure=relaxed	single-copy-atomic	fallthrough	preserved:delta=0	Armv8-A	FEAT_LSE	EL0..EL3	any	any	none	atomic	none	deterministic	architectural_fault:data_abort|architectural_fault:alignment_if_not_naturally_aligned|architectural_fault:sp_alignment_if_rn_is_sp_and_enabled|architectural_fault:tag_check_if_tagchecked	none	removed_if_authority_deprecates
a64:semantic:instruction_form:casa-c32-comswap:a458ae5ea5b32f0f	a64:instruction_form:casa-c32-comswap:a458ae5ea5b32f0f	a64:encoding:casa-c32-comswap:a458ae5ea5b32f0f	rs_expected:gpr32|rt_desired:gpr32|rn:address	rs_expected|rt_desired|rn	rs_expected	translation_regime|memory_attributes	none	rs_expected=read_write	rs_expected	none	rn=xn_or_sp;rn31=sp;rs_expected=wt_or_wzr;rs_expected31=constant_zero_then_discarded_write_to_wzr;rt_desired=wt_or_wzr;rt_desired31=constant_zero_from_wzr	none	wN|wzr|address64|sp	none	none	sp|wzr	normal:atomic-capable:read-with-conditional-write	read=4;write_if_equal=4;write_otherwise=0	required=4;natural=4;sp_check=formula:sp_alignment_check_if_rn_is_sp	base	none	formula:memory_tagchecked_if_rn_not_sp	none	atomic-compare-exchange:4-byte-range	none	success=acquire;failure=acquire	single-copy-atomic	fallthrough	preserved:delta=0	Armv8-A	FEAT_LSE	EL0..EL3	any	any	none	atomic	none	deterministic	architectural_fault:data_abort|architectural_fault:alignment_if_not_naturally_aligned|architectural_fault:sp_alignment_if_rn_is_sp_and_enabled|architectural_fault:tag_check_if_tagchecked	none	removed_if_authority_deprecates
a64:semantic:instruction_form:casa-c64-comswap:561b36bd9514f6ed	a64:instruction_form:casa-c64-comswap:561b36bd9514f6ed	a64:encoding:casa-c64-comswap:561b36bd9514f6ed	rs_expected:gpr64|rt_desired:gpr64|rn:address	rs_expected|rt_desired|rn	rs_expected	translation_regime|memory_attributes	none	rs_expected=read_write	rs_expected	none	rn=xn_or_sp;rn31=sp;rs_expected=xt_or_xzr;rs_expected31=constant_zero_then_discarded_write_to_xzr;rt_desired=xt_or_xzr;rt_desired31=constant_zero_from_xzr	none	xN|xzr|address64|sp	none	none	sp|xzr	normal:atomic-capable:read-with-conditional-write	read=8;write_if_equal=8;write_otherwise=0	required=8;natural=8;sp_check=formula:sp_alignment_check_if_rn_is_sp	base	none	formula:memory_tagchecked_if_rn_not_sp	none	atomic-compare-exchange:8-byte-range	none	success=acquire;failure=acquire	single-copy-atomic	fallthrough	preserved:delta=0	Armv8-A	FEAT_LSE	EL0..EL3	any	any	none	atomic	none	deterministic	architectural_fault:data_abort|architectural_fault:alignment_if_not_naturally_aligned|architectural_fault:sp_alignment_if_rn_is_sp_and_enabled|architectural_fault:tag_check_if_tagchecked	none	removed_if_authority_deprecates
a64:semantic:instruction_form:casab-c32-comswap:118256e8cc978ced	a64:instruction_form:casab-c32-comswap:118256e8cc978ced	a64:encoding:casab-c32-comswap:118256e8cc978ced	rs_expected:gpr32|rt_desired:gpr32|rn:address	rs_expected|rt_desired|rn	rs_expected	translation_regime|memory_attributes	none	rs_expected=read_write	rs_expected	none	rn=xn_or_sp;rn31=sp;rs_expected=wt_or_wzr;rs_expected31=constant_zero_then_discarded_write_to_wzr;rt_desired=wt_or_wzr;rt_desired31=constant_zero_from_wzr	none	wN|wzr|address64|sp	none	none	sp|wzr	normal:atomic-capable:read-with-conditional-write	read=1;write_if_equal=1;write_otherwise=0	required=1;natural=1;sp_check=formula:sp_alignment_check_if_rn_is_sp	base	none	formula:memory_tagchecked_if_rn_not_sp	none	atomic-compare-exchange:1-byte-range	none	success=acquire;failure=acquire	single-copy-atomic	fallthrough	preserved:delta=0	Armv8-A	FEAT_LSE	EL0..EL3	any	any	none	atomic	none	deterministic	architectural_fault:data_abort|architectural_fault:alignment_if_not_naturally_aligned|architectural_fault:sp_alignment_if_rn_is_sp_and_enabled|architectural_fault:tag_check_if_tagchecked	none	removed_if_authority_deprecates
a64:semantic:instruction_form:casah-c32-comswap:6fc6f2a2263f3447	a64:instruction_form:casah-c32-comswap:6fc6f2a2263f3447	a64:encoding:casah-c32-comswap:6fc6f2a2263f3447	rs_expected:gpr32|rt_desired:gpr32|rn:address	rs_expected|rt_desired|rn	rs_expected	translation_regime|memory_attributes	none	rs_expected=read_write	rs_expected	none	rn=xn_or_sp;rn31=sp;rs_expected=wt_or_wzr;rs_expected31=constant_zero_then_discarded_write_to_wzr;rt_desired=wt_or_wzr;rt_desired31=constant_zero_from_wzr	none	wN|wzr|address64|sp	none	none	sp|wzr	normal:atomic-capable:read-with-conditional-write	read=2;write_if_equal=2;write_otherwise=0	required=2;natural=2;sp_check=formula:sp_alignment_check_if_rn_is_sp	base	none	formula:memory_tagchecked_if_rn_not_sp	none	atomic-compare-exchange:2-byte-range	none	success=acquire;failure=acquire	single-copy-atomic	fallthrough	preserved:delta=0	Armv8-A	FEAT_LSE	EL0..EL3	any	any	none	atomic	none	deterministic	architectural_fault:data_abort|architectural_fault:alignment_if_not_naturally_aligned|architectural_fault:sp_alignment_if_rn_is_sp_and_enabled|architectural_fault:tag_check_if_tagchecked	none	removed_if_authority_deprecates
a64:semantic:instruction_form:casal-c32-comswap:0fd70a6503bee620	a64:instruction_form:casal-c32-comswap:0fd70a6503bee620	a64:encoding:casal-c32-comswap:0fd70a6503bee620	rs_expected:gpr32|rt_desired:gpr32|rn:address	rs_expected|rt_desired|rn	rs_expected	translation_regime|memory_attributes	none	rs_expected=read_write	rs_expected	none	rn=xn_or_sp;rn31=sp;rs_expected=wt_or_wzr;rs_expected31=constant_zero_then_discarded_write_to_wzr;rt_desired=wt_or_wzr;rt_desired31=constant_zero_from_wzr	none	wN|wzr|address64|sp	none	none	sp|wzr	normal:atomic-capable:read-with-conditional-write	read=4;write_if_equal=4;write_otherwise=0	required=4;natural=4;sp_check=formula:sp_alignment_check_if_rn_is_sp	base	none	formula:memory_tagchecked_if_rn_not_sp	none	atomic-compare-exchange:4-byte-range	none	success=acqrel;failure=acquire	single-copy-atomic	fallthrough	preserved:delta=0	Armv8-A	FEAT_LSE	EL0..EL3	any	any	none	atomic	none	deterministic	architectural_fault:data_abort|architectural_fault:alignment_if_not_naturally_aligned|architectural_fault:sp_alignment_if_rn_is_sp_and_enabled|architectural_fault:tag_check_if_tagchecked	none	removed_if_authority_deprecates
a64:semantic:instruction_form:casal-c64-comswap:3ea10d6e68e05b4e	a64:instruction_form:casal-c64-comswap:3ea10d6e68e05b4e	a64:encoding:casal-c64-comswap:3ea10d6e68e05b4e	rs_expected:gpr64|rt_desired:gpr64|rn:address	rs_expected|rt_desired|rn	rs_expected	translation_regime|memory_attributes	none	rs_expected=read_write	rs_expected	none	rn=xn_or_sp;rn31=sp;rs_expected=xt_or_xzr;rs_expected31=constant_zero_then_discarded_write_to_xzr;rt_desired=xt_or_xzr;rt_desired31=constant_zero_from_xzr	none	xN|xzr|address64|sp	none	none	sp|xzr	normal:atomic-capable:read-with-conditional-write	read=8;write_if_equal=8;write_otherwise=0	required=8;natural=8;sp_check=formula:sp_alignment_check_if_rn_is_sp	base	none	formula:memory_tagchecked_if_rn_not_sp	none	atomic-compare-exchange:8-byte-range	none	success=acqrel;failure=acquire	single-copy-atomic	fallthrough	preserved:delta=0	Armv8-A	FEAT_LSE	EL0..EL3	any	any	none	atomic	none	deterministic	architectural_fault:data_abort|architectural_fault:alignment_if_not_naturally_aligned|architectural_fault:sp_alignment_if_rn_is_sp_and_enabled|architectural_fault:tag_check_if_tagchecked	none	removed_if_authority_deprecates
a64:semantic:instruction_form:casalb-c32-comswap:2ab36053205c5d88	a64:instruction_form:casalb-c32-comswap:2ab36053205c5d88	a64:encoding:casalb-c32-comswap:2ab36053205c5d88	rs_expected:gpr32|rt_desired:gpr32|rn:address	rs_expected|rt_desired|rn	rs_expected	translation_regime|memory_attributes	none	rs_expected=read_write	rs_expected	none	rn=xn_or_sp;rn31=sp;rs_expected=wt_or_wzr;rs_expected31=constant_zero_then_discarded_write_to_wzr;rt_desired=wt_or_wzr;rt_desired31=constant_zero_from_wzr	none	wN|wzr|address64|sp	none	none	sp|wzr	normal:atomic-capable:read-with-conditional-write	read=1;write_if_equal=1;write_otherwise=0	required=1;natural=1;sp_check=formula:sp_alignment_check_if_rn_is_sp	base	none	formula:memory_tagchecked_if_rn_not_sp	none	atomic-compare-exchange:1-byte-range	none	success=acqrel;failure=acquire	single-copy-atomic	fallthrough	preserved:delta=0	Armv8-A	FEAT_LSE	EL0..EL3	any	any	none	atomic	none	deterministic	architectural_fault:data_abort|architectural_fault:alignment_if_not_naturally_aligned|architectural_fault:sp_alignment_if_rn_is_sp_and_enabled|architectural_fault:tag_check_if_tagchecked	none	removed_if_authority_deprecates
a64:semantic:instruction_form:casalh-c32-comswap:7165bde8cf2aa30a	a64:instruction_form:casalh-c32-comswap:7165bde8cf2aa30a	a64:encoding:casalh-c32-comswap:7165bde8cf2aa30a	rs_expected:gpr32|rt_desired:gpr32|rn:address	rs_expected|rt_desired|rn	rs_expected	translation_regime|memory_attributes	none	rs_expected=read_write	rs_expected	none	rn=xn_or_sp;rn31=sp;rs_expected=wt_or_wzr;rs_expected31=constant_zero_then_discarded_write_to_wzr;rt_desired=wt_or_wzr;rt_desired31=constant_zero_from_wzr	none	wN|wzr|address64|sp	none	none	sp|wzr	normal:atomic-capable:read-with-conditional-write	read=2;write_if_equal=2;write_otherwise=0	required=2;natural=2;sp_check=formula:sp_alignment_check_if_rn_is_sp	base	none	formula:memory_tagchecked_if_rn_not_sp	none	atomic-compare-exchange:2-byte-range	none	success=acqrel;failure=acquire	single-copy-atomic	fallthrough	preserved:delta=0	Armv8-A	FEAT_LSE	EL0..EL3	any	any	none	atomic	none	deterministic	architectural_fault:data_abort|architectural_fault:alignment_if_not_naturally_aligned|architectural_fault:sp_alignment_if_rn_is_sp_and_enabled|architectural_fault:tag_check_if_tagchecked	none	removed_if_authority_deprecates
a64:semantic:instruction_form:casb-c32-comswap:d4cb47454f670726	a64:instruction_form:casb-c32-comswap:d4cb47454f670726	a64:encoding:casb-c32-comswap:d4cb47454f670726	rs_expected:gpr32|rt_desired:gpr32|rn:address	rs_expected|rt_desired|rn	rs_expected	translation_regime|memory_attributes	none	rs_expected=read_write	rs_expected	none	rn=xn_or_sp;rn31=sp;rs_expected=wt_or_wzr;rs_expected31=constant_zero_then_discarded_write_to_wzr;rt_desired=wt_or_wzr;rt_desired31=constant_zero_from_wzr	none	wN|wzr|address64|sp	none	none	sp|wzr	normal:atomic-capable:read-with-conditional-write	read=1;write_if_equal=1;write_otherwise=0	required=1;natural=1;sp_check=formula:sp_alignment_check_if_rn_is_sp	base	none	formula:memory_tagchecked_if_rn_not_sp	none	atomic-compare-exchange:1-byte-range	none	success=relaxed;failure=relaxed	single-copy-atomic	fallthrough	preserved:delta=0	Armv8-A	FEAT_LSE	EL0..EL3	any	any	none	atomic	none	deterministic	architectural_fault:data_abort|architectural_fault:alignment_if_not_naturally_aligned|architectural_fault:sp_alignment_if_rn_is_sp_and_enabled|architectural_fault:tag_check_if_tagchecked	none	removed_if_authority_deprecates
a64:semantic:instruction_form:cash-c32-comswap:3da7ce9e43d1eb51	a64:instruction_form:cash-c32-comswap:3da7ce9e43d1eb51	a64:encoding:cash-c32-comswap:3da7ce9e43d1eb51	rs_expected:gpr32|rt_desired:gpr32|rn:address	rs_expected|rt_desired|rn	rs_expected	translation_regime|memory_attributes	none	rs_expected=read_write	rs_expected	none	rn=xn_or_sp;rn31=sp;rs_expected=wt_or_wzr;rs_expected31=constant_zero_then_discarded_write_to_wzr;rt_desired=wt_or_wzr;rt_desired31=constant_zero_from_wzr	none	wN|wzr|address64|sp	none	none	sp|wzr	normal:atomic-capable:read-with-conditional-write	read=2;write_if_equal=2;write_otherwise=0	required=2;natural=2;sp_check=formula:sp_alignment_check_if_rn_is_sp	base	none	formula:memory_tagchecked_if_rn_not_sp	none	atomic-compare-exchange:2-byte-range	none	success=relaxed;failure=relaxed	single-copy-atomic	fallthrough	preserved:delta=0	Armv8-A	FEAT_LSE	EL0..EL3	any	any	none	atomic	none	deterministic	architectural_fault:data_abort|architectural_fault:alignment_if_not_naturally_aligned|architectural_fault:sp_alignment_if_rn_is_sp_and_enabled|architectural_fault:tag_check_if_tagchecked	none	removed_if_authority_deprecates
a64:semantic:instruction_form:casl-c32-comswap:a6faa83815ab72f6	a64:instruction_form:casl-c32-comswap:a6faa83815ab72f6	a64:encoding:casl-c32-comswap:a6faa83815ab72f6	rs_expected:gpr32|rt_desired:gpr32|rn:address	rs_expected|rt_desired|rn	rs_expected	translation_regime|memory_attributes	none	rs_expected=read_write	rs_expected	none	rn=xn_or_sp;rn31=sp;rs_expected=wt_or_wzr;rs_expected31=constant_zero_then_discarded_write_to_wzr;rt_desired=wt_or_wzr;rt_desired31=constant_zero_from_wzr	none	wN|wzr|address64|sp	none	none	sp|wzr	normal:atomic-capable:read-with-conditional-write	read=4;write_if_equal=4;write_otherwise=0	required=4;natural=4;sp_check=formula:sp_alignment_check_if_rn_is_sp	base	none	formula:memory_tagchecked_if_rn_not_sp	none	atomic-compare-exchange:4-byte-range	none	success=release;failure=relaxed	single-copy-atomic	fallthrough	preserved:delta=0	Armv8-A	FEAT_LSE	EL0..EL3	any	any	none	atomic	none	deterministic	architectural_fault:data_abort|architectural_fault:alignment_if_not_naturally_aligned|architectural_fault:sp_alignment_if_rn_is_sp_and_enabled|architectural_fault:tag_check_if_tagchecked	none	removed_if_authority_deprecates
a64:semantic:instruction_form:casl-c64-comswap:0a370b9fa283b14b	a64:instruction_form:casl-c64-comswap:0a370b9fa283b14b	a64:encoding:casl-c64-comswap:0a370b9fa283b14b	rs_expected:gpr64|rt_desired:gpr64|rn:address	rs_expected|rt_desired|rn	rs_expected	translation_regime|memory_attributes	none	rs_expected=read_write	rs_expected	none	rn=xn_or_sp;rn31=sp;rs_expected=xt_or_xzr;rs_expected31=constant_zero_then_discarded_write_to_xzr;rt_desired=xt_or_xzr;rt_desired31=constant_zero_from_xzr	none	xN|xzr|address64|sp	none	none	sp|xzr	normal:atomic-capable:read-with-conditional-write	read=8;write_if_equal=8;write_otherwise=0	required=8;natural=8;sp_check=formula:sp_alignment_check_if_rn_is_sp	base	none	formula:memory_tagchecked_if_rn_not_sp	none	atomic-compare-exchange:8-byte-range	none	success=release;failure=relaxed	single-copy-atomic	fallthrough	preserved:delta=0	Armv8-A	FEAT_LSE	EL0..EL3	any	any	none	atomic	none	deterministic	architectural_fault:data_abort|architectural_fault:alignment_if_not_naturally_aligned|architectural_fault:sp_alignment_if_rn_is_sp_and_enabled|architectural_fault:tag_check_if_tagchecked	none	removed_if_authority_deprecates
a64:semantic:instruction_form:caslb-c32-comswap:b3f3ba128d721923	a64:instruction_form:caslb-c32-comswap:b3f3ba128d721923	a64:encoding:caslb-c32-comswap:b3f3ba128d721923	rs_expected:gpr32|rt_desired:gpr32|rn:address	rs_expected|rt_desired|rn	rs_expected	translation_regime|memory_attributes	none	rs_expected=read_write	rs_expected	none	rn=xn_or_sp;rn31=sp;rs_expected=wt_or_wzr;rs_expected31=constant_zero_then_discarded_write_to_wzr;rt_desired=wt_or_wzr;rt_desired31=constant_zero_from_wzr	none	wN|wzr|address64|sp	none	none	sp|wzr	normal:atomic-capable:read-with-conditional-write	read=1;write_if_equal=1;write_otherwise=0	required=1;natural=1;sp_check=formula:sp_alignment_check_if_rn_is_sp	base	none	formula:memory_tagchecked_if_rn_not_sp	none	atomic-compare-exchange:1-byte-range	none	success=release;failure=relaxed	single-copy-atomic	fallthrough	preserved:delta=0	Armv8-A	FEAT_LSE	EL0..EL3	any	any	none	atomic	none	deterministic	architectural_fault:data_abort|architectural_fault:alignment_if_not_naturally_aligned|architectural_fault:sp_alignment_if_rn_is_sp_and_enabled|architectural_fault:tag_check_if_tagchecked	none	removed_if_authority_deprecates
a64:semantic:instruction_form:caslh-c32-comswap:2ee91258c6a56e5c	a64:instruction_form:caslh-c32-comswap:2ee91258c6a56e5c	a64:encoding:caslh-c32-comswap:2ee91258c6a56e5c	rs_expected:gpr32|rt_desired:gpr32|rn:address	rs_expected|rt_desired|rn	rs_expected	translation_regime|memory_attributes	none	rs_expected=read_write	rs_expected	none	rn=xn_or_sp;rn31=sp;rs_expected=wt_or_wzr;rs_expected31=constant_zero_then_discarded_write_to_wzr;rt_desired=wt_or_wzr;rt_desired31=constant_zero_from_wzr	none	wN|wzr|address64|sp	none	none	sp|wzr	normal:atomic-capable:read-with-conditional-write	read=2;write_if_equal=2;write_otherwise=0	required=2;natural=2;sp_check=formula:sp_alignment_check_if_rn_is_sp	base	none	formula:memory_tagchecked_if_rn_not_sp	none	atomic-compare-exchange:2-byte-range	none	success=release;failure=relaxed	single-copy-atomic	fallthrough	preserved:delta=0	Armv8-A	FEAT_LSE	EL0..EL3	any	any	none	atomic	none	deterministic	architectural_fault:data_abort|architectural_fault:alignment_if_not_naturally_aligned|architectural_fault:sp_alignment_if_rn_is_sp_and_enabled|architectural_fault:tag_check_if_tagchecked	none	removed_if_authority_deprecates
a64:semantic:instruction_form:cbnz-32-compbranch:37e065a7a7bf0551	a64:instruction_form:cbnz-32-compbranch:37e065a7a7bf0551	a64:encoding:cbnz-32-compbranch:37e065a7a7bf0551	rt:gpr32_or_wzr|target:compare_branch19	rt	none	none	pc	none	none	none	rt31=constant_zero_from_wzr	none	wN|wzr	none	none	target:compare_branch19|wzr	none	0	1	none	none	none	none	none	none	none	immediate	conditional_branch	preserved:delta=0	Armv8-A	base	EL0..EL3	any	any	none	none	none	deterministic	architectural_fault:invalid_instruction_address_if_taken	none	removed_if_authority_deprecates
a64:semantic:instruction_form:cbnz-64-compbranch:13adb93cacfe9721	a64:instruction_form:cbnz-64-compbranch:13adb93cacfe9721	a64:encoding:cbnz-64-compbranch:13adb93cacfe9721	rt:gpr64_or_xzr|target:compare_branch19	rt	none	none	pc	none	none	none	rt31=constant_zero_from_xzr	none	xN|xzr	none	none	target:compare_branch19|xzr	none	0	1	none	none	none	none	none	none	none	immediate	conditional_branch	preserved:delta=0	Armv8-A	base	EL0..EL3	any	any	none	none	none	deterministic	architectural_fault:invalid_instruction_address_if_taken	none	removed_if_authority_deprecates
a64:semantic:instruction_form:cbz-32-compbranch:53d5659548ca8edd	a64:instruction_form:cbz-32-compbranch:53d5659548ca8edd	a64:encoding:cbz-32-compbranch:53d5659548ca8edd	rt:gpr32_or_wzr|target:compare_branch19	rt	none	none	pc	none	none	none	rt31=constant_zero_from_wzr	none	wN|wzr	none	none	target:compare_branch19|wzr	none	0	1	none	none	none	none	none	none	none	immediate	conditional_branch	preserved:delta=0	Armv8-A	base	EL0..EL3	any	any	none	none	none	deterministic	architectural_fault:invalid_instruction_address_if_taken	none	removed_if_authority_deprecates
a64:semantic:instruction_form:cbz-64-compbranch:c116d03963d59c2d	a64:instruction_form:cbz-64-compbranch:c116d03963d59c2d	a64:encoding:cbz-64-compbranch:c116d03963d59c2d	rt:gpr64_or_xzr|target:compare_branch19	rt	none	none	pc	none	none	none	rt31=constant_zero_from_xzr	none	xN|xzr	none	none	target:compare_branch19|xzr	none	0	1	none	none	none	none	none	none	none	immediate	conditional_branch	preserved:delta=0	Armv8-A	base	EL0..EL3	any	any	none	none	none	deterministic	architectural_fault:invalid_instruction_address_if_taken	none	removed_if_authority_deprecates
a64:semantic:instruction_form:clrex-bn-barriers:a23603e1a93dc2db	a64:instruction_form:clrex-bn-barriers:a23603e1a93dc2db	a64:encoding:clrex-bn-barriers:a23603e1a93dc2db	none	none	none	none	exclusive_monitors	none	none	none	none	none	none	none	none	none	none	0	1	none	none	none	none	none	none	none	exclusive_state_clear	fallthrough	preserved:delta=0	Armv8-A	base	EL0..EL3	any	any	none	atomic	none	deterministic	none	none	removed_if_authority_deprecates
a64:semantic:instruction_form:clz-32-dp-1src:65ed1bfc367dab6f	a64:instruction_form:clz-32-dp-1src:65ed1bfc367dab6f	a64:encoding:clz-32-dp-1src:65ed1bfc367dab6f	rd:gpr32|rn:gpr32	rn	rd	none	none	none	none	none	none	none	wN	none	none	none	none	0	1	none	none	none	none	none	none	none	immediate	fallthrough	preserved:delta=0	Armv8-A	base	EL0..EL3	any	any	none	none	none	deterministic	none	none	removed_if_authority_deprecates
a64:semantic:instruction_form:clz-64-dp-1src:51a05266584adeb0	a64:instruction_form:clz-64-dp-1src:51a05266584adeb0	a64:encoding:clz-64-dp-1src:51a05266584adeb0	rd:gpr64|rn:gpr64	rn	rd	none	none	none	none	none	none	none	xN	none	none	none	none	0	1	none	none	none	none	none	none	none	immediate	fallthrough	preserved:delta=0	Armv8-A	base	EL0..EL3	any	any	none	none	none	deterministic	none	none	removed_if_authority_deprecates
a64:semantic:instruction_form:csel-64-condsel:b6e6eb2901948d15	a64:instruction_form:csel-64-condsel:b6e6eb2901948d15	a64:encoding:csel-64-condsel:b6e6eb2901948d15	rd:gpr64|rn:gpr64|rm:gpr64|condition:nzcv	rn|rm	rd	NZCV	none	none	none	none	none	none	xN	none	none	none	none	0	1	none	none	none	none	none	none	none	immediate	fallthrough	preserved:delta=0	Armv8-A	base	EL0..EL3	any	any	none	none	none	deterministic	none	none	removed_if_authority_deprecates
a64:semantic:instruction_form:csinc-32-condsel:380b2b705a0392f1	a64:instruction_form:csinc-32-condsel:380b2b705a0392f1	a64:encoding:csinc-32-condsel:380b2b705a0392f1	rd:gpr32|rn:gpr32|rm:gpr32|condition:nzcv	rn|rm	rd	NZCV	none	none	none	none	none	none	wN	none	none	none	none	0	1	none	none	none	none	none	none	none	immediate	fallthrough	preserved:delta=0	Armv8-A	base	EL0..EL3	any	any	none	none	none	deterministic	none	none	removed_if_authority_deprecates
a64:semantic:instruction_form:csinc-64-condsel:321b41e4da903284	a64:instruction_form:csinc-64-condsel:321b41e4da903284	a64:encoding:csinc-64-condsel:321b41e4da903284	rd:gpr64|rn:gpr64|rm:gpr64|condition:nzcv	rn|rm	rd	NZCV	none	none	none	none	none	none	xN	none	none	none	none	0	1	none	none	none	none	none	none	none	immediate	fallthrough	preserved:delta=0	Armv8-A	base	EL0..EL3	any	any	none	none	none	deterministic	none	none	removed_if_authority_deprecates
a64:semantic:instruction_form:dmb-bo-barriers:2877e9b833f4b353	a64:instruction_form:dmb-bo-barriers:2877e9b833f4b353	a64:encoding:dmb-bo-barriers:2877e9b833f4b353	domain:barrier_option	none	none	memory_order_state	memory_order_state	none	none	none	crm=authenticated_barrier_domain	none	none	none	none	barrier_domain	none	0	1	none	none	none	none	none	none	ordering_barrier:operand_domain	immediate	fallthrough	preserved:delta=0	Armv8-A	base	EL0..EL3	any	any	none	barrier	none	deterministic	none	none	removed_if_authority_deprecates
a64:semantic:instruction_form:dsb-bo-barriers:b265a39edcb37974	a64:instruction_form:dsb-bo-barriers:b265a39edcb37974	a64:encoding:dsb-bo-barriers:b265a39edcb37974	domain:barrier_option	none	none	memory_order_state	memory_order_state	none	none	none	crm=authenticated_barrier_domain	none	none	none	none	barrier_domain	none	0	1	none	none	none	none	none	none	completion_barrier:operand_domain	immediate	fallthrough	preserved:delta=0	Armv8-A	base	EL0..EL3	any	any	none	barrier	none	deterministic	none	none	removed_if_authority_deprecates
a64:semantic:instruction_form:eor-32-log-imm:e7f0ee23760c5645	a64:instruction_form:eor-32-log-imm:e7f0ee23760c5645	a64:encoding:eor-32-log-imm:e7f0ee23760c5645	rd:gpr32|rn:gpr32|imm:encoded_immediate	rn	rd	none	none	none	none	none	none	none	wN	none	none	none	none	0	1	none	none	none	none	none	none	none	immediate	fallthrough	preserved:delta=0	Armv8-A	base	EL0..EL3	any	any	none	none	none	deterministic	none	none	removed_if_authority_deprecates
a64:semantic:instruction_form:eor-32-log-shift:ced2c5ed1eea19e8	a64:instruction_form:eor-32-log-shift:ced2c5ed1eea19e8	a64:encoding:eor-32-log-shift:ced2c5ed1eea19e8	rd:gpr32|rn:gpr32|rm:gpr32|shift:u2|amount:u6	rn|rm	rd	none	none	none	none	none	none	none	wN	none	none	none	none	0	1	none	none	none	none	none	none	none	immediate	fallthrough	preserved:delta=0	Armv8-A	base	EL0..EL3	any	any	none	none	none	deterministic	none	none	removed_if_authority_deprecates
a64:semantic:instruction_form:eor-64-log-imm:f54ac0debc480673	a64:instruction_form:eor-64-log-imm:f54ac0debc480673	a64:encoding:eor-64-log-imm:f54ac0debc480673	rd:gpr64|rn:gpr64|imm:encoded_immediate	rn	rd	none	none	none	none	none	none	none	xN	none	none	none	none	0	1	none	none	none	none	none	none	none	immediate	fallthrough	preserved:delta=0	Armv8-A	base	EL0..EL3	any	any	none	none	none	deterministic	none	none	removed_if_authority_deprecates
a64:semantic:instruction_form:eor-64-log-shift:eebd57442e602d6c	a64:instruction_form:eor-64-log-shift:eebd57442e602d6c	a64:encoding:eor-64-log-shift:eebd57442e602d6c	rd:gpr64|rn:gpr64|rm:gpr64|shift:u2|amount:u6	rn|rm	rd	none	none	none	none	none	none	none	xN	none	none	none	none	0	1	none	none	none	none	none	none	none	immediate	fallthrough	preserved:delta=0	Armv8-A	base	EL0..EL3	any	any	none	none	none	deterministic	none	none	removed_if_authority_deprecates
a64:semantic:instruction_form:eor-asimdsame-only:3d040236de215bc8	a64:instruction_form:eor-asimdsame-only:3d040236de215bc8	a64:encoding:eor-asimdsame-only:3d040236de215bc8	vd:simd|vn:simd|vm:simd	vn|vm	vd	fp_access_control|streaming_state	none	none	none	none	none	none	vN	formula:simd_arrangement_from_q_size	none	none	none	0	1	none	none	none	none	none	none	none	immediate	fallthrough	preserved:delta=0	Armv8-A	FEAT_AdvSIMD	EL0..EL3	any	formula:simd_streaming_gate	none	none	fp_simd_access_enabled	deterministic	architectural_fault:fp_simd_access_trap	none	removed_if_authority_deprecates
a64:semantic:instruction_form:eret-64e-branch-reg:43e53b44e570f013	a64:instruction_form:eret-64e-branch-reg:43e53b44e570f013	a64:encoding:eret-64e-branch-reg:43e53b44e570f013	none	none	none	ELR_ELx|SPSR_ELx|PSTATE|exception_state	pc|PSTATE|exception_state	none	none	none	ELR_ELx_and_SPSR_ELx_selected_by_current_EL	none	none	none	none	ELR_ELx|SPSR_ELx|PSTATE|exception_state	none	0	1	none	none	none	none	none	none	context_synchronizing	immediate	exception_return_terminal	preserved:delta=0	Armv8-A	base	EL1..EL3	formula:current_exception_state	any	formula:legal_exception_return_state	exception_return	privileged_exception_return	deterministic	architectural_fault:illegal_exception_return	formula:exception_return_target_state	removed_if_authority_deprecates
a64:semantic:instruction_form:fabs-asimdmisc-r:93625345ca3b23b2	a64:instruction_form:fabs-asimdmisc-r:93625345ca3b23b2	a64:encoding:fabs-asimdmisc-r:93625345ca3b23b2	vd:simd|vn:simd	vn	vd	fp_access_control|streaming_state	none	none	none	none	none	none	vN	formula:simd_float_arrangement_from_q_size	none	none	none	0	1	none	none	none	none	none	none	none	immediate	fallthrough	preserved:delta=0	Armv8-A	FEAT_AdvSIMD	EL0..EL3	any	formula:simd_streaming_gate	none	none	fp_simd_access_enabled	deterministic	architectural_fault:fp_simd_access_trap	none	removed_if_authority_deprecates
a64:semantic:instruction_form:fadd-asimdsame-only:570217e4d8e73506	a64:instruction_form:fadd-asimdsame-only:570217e4d8e73506	a64:encoding:fadd-asimdsame-only:570217e4d8e73506	vd:simd|vn:simd|vm:simd	vn|vm	vd	FPCR|fp_access_control|streaming_state	FPSR	none	none	none	none	none	vN	formula:simd_float_arrangement_from_q_size	none	none	none	0	1	none	none	none	none	none	none	none	immediate	fallthrough	preserved:delta=0	Armv8-A	FEAT_AdvSIMD	EL0..EL3	any	formula:simd_streaming_gate	none	fp_state	fp_simd_access_enabled	deterministic	architectural_fault:fp_simd_access_trap|architectural_fault:floating_point_exception	none	removed_if_authority_deprecates
a64:semantic:instruction_form:fadd-d-floatdp2:d8dc78bc7d1cba9c	a64:instruction_form:fadd-d-floatdp2:d8dc78bc7d1cba9c	a64:encoding:fadd-d-floatdp2:d8dc78bc7d1cba9c	fd:fp64|fn:fp64|fm:fp64	fn|fm	fd	FPCR|fp_access_control	FPSR	none	none	none	none	none	dN	scalar64	none	none	none	0	1	none	none	none	none	none	none	none	immediate	fallthrough	preserved:delta=0	Armv8-A	FEAT_FP	EL0..EL3	any	any	none	fp_state	fp_simd_access_enabled	deterministic	architectural_fault:fp_simd_access_trap|architectural_fault:floating_point_exception	none	removed_if_authority_deprecates
a64:semantic:instruction_form:fadd-s-floatdp2:b7113e35fe578fa0	a64:instruction_form:fadd-s-floatdp2:b7113e35fe578fa0	a64:encoding:fadd-s-floatdp2:b7113e35fe578fa0	fd:fp32|fn:fp32|fm:fp32	fn|fm	fd	FPCR|fp_access_control	FPSR	none	none	none	none	none	sN	scalar32	none	none	none	0	1	none	none	none	none	none	none	none	immediate	fallthrough	preserved:delta=0	Armv8-A	FEAT_FP	EL0..EL3	any	any	none	fp_state	fp_simd_access_enabled	deterministic	architectural_fault:fp_simd_access_trap|architectural_fault:floating_point_exception	none	removed_if_authority_deprecates
a64:semantic:instruction_form:fcmp-d-floatcmp:4df50aad86fcf181	a64:instruction_form:fcmp-d-floatcmp:4df50aad86fcf181	a64:encoding:fcmp-d-floatcmp:4df50aad86fcf181	fn:fp64|fm:fp64	fn|fm	none	FPCR|fp_access_control	NZCV|FPSR	none	none	none	none	none	dN	scalar64	none	none	none	0	1	none	none	none	none	none	none	none	immediate	fallthrough	preserved:delta=0	Armv8-A	FEAT_FP	EL0..EL3	any	any	none	fp_state	fp_simd_access_enabled	deterministic	architectural_fault:fp_simd_access_trap|architectural_fault:floating_point_exception	none	removed_if_authority_deprecates
a64:semantic:instruction_form:fcmp-s-floatcmp:e8a2f635ff1f983f	a64:instruction_form:fcmp-s-floatcmp:e8a2f635ff1f983f	a64:encoding:fcmp-s-floatcmp:e8a2f635ff1f983f	fn:fp32|fm:fp32	fn|fm	none	FPCR|fp_access_control	NZCV|FPSR	none	none	none	none	none	sN	scalar32	none	none	none	0	1	none	none	none	none	none	none	none	immediate	fallthrough	preserved:delta=0	Armv8-A	FEAT_FP	EL0..EL3	any	any	none	fp_state	fp_simd_access_enabled	deterministic	architectural_fault:fp_simd_access_trap|architectural_fault:floating_point_exception	none	removed_if_authority_deprecates
a64:semantic:instruction_form:fcsel-d-floatsel:319f021079c8b58b	a64:instruction_form:fcsel-d-floatsel:319f021079c8b58b	a64:encoding:fcsel-d-floatsel:319f021079c8b58b	fd:fp64|fn:fp64|fm:fp64|condition:nzcv	fn|fm	fd	NZCV|fp_access_control	none	none	none	none	none	none	dN	scalar64	none	none	none	0	1	none	none	none	none	none	none	none	immediate	fallthrough	preserved:delta=0	Armv8-A	FEAT_FP	EL0..EL3	any	any	none	none	fp_simd_access_enabled	deterministic	architectural_fault:fp_simd_access_trap	none	removed_if_authority_deprecates
a64:semantic:instruction_form:fcsel-s-floatsel:765691b3ff9df783	a64:instruction_form:fcsel-s-floatsel:765691b3ff9df783	a64:encoding:fcsel-s-floatsel:765691b3ff9df783	fd:fp32|fn:fp32|fm:fp32|condition:nzcv	fn|fm	fd	NZCV|fp_access_control	none	none	none	none	none	none	sN	scalar32	none	none	none	0	1	none	none	none	none	none	none	none	immediate	fallthrough	preserved:delta=0	Armv8-A	FEAT_FP	EL0..EL3	any	any	none	none	fp_simd_access_enabled	deterministic	architectural_fault:fp_simd_access_trap	none	removed_if_authority_deprecates
a64:semantic:instruction_form:fcvt-ds-floatdp1:8f92ef2e325c2f1f	a64:instruction_form:fcvt-ds-floatdp1:8f92ef2e325c2f1f	a64:encoding:fcvt-ds-floatdp1:8f92ef2e325c2f1f	fd:fp64|fn:fp32	fn	fd	FPCR|fp_access_control	FPSR	none	none	none	none	none	sN|dN	scalar64|scalar32	none	none	none	0	1	none	none	none	none	none	none	none	immediate	fallthrough	preserved:delta=0	Armv8-A	FEAT_FP	EL0..EL3	any	any	none	fp_state	fp_simd_access_enabled	deterministic	architectural_fault:fp_simd_access_trap|architectural_fault:floating_point_exception	none	removed_if_authority_deprecates
a64:semantic:instruction_form:fcvt-sd-floatdp1:63f3288d23c5550f	a64:instruction_form:fcvt-sd-floatdp1:63f3288d23c5550f	a64:encoding:fcvt-sd-floatdp1:63f3288d23c5550f	fd:fp32|fn:fp64	fn	fd	FPCR|fp_access_control	FPSR	none	none	none	none	none	sN|dN	scalar32|scalar64	none	none	none	0	1	none	none	none	none	none	none	none	immediate	fallthrough	preserved:delta=0	Armv8-A	FEAT_FP	EL0..EL3	any	any	none	fp_state	fp_simd_access_enabled	deterministic	architectural_fault:fp_simd_access_trap|architectural_fault:floating_point_exception	none	removed_if_authority_deprecates
a64:semantic:instruction_form:fcvtzs-32d-float2int:8d84616c03d287ad	a64:instruction_form:fcvtzs-32d-float2int:8d84616c03d287ad	a64:encoding:fcvtzs-32d-float2int:8d84616c03d287ad	rd:gpr32|fn:fp64	fn	rd	FPCR|fp_access_control	FPSR	none	none	none	none	none	wN|dN	scalar64	none	none	none	0	1	none	none	none	none	none	none	none	immediate	fallthrough	preserved:delta=0	Armv8-A	FEAT_FP	EL0..EL3	any	any	none	fp_state	fp_simd_access_enabled	deterministic	architectural_fault:fp_simd_access_trap|architectural_fault:floating_point_exception	none	removed_if_authority_deprecates
a64:semantic:instruction_form:fcvtzs-32s-float2int:34bb87b8e034e3bf	a64:instruction_form:fcvtzs-32s-float2int:34bb87b8e034e3bf	a64:encoding:fcvtzs-32s-float2int:34bb87b8e034e3bf	rd:gpr32|fn:fp32	fn	rd	FPCR|fp_access_control	FPSR	none	none	none	none	none	wN|sN	scalar32	none	none	none	0	1	none	none	none	none	none	none	none	immediate	fallthrough	preserved:delta=0	Armv8-A	FEAT_FP	EL0..EL3	any	any	none	fp_state	fp_simd_access_enabled	deterministic	architectural_fault:fp_simd_access_trap|architectural_fault:floating_point_exception	none	removed_if_authority_deprecates
a64:semantic:instruction_form:fcvtzs-64d-float2int:fd4015be469beeac	a64:instruction_form:fcvtzs-64d-float2int:fd4015be469beeac	a64:encoding:fcvtzs-64d-float2int:fd4015be469beeac	rd:gpr64|fn:fp64	fn	rd	FPCR|fp_access_control	FPSR	none	none	none	none	none	xN|dN	scalar64	none	none	none	0	1	none	none	none	none	none	none	none	immediate	fallthrough	preserved:delta=0	Armv8-A	FEAT_FP	EL0..EL3	any	any	none	fp_state	fp_simd_access_enabled	deterministic	architectural_fault:fp_simd_access_trap|architectural_fault:floating_point_exception	none	removed_if_authority_deprecates
a64:semantic:instruction_form:fcvtzs-64s-float2int:f7640563a765ee2d	a64:instruction_form:fcvtzs-64s-float2int:f7640563a765ee2d	a64:encoding:fcvtzs-64s-float2int:f7640563a765ee2d	rd:gpr64|fn:fp32	fn	rd	FPCR|fp_access_control	FPSR	none	none	none	none	none	xN|sN	scalar32	none	none	none	0	1	none	none	none	none	none	none	none	immediate	fallthrough	preserved:delta=0	Armv8-A	FEAT_FP	EL0..EL3	any	any	none	fp_state	fp_simd_access_enabled	deterministic	architectural_fault:fp_simd_access_trap|architectural_fault:floating_point_exception	none	removed_if_authority_deprecates
a64:semantic:instruction_form:fcvtzu-32d-float2int:a2c030dc526cdf41	a64:instruction_form:fcvtzu-32d-float2int:a2c030dc526cdf41	a64:encoding:fcvtzu-32d-float2int:a2c030dc526cdf41	rd:gpr32|fn:fp64	fn	rd	FPCR|fp_access_control	FPSR	none	none	none	none	none	wN|dN	scalar64	none	none	none	0	1	none	none	none	none	none	none	none	immediate	fallthrough	preserved:delta=0	Armv8-A	FEAT_FP	EL0..EL3	any	any	none	fp_state	fp_simd_access_enabled	deterministic	architectural_fault:fp_simd_access_trap|architectural_fault:floating_point_exception	none	removed_if_authority_deprecates
a64:semantic:instruction_form:fcvtzu-32s-float2int:94031b90ad73e8f1	a64:instruction_form:fcvtzu-32s-float2int:94031b90ad73e8f1	a64:encoding:fcvtzu-32s-float2int:94031b90ad73e8f1	rd:gpr32|fn:fp32	fn	rd	FPCR|fp_access_control	FPSR	none	none	none	none	none	wN|sN	scalar32	none	none	none	0	1	none	none	none	none	none	none	none	immediate	fallthrough	preserved:delta=0	Armv8-A	FEAT_FP	EL0..EL3	any	any	none	fp_state	fp_simd_access_enabled	deterministic	architectural_fault:fp_simd_access_trap|architectural_fault:floating_point_exception	none	removed_if_authority_deprecates
a64:semantic:instruction_form:fcvtzu-64d-float2int:cb11696208e5a780	a64:instruction_form:fcvtzu-64d-float2int:cb11696208e5a780	a64:encoding:fcvtzu-64d-float2int:cb11696208e5a780	rd:gpr64|fn:fp64	fn	rd	FPCR|fp_access_control	FPSR	none	none	none	none	none	xN|dN	scalar64	none	none	none	0	1	none	none	none	none	none	none	none	immediate	fallthrough	preserved:delta=0	Armv8-A	FEAT_FP	EL0..EL3	any	any	none	fp_state	fp_simd_access_enabled	deterministic	architectural_fault:fp_simd_access_trap|architectural_fault:floating_point_exception	none	removed_if_authority_deprecates
a64:semantic:instruction_form:fcvtzu-64s-float2int:a8f8eab799a0e91a	a64:instruction_form:fcvtzu-64s-float2int:a8f8eab799a0e91a	a64:encoding:fcvtzu-64s-float2int:a8f8eab799a0e91a	rd:gpr64|fn:fp32	fn	rd	FPCR|fp_access_control	FPSR	none	none	none	none	none	xN|sN	scalar32	none	none	none	0	1	none	none	none	none	none	none	none	immediate	fallthrough	preserved:delta=0	Armv8-A	FEAT_FP	EL0..EL3	any	any	none	fp_state	fp_simd_access_enabled	deterministic	architectural_fault:fp_simd_access_trap|architectural_fault:floating_point_exception	none	removed_if_authority_deprecates
a64:semantic:instruction_form:fdiv-asimdsame-only:85ecf453a063c425	a64:instruction_form:fdiv-asimdsame-only:85ecf453a063c425	a64:encoding:fdiv-asimdsame-only:85ecf453a063c425	vd:simd|vn:simd|vm:simd	vn|vm	vd	FPCR|fp_access_control|streaming_state	FPSR	none	none	none	none	none	vN	formula:simd_float_arrangement_from_q_size	none	none	none	0	1	none	none	none	none	none	none	none	immediate	fallthrough	preserved:delta=0	Armv8-A	FEAT_AdvSIMD	EL0..EL3	any	formula:simd_streaming_gate	none	fp_state	fp_simd_access_enabled	deterministic	architectural_fault:fp_simd_access_trap|architectural_fault:floating_point_exception	none	removed_if_authority_deprecates
a64:semantic:instruction_form:fdiv-d-floatdp2:6ea5a1344011a39c	a64:instruction_form:fdiv-d-floatdp2:6ea5a1344011a39c	a64:encoding:fdiv-d-floatdp2:6ea5a1344011a39c	fd:fp64|fn:fp64|fm:fp64	fn|fm	fd	FPCR|fp_access_control	FPSR	none	none	none	none	none	dN	scalar64	none	none	none	0	1	none	none	none	none	none	none	none	immediate	fallthrough	preserved:delta=0	Armv8-A	FEAT_FP	EL0..EL3	any	any	none	fp_state	fp_simd_access_enabled	deterministic	architectural_fault:fp_simd_access_trap|architectural_fault:floating_point_exception	none	removed_if_authority_deprecates
a64:semantic:instruction_form:fdiv-s-floatdp2:878c61003f2bec8e	a64:instruction_form:fdiv-s-floatdp2:878c61003f2bec8e	a64:encoding:fdiv-s-floatdp2:878c61003f2bec8e	fd:fp32|fn:fp32|fm:fp32	fn|fm	fd	FPCR|fp_access_control	FPSR	none	none	none	none	none	sN	scalar32	none	none	none	0	1	none	none	none	none	none	none	none	immediate	fallthrough	preserved:delta=0	Armv8-A	FEAT_FP	EL0..EL3	any	any	none	fp_state	fp_simd_access_enabled	deterministic	architectural_fault:fp_simd_access_trap|architectural_fault:floating_point_exception	none	removed_if_authority_deprecates
a64:semantic:instruction_form:fmadd-d-floatdp3:e47382cb80efc8b6	a64:instruction_form:fmadd-d-floatdp3:e47382cb80efc8b6	a64:encoding:fmadd-d-floatdp3:e47382cb80efc8b6	fd:fp64|fn:fp64|fm:fp64|fa:fp64	fn|fm|fa	fd	FPCR|fp_access_control	FPSR	none	none	none	none	none	dN	scalar64	none	none	none	0	1	none	none	none	none	none	none	none	immediate	fallthrough	preserved:delta=0	Armv8-A	FEAT_FP	EL0..EL3	any	any	none	fp_state	fp_simd_access_enabled	deterministic	architectural_fault:fp_simd_access_trap|architectural_fault:floating_point_exception	none	removed_if_authority_deprecates
a64:semantic:instruction_form:fmadd-s-floatdp3:d156b3bad7b35ef8	a64:instruction_form:fmadd-s-floatdp3:d156b3bad7b35ef8	a64:encoding:fmadd-s-floatdp3:d156b3bad7b35ef8	fd:fp32|fn:fp32|fm:fp32|fa:fp32	fn|fm|fa	fd	FPCR|fp_access_control	FPSR	none	none	none	none	none	sN	scalar32	none	none	none	0	1	none	none	none	none	none	none	none	immediate	fallthrough	preserved:delta=0	Armv8-A	FEAT_FP	EL0..EL3	any	any	none	fp_state	fp_simd_access_enabled	deterministic	architectural_fault:fp_simd_access_trap|architectural_fault:floating_point_exception	none	removed_if_authority_deprecates
a64:semantic:instruction_form:fmov-32s-float2int:47f040d2d0e44d1c	a64:instruction_form:fmov-32s-float2int:47f040d2d0e44d1c	a64:encoding:fmov-32s-float2int:47f040d2d0e44d1c	rd:gpr32|fn:fp32	fn	rd	fp_access_control	none	none	none	none	none	none	wN|sN	scalar32	none	none	none	0	1	none	none	none	none	none	none	none	immediate	fallthrough	preserved:delta=0	Armv8-A	FEAT_FP	EL0..EL3	any	any	none	none	fp_simd_access_enabled	deterministic	architectural_fault:fp_simd_access_trap	none	removed_if_authority_deprecates
a64:semantic:instruction_form:fmov-64d-float2int:833d0b1e0a16cb02	a64:instruction_form:fmov-64d-float2int:833d0b1e0a16cb02	a64:encoding:fmov-64d-float2int:833d0b1e0a16cb02	rd:gpr64|fn:fp64	fn	rd	fp_access_control	none	none	none	none	none	none	xN|dN	scalar64	none	none	none	0	1	none	none	none	none	none	none	none	immediate	fallthrough	preserved:delta=0	Armv8-A	FEAT_FP	EL0..EL3	any	any	none	none	fp_simd_access_enabled	deterministic	architectural_fault:fp_simd_access_trap	none	removed_if_authority_deprecates
a64:semantic:instruction_form:fmsub-d-floatdp3:2a6017ffd914bc17	a64:instruction_form:fmsub-d-floatdp3:2a6017ffd914bc17	a64:encoding:fmsub-d-floatdp3:2a6017ffd914bc17	fd:fp64|fn:fp64|fm:fp64|fa:fp64	fn|fm|fa	fd	FPCR|fp_access_control	FPSR	none	none	none	none	none	dN	scalar64	none	none	none	0	1	none	none	none	none	none	none	none	immediate	fallthrough	preserved:delta=0	Armv8-A	FEAT_FP	EL0..EL3	any	any	none	fp_state	fp_simd_access_enabled	deterministic	architectural_fault:fp_simd_access_trap|architectural_fault:floating_point_exception	none	removed_if_authority_deprecates
a64:semantic:instruction_form:fmsub-s-floatdp3:46988ab2ef6a71df	a64:instruction_form:fmsub-s-floatdp3:46988ab2ef6a71df	a64:encoding:fmsub-s-floatdp3:46988ab2ef6a71df	fd:fp32|fn:fp32|fm:fp32|fa:fp32	fn|fm|fa	fd	FPCR|fp_access_control	FPSR	none	none	none	none	none	sN	scalar32	none	none	none	0	1	none	none	none	none	none	none	none	immediate	fallthrough	preserved:delta=0	Armv8-A	FEAT_FP	EL0..EL3	any	any	none	fp_state	fp_simd_access_enabled	deterministic	architectural_fault:fp_simd_access_trap|architectural_fault:floating_point_exception	none	removed_if_authority_deprecates
a64:semantic:instruction_form:fmul-asimdsame-only:209fa372c22966da	a64:instruction_form:fmul-asimdsame-only:209fa372c22966da	a64:encoding:fmul-asimdsame-only:209fa372c22966da	vd:simd|vn:simd|vm:simd	vn|vm	vd	FPCR|fp_access_control|streaming_state	FPSR	none	none	none	none	none	vN	formula:simd_float_arrangement_from_q_size	none	none	none	0	1	none	none	none	none	none	none	none	immediate	fallthrough	preserved:delta=0	Armv8-A	FEAT_AdvSIMD	EL0..EL3	any	formula:simd_streaming_gate	none	fp_state	fp_simd_access_enabled	deterministic	architectural_fault:fp_simd_access_trap|architectural_fault:floating_point_exception	none	removed_if_authority_deprecates
a64:semantic:instruction_form:fmul-d-floatdp2:81ac5ca0aaed4f2e	a64:instruction_form:fmul-d-floatdp2:81ac5ca0aaed4f2e	a64:encoding:fmul-d-floatdp2:81ac5ca0aaed4f2e	fd:fp64|fn:fp64|fm:fp64	fn|fm	fd	FPCR|fp_access_control	FPSR	none	none	none	none	none	dN	scalar64	none	none	none	0	1	none	none	none	none	none	none	none	immediate	fallthrough	preserved:delta=0	Armv8-A	FEAT_FP	EL0..EL3	any	any	none	fp_state	fp_simd_access_enabled	deterministic	architectural_fault:fp_simd_access_trap|architectural_fault:floating_point_exception	none	removed_if_authority_deprecates
a64:semantic:instruction_form:fmul-s-floatdp2:ea684145e7024373	a64:instruction_form:fmul-s-floatdp2:ea684145e7024373	a64:encoding:fmul-s-floatdp2:ea684145e7024373	fd:fp32|fn:fp32|fm:fp32	fn|fm	fd	FPCR|fp_access_control	FPSR	none	none	none	none	none	sN	scalar32	none	none	none	0	1	none	none	none	none	none	none	none	immediate	fallthrough	preserved:delta=0	Armv8-A	FEAT_FP	EL0..EL3	any	any	none	fp_state	fp_simd_access_enabled	deterministic	architectural_fault:fp_simd_access_trap|architectural_fault:floating_point_exception	none	removed_if_authority_deprecates
a64:semantic:instruction_form:fneg-asimdmisc-r:703812f8a083be9f	a64:instruction_form:fneg-asimdmisc-r:703812f8a083be9f	a64:encoding:fneg-asimdmisc-r:703812f8a083be9f	vd:simd|vn:simd	vn	vd	fp_access_control|streaming_state	none	none	none	none	none	none	vN	formula:simd_float_arrangement_from_q_size	none	none	none	0	1	none	none	none	none	none	none	none	immediate	fallthrough	preserved:delta=0	Armv8-A	FEAT_AdvSIMD	EL0..EL3	any	formula:simd_streaming_gate	none	none	fp_simd_access_enabled	deterministic	architectural_fault:fp_simd_access_trap	none	removed_if_authority_deprecates
a64:semantic:instruction_form:fneg-d-floatdp1:54ab6f0b78b01d2f	a64:instruction_form:fneg-d-floatdp1:54ab6f0b78b01d2f	a64:encoding:fneg-d-floatdp1:54ab6f0b78b01d2f	fd:fp64|fn:fp64	fn	fd	fp_access_control	none	none	none	none	none	none	dN	scalar64	none	none	none	0	1	none	none	none	none	none	none	none	immediate	fallthrough	preserved:delta=0	Armv8-A	FEAT_FP	EL0..EL3	any	any	none	none	fp_simd_access_enabled	deterministic	architectural_fault:fp_simd_access_trap	none	removed_if_authority_deprecates
a64:semantic:instruction_form:fneg-s-floatdp1:a2e0c9a1f445a617	a64:instruction_form:fneg-s-floatdp1:a2e0c9a1f445a617	a64:encoding:fneg-s-floatdp1:a2e0c9a1f445a617	fd:fp32|fn:fp32	fn	fd	fp_access_control	none	none	none	none	none	none	sN	scalar32	none	none	none	0	1	none	none	none	none	none	none	none	immediate	fallthrough	preserved:delta=0	Armv8-A	FEAT_FP	EL0..EL3	any	any	none	none	fp_simd_access_enabled	deterministic	architectural_fault:fp_simd_access_trap	none	removed_if_authority_deprecates
a64:semantic:instruction_form:fsqrt-asimdmisc-r:26369062d80bfabc	a64:instruction_form:fsqrt-asimdmisc-r:26369062d80bfabc	a64:encoding:fsqrt-asimdmisc-r:26369062d80bfabc	vd:simd|vn:simd	vn	vd	FPCR|fp_access_control|streaming_state	FPSR	none	none	none	none	none	vN	formula:simd_float_arrangement_from_q_size	none	none	none	0	1	none	none	none	none	none	none	none	immediate	fallthrough	preserved:delta=0	Armv8-A	FEAT_AdvSIMD	EL0..EL3	any	formula:simd_streaming_gate	none	fp_state	fp_simd_access_enabled	deterministic	architectural_fault:fp_simd_access_trap|architectural_fault:floating_point_exception	none	removed_if_authority_deprecates
a64:semantic:instruction_form:fsub-asimdsame-only:fa924ed4cc828bfb	a64:instruction_form:fsub-asimdsame-only:fa924ed4cc828bfb	a64:encoding:fsub-asimdsame-only:fa924ed4cc828bfb	vd:simd|vn:simd|vm:simd	vn|vm	vd	FPCR|fp_access_control|streaming_state	FPSR	none	none	none	none	none	vN	formula:simd_float_arrangement_from_q_size	none	none	none	0	1	none	none	none	none	none	none	none	immediate	fallthrough	preserved:delta=0	Armv8-A	FEAT_AdvSIMD	EL0..EL3	any	formula:simd_streaming_gate	none	fp_state	fp_simd_access_enabled	deterministic	architectural_fault:fp_simd_access_trap|architectural_fault:floating_point_exception	none	removed_if_authority_deprecates
a64:semantic:instruction_form:fsub-d-floatdp2:9b327a983ae77a84	a64:instruction_form:fsub-d-floatdp2:9b327a983ae77a84	a64:encoding:fsub-d-floatdp2:9b327a983ae77a84	fd:fp64|fn:fp64|fm:fp64	fn|fm	fd	FPCR|fp_access_control	FPSR	none	none	none	none	none	dN	scalar64	none	none	none	0	1	none	none	none	none	none	none	none	immediate	fallthrough	preserved:delta=0	Armv8-A	FEAT_FP	EL0..EL3	any	any	none	fp_state	fp_simd_access_enabled	deterministic	architectural_fault:fp_simd_access_trap|architectural_fault:floating_point_exception	none	removed_if_authority_deprecates
a64:semantic:instruction_form:fsub-s-floatdp2:5551f1220b46e71e	a64:instruction_form:fsub-s-floatdp2:5551f1220b46e71e	a64:encoding:fsub-s-floatdp2:5551f1220b46e71e	fd:fp32|fn:fp32|fm:fp32	fn|fm	fd	FPCR|fp_access_control	FPSR	none	none	none	none	none	sN	scalar32	none	none	none	0	1	none	none	none	none	none	none	none	immediate	fallthrough	preserved:delta=0	Armv8-A	FEAT_FP	EL0..EL3	any	any	none	fp_state	fp_simd_access_enabled	deterministic	architectural_fault:fp_simd_access_trap|architectural_fault:floating_point_exception	none	removed_if_authority_deprecates
a64:semantic:instruction_form:hlt-ex-exception:c1e067d4a0304a0c	a64:instruction_form:hlt-ex-exception:c1e067d4a0304a0c	a64:encoding:hlt-ex-exception:c1e067d4a0304a0c	imm16:u16	none	none	PSTATE|debug_configuration	pc|debug_state	none	none	none	none	none	none	none	none	halting_debug_state	none	0	1	none	none	none	none	none	none	context_synchronizing	immediate	halt_terminal	preserved:delta=0	Armv8-A	base	EL0..EL3	any	any	none	trap	authenticated_halting_debug_configuration	deterministic	architectural_fault:undefined_if_halting_debug_disallowed	none	removed_if_authority_deprecates
a64:semantic:instruction_form:hvc-ex-exception:9f10adcfe451b48d	a64:instruction_form:hvc-ex-exception:9f10adcfe451b48d	a64:encoding:hvc-ex-exception:9f10adcfe451b48d	imm16:u16	none	none	PSTATE|exception_state	pc|PSTATE|exception_state|ELR_ELx|SPSR_ELx	none	none	none	none	none	none	none	none	exception_target=max(current_el,EL2)	none	0	1	none	none	none	none	none	none	context_synchronizing	immediate	exception_terminal	preserved:delta=0	Armv8-A	base	EL1..EL3	any	any	none	trap	EL2_implemented_and_hvc_enabled	deterministic	architectural_fault:hypervisor_call_exception|architectural_fault:undefined_if_hvc_disabled	none	removed_if_authority_deprecates
a64:semantic:instruction_form:isb-bi-barriers:4a5d09041cb0d0ce	a64:instruction_form:isb-bi-barriers:4a5d09041cb0d0ce	a64:encoding:isb-bi-barriers:4a5d09041cb0d0ce	none	none	none	instruction_context	instruction_context	none	none	none	none	none	none	none	none	none	none	0	1	none	none	none	none	none	none	context_synchronizing	immediate	fallthrough	preserved:delta=0	Armv8-A	base	EL0..EL3	any	any	none	barrier	none	deterministic	none	none	removed_if_authority_deprecates
a64:semantic:instruction_form:ldadd-32-memop:212a33fb996e9f19	a64:instruction_form:ldadd-32-memop:212a33fb996e9f19	a64:encoding:ldadd-32-memop:212a33fb996e9f19	rs_value:gpr32|rt_prior:gpr32|rn:address	rs_value|rn	rt_prior	translation_regime|memory_attributes	none	none	none	none	rn=xn_or_sp;rn31=sp;rs_value=wt_or_wzr;rs_value31=constant_zero_from_wzr;rt_prior=wt_or_wzr;rt_prior31=discarded_write_to_wzr	none	wN|wzr|address64|sp	none	none	sp|wzr	normal:atomic-capable:read-modify-write	read=4;write=4	required=4;natural=4;sp_check=formula:sp_alignment_check_if_rn_is_sp	base	none	formula:memory_tagchecked_if_rn_not_sp	none	atomic-read-modify-write:4-byte-range	none	relaxed	single-copy-atomic	fallthrough	preserved:delta=0	Armv8-A	FEAT_LSE	EL0..EL3	any	any	none	atomic	none	deterministic	architectural_fault:data_abort|architectural_fault:alignment_if_not_naturally_aligned|architectural_fault:sp_alignment_if_rn_is_sp_and_enabled|architectural_fault:tag_check_if_tagchecked	none	removed_if_authority_deprecates
a64:semantic:instruction_form:ldadd-64-memop:edacab8579b9e91e	a64:instruction_form:ldadd-64-memop:edacab8579b9e91e	a64:encoding:ldadd-64-memop:edacab8579b9e91e	rs_value:gpr64|rt_prior:gpr64|rn:address	rs_value|rn	rt_prior	translation_regime|memory_attributes	none	none	none	none	rn=xn_or_sp;rn31=sp;rs_value=xt_or_xzr;rs_value31=constant_zero_from_xzr;rt_prior=xt_or_xzr;rt_prior31=discarded_write_to_xzr	none	xN|xzr|address64|sp	none	none	sp|xzr	normal:atomic-capable:read-modify-write	read=8;write=8	required=8;natural=8;sp_check=formula:sp_alignment_check_if_rn_is_sp	base	none	formula:memory_tagchecked_if_rn_not_sp	none	atomic-read-modify-write:8-byte-range	none	relaxed	single-copy-atomic	fallthrough	preserved:delta=0	Armv8-A	FEAT_LSE	EL0..EL3	any	any	none	atomic	none	deterministic	architectural_fault:data_abort|architectural_fault:alignment_if_not_naturally_aligned|architectural_fault:sp_alignment_if_rn_is_sp_and_enabled|architectural_fault:tag_check_if_tagchecked	none	removed_if_authority_deprecates
a64:semantic:instruction_form:ldadda-32-memop:4a3912677efc1486	a64:instruction_form:ldadda-32-memop:4a3912677efc1486	a64:encoding:ldadda-32-memop:4a3912677efc1486	rs_value:gpr32|rt_prior:gpr32|rn:address	rs_value|rn	rt_prior	translation_regime|memory_attributes	none	none	none	none	rn=xn_or_sp;rn31=sp;rs_value=wt_or_wzr;rs_value31=constant_zero_from_wzr;rt_prior=wt_or_wzr;rt_prior31=discarded_write_to_wzr	none	wN|wzr|address64|sp	none	none	sp|wzr	normal:atomic-capable:read-modify-write	read=4;write=4	required=4;natural=4;sp_check=formula:sp_alignment_check_if_rn_is_sp	base	none	formula:memory_tagchecked_if_rn_not_sp	none	atomic-read-modify-write:4-byte-range	none	acquire	single-copy-atomic	fallthrough	preserved:delta=0	Armv8-A	FEAT_LSE	EL0..EL3	any	any	none	atomic	none	deterministic	architectural_fault:data_abort|architectural_fault:alignment_if_not_naturally_aligned|architectural_fault:sp_alignment_if_rn_is_sp_and_enabled|architectural_fault:tag_check_if_tagchecked	none	removed_if_authority_deprecates
a64:semantic:instruction_form:ldadda-64-memop:4af9ebfbc15e912f	a64:instruction_form:ldadda-64-memop:4af9ebfbc15e912f	a64:encoding:ldadda-64-memop:4af9ebfbc15e912f	rs_value:gpr64|rt_prior:gpr64|rn:address	rs_value|rn	rt_prior	translation_regime|memory_attributes	none	none	none	none	rn=xn_or_sp;rn31=sp;rs_value=xt_or_xzr;rs_value31=constant_zero_from_xzr;rt_prior=xt_or_xzr;rt_prior31=discarded_write_to_xzr	none	xN|xzr|address64|sp	none	none	sp|xzr	normal:atomic-capable:read-modify-write	read=8;write=8	required=8;natural=8;sp_check=formula:sp_alignment_check_if_rn_is_sp	base	none	formula:memory_tagchecked_if_rn_not_sp	none	atomic-read-modify-write:8-byte-range	none	acquire	single-copy-atomic	fallthrough	preserved:delta=0	Armv8-A	FEAT_LSE	EL0..EL3	any	any	none	atomic	none	deterministic	architectural_fault:data_abort|architectural_fault:alignment_if_not_naturally_aligned|architectural_fault:sp_alignment_if_rn_is_sp_and_enabled|architectural_fault:tag_check_if_tagchecked	none	removed_if_authority_deprecates
a64:semantic:instruction_form:ldaddab-32-memop:64b6f5310292b3a8	a64:instruction_form:ldaddab-32-memop:64b6f5310292b3a8	a64:encoding:ldaddab-32-memop:64b6f5310292b3a8	rs_value:gpr32|rt_prior:gpr32|rn:address	rs_value|rn	rt_prior	translation_regime|memory_attributes	none	none	none	none	rn=xn_or_sp;rn31=sp;rs_value=wt_or_wzr;rs_value31=constant_zero_from_wzr;rt_prior=wt_or_wzr;rt_prior31=discarded_write_to_wzr	none	wN|wzr|address64|sp	none	none	sp|wzr	normal:atomic-capable:read-modify-write	read=1;write=1	required=1;natural=1;sp_check=formula:sp_alignment_check_if_rn_is_sp	base	none	formula:memory_tagchecked_if_rn_not_sp	none	atomic-read-modify-write:1-byte-range	none	acquire	single-copy-atomic	fallthrough	preserved:delta=0	Armv8-A	FEAT_LSE	EL0..EL3	any	any	none	atomic	none	deterministic	architectural_fault:data_abort|architectural_fault:alignment_if_not_naturally_aligned|architectural_fault:sp_alignment_if_rn_is_sp_and_enabled|architectural_fault:tag_check_if_tagchecked	none	removed_if_authority_deprecates
a64:semantic:instruction_form:ldaddah-32-memop:39e9108e317f3452	a64:instruction_form:ldaddah-32-memop:39e9108e317f3452	a64:encoding:ldaddah-32-memop:39e9108e317f3452	rs_value:gpr32|rt_prior:gpr32|rn:address	rs_value|rn	rt_prior	translation_regime|memory_attributes	none	none	none	none	rn=xn_or_sp;rn31=sp;rs_value=wt_or_wzr;rs_value31=constant_zero_from_wzr;rt_prior=wt_or_wzr;rt_prior31=discarded_write_to_wzr	none	wN|wzr|address64|sp	none	none	sp|wzr	normal:atomic-capable:read-modify-write	read=2;write=2	required=2;natural=2;sp_check=formula:sp_alignment_check_if_rn_is_sp	base	none	formula:memory_tagchecked_if_rn_not_sp	none	atomic-read-modify-write:2-byte-range	none	acquire	single-copy-atomic	fallthrough	preserved:delta=0	Armv8-A	FEAT_LSE	EL0..EL3	any	any	none	atomic	none	deterministic	architectural_fault:data_abort|architectural_fault:alignment_if_not_naturally_aligned|architectural_fault:sp_alignment_if_rn_is_sp_and_enabled|architectural_fault:tag_check_if_tagchecked	none	removed_if_authority_deprecates
a64:semantic:instruction_form:ldaddal-32-memop:98ee9adaeaea0636	a64:instruction_form:ldaddal-32-memop:98ee9adaeaea0636	a64:encoding:ldaddal-32-memop:98ee9adaeaea0636	rs_value:gpr32|rt_prior:gpr32|rn:address	rs_value|rn	rt_prior	translation_regime|memory_attributes	none	none	none	none	rn=xn_or_sp;rn31=sp;rs_value=wt_or_wzr;rs_value31=constant_zero_from_wzr;rt_prior=wt_or_wzr;rt_prior31=discarded_write_to_wzr	none	wN|wzr|address64|sp	none	none	sp|wzr	normal:atomic-capable:read-modify-write	read=4;write=4	required=4;natural=4;sp_check=formula:sp_alignment_check_if_rn_is_sp	base	none	formula:memory_tagchecked_if_rn_not_sp	none	atomic-read-modify-write:4-byte-range	none	acqrel	single-copy-atomic	fallthrough	preserved:delta=0	Armv8-A	FEAT_LSE	EL0..EL3	any	any	none	atomic	none	deterministic	architectural_fault:data_abort|architectural_fault:alignment_if_not_naturally_aligned|architectural_fault:sp_alignment_if_rn_is_sp_and_enabled|architectural_fault:tag_check_if_tagchecked	none	removed_if_authority_deprecates
a64:semantic:instruction_form:ldaddal-64-memop:af1d93d1538d02d9	a64:instruction_form:ldaddal-64-memop:af1d93d1538d02d9	a64:encoding:ldaddal-64-memop:af1d93d1538d02d9	rs_value:gpr64|rt_prior:gpr64|rn:address	rs_value|rn	rt_prior	translation_regime|memory_attributes	none	none	none	none	rn=xn_or_sp;rn31=sp;rs_value=xt_or_xzr;rs_value31=constant_zero_from_xzr;rt_prior=xt_or_xzr;rt_prior31=discarded_write_to_xzr	none	xN|xzr|address64|sp	none	none	sp|xzr	normal:atomic-capable:read-modify-write	read=8;write=8	required=8;natural=8;sp_check=formula:sp_alignment_check_if_rn_is_sp	base	none	formula:memory_tagchecked_if_rn_not_sp	none	atomic-read-modify-write:8-byte-range	none	acqrel	single-copy-atomic	fallthrough	preserved:delta=0	Armv8-A	FEAT_LSE	EL0..EL3	any	any	none	atomic	none	deterministic	architectural_fault:data_abort|architectural_fault:alignment_if_not_naturally_aligned|architectural_fault:sp_alignment_if_rn_is_sp_and_enabled|architectural_fault:tag_check_if_tagchecked	none	removed_if_authority_deprecates
a64:semantic:instruction_form:ldaddalb-32-memop:de918816c94caac2	a64:instruction_form:ldaddalb-32-memop:de918816c94caac2	a64:encoding:ldaddalb-32-memop:de918816c94caac2	rs_value:gpr32|rt_prior:gpr32|rn:address	rs_value|rn	rt_prior	translation_regime|memory_attributes	none	none	none	none	rn=xn_or_sp;rn31=sp;rs_value=wt_or_wzr;rs_value31=constant_zero_from_wzr;rt_prior=wt_or_wzr;rt_prior31=discarded_write_to_wzr	none	wN|wzr|address64|sp	none	none	sp|wzr	normal:atomic-capable:read-modify-write	read=1;write=1	required=1;natural=1;sp_check=formula:sp_alignment_check_if_rn_is_sp	base	none	formula:memory_tagchecked_if_rn_not_sp	none	atomic-read-modify-write:1-byte-range	none	acqrel	single-copy-atomic	fallthrough	preserved:delta=0	Armv8-A	FEAT_LSE	EL0..EL3	any	any	none	atomic	none	deterministic	architectural_fault:data_abort|architectural_fault:alignment_if_not_naturally_aligned|architectural_fault:sp_alignment_if_rn_is_sp_and_enabled|architectural_fault:tag_check_if_tagchecked	none	removed_if_authority_deprecates
a64:semantic:instruction_form:ldaddalh-32-memop:6cb7bfa7d4492357	a64:instruction_form:ldaddalh-32-memop:6cb7bfa7d4492357	a64:encoding:ldaddalh-32-memop:6cb7bfa7d4492357	rs_value:gpr32|rt_prior:gpr32|rn:address	rs_value|rn	rt_prior	translation_regime|memory_attributes	none	none	none	none	rn=xn_or_sp;rn31=sp;rs_value=wt_or_wzr;rs_value31=constant_zero_from_wzr;rt_prior=wt_or_wzr;rt_prior31=discarded_write_to_wzr	none	wN|wzr|address64|sp	none	none	sp|wzr	normal:atomic-capable:read-modify-write	read=2;write=2	required=2;natural=2;sp_check=formula:sp_alignment_check_if_rn_is_sp	base	none	formula:memory_tagchecked_if_rn_not_sp	none	atomic-read-modify-write:2-byte-range	none	acqrel	single-copy-atomic	fallthrough	preserved:delta=0	Armv8-A	FEAT_LSE	EL0..EL3	any	any	none	atomic	none	deterministic	architectural_fault:data_abort|architectural_fault:alignment_if_not_naturally_aligned|architectural_fault:sp_alignment_if_rn_is_sp_and_enabled|architectural_fault:tag_check_if_tagchecked	none	removed_if_authority_deprecates
a64:semantic:instruction_form:ldaddb-32-memop:1f78e7a1b8cc8cdd	a64:instruction_form:ldaddb-32-memop:1f78e7a1b8cc8cdd	a64:encoding:ldaddb-32-memop:1f78e7a1b8cc8cdd	rs_value:gpr32|rt_prior:gpr32|rn:address	rs_value|rn	rt_prior	translation_regime|memory_attributes	none	none	none	none	rn=xn_or_sp;rn31=sp;rs_value=wt_or_wzr;rs_value31=constant_zero_from_wzr;rt_prior=wt_or_wzr;rt_prior31=discarded_write_to_wzr	none	wN|wzr|address64|sp	none	none	sp|wzr	normal:atomic-capable:read-modify-write	read=1;write=1	required=1;natural=1;sp_check=formula:sp_alignment_check_if_rn_is_sp	base	none	formula:memory_tagchecked_if_rn_not_sp	none	atomic-read-modify-write:1-byte-range	none	relaxed	single-copy-atomic	fallthrough	preserved:delta=0	Armv8-A	FEAT_LSE	EL0..EL3	any	any	none	atomic	none	deterministic	architectural_fault:data_abort|architectural_fault:alignment_if_not_naturally_aligned|architectural_fault:sp_alignment_if_rn_is_sp_and_enabled|architectural_fault:tag_check_if_tagchecked	none	removed_if_authority_deprecates
a64:semantic:instruction_form:ldaddh-32-memop:70121d8e3d0c7e76	a64:instruction_form:ldaddh-32-memop:70121d8e3d0c7e76	a64:encoding:ldaddh-32-memop:70121d8e3d0c7e76	rs_value:gpr32|rt_prior:gpr32|rn:address	rs_value|rn	rt_prior	translation_regime|memory_attributes	none	none	none	none	rn=xn_or_sp;rn31=sp;rs_value=wt_or_wzr;rs_value31=constant_zero_from_wzr;rt_prior=wt_or_wzr;rt_prior31=discarded_write_to_wzr	none	wN|wzr|address64|sp	none	none	sp|wzr	normal:atomic-capable:read-modify-write	read=2;write=2	required=2;natural=2;sp_check=formula:sp_alignment_check_if_rn_is_sp	base	none	formula:memory_tagchecked_if_rn_not_sp	none	atomic-read-modify-write:2-byte-range	none	relaxed	single-copy-atomic	fallthrough	preserved:delta=0	Armv8-A	FEAT_LSE	EL0..EL3	any	any	none	atomic	none	deterministic	architectural_fault:data_abort|architectural_fault:alignment_if_not_naturally_aligned|architectural_fault:sp_alignment_if_rn_is_sp_and_enabled|architectural_fault:tag_check_if_tagchecked	none	removed_if_authority_deprecates
a64:semantic:instruction_form:ldaddl-32-memop:69b756d36a66ebd9	a64:instruction_form:ldaddl-32-memop:69b756d36a66ebd9	a64:encoding:ldaddl-32-memop:69b756d36a66ebd9	rs_value:gpr32|rt_prior:gpr32|rn:address	rs_value|rn	rt_prior	translation_regime|memory_attributes	none	none	none	none	rn=xn_or_sp;rn31=sp;rs_value=wt_or_wzr;rs_value31=constant_zero_from_wzr;rt_prior=wt_or_wzr;rt_prior31=discarded_write_to_wzr	none	wN|wzr|address64|sp	none	none	sp|wzr	normal:atomic-capable:read-modify-write	read=4;write=4	required=4;natural=4;sp_check=formula:sp_alignment_check_if_rn_is_sp	base	none	formula:memory_tagchecked_if_rn_not_sp	none	atomic-read-modify-write:4-byte-range	none	release	single-copy-atomic	fallthrough	preserved:delta=0	Armv8-A	FEAT_LSE	EL0..EL3	any	any	none	atomic	none	deterministic	architectural_fault:data_abort|architectural_fault:alignment_if_not_naturally_aligned|architectural_fault:sp_alignment_if_rn_is_sp_and_enabled|architectural_fault:tag_check_if_tagchecked	none	removed_if_authority_deprecates
a64:semantic:instruction_form:ldaddl-64-memop:fe89333e3bc7f13e	a64:instruction_form:ldaddl-64-memop:fe89333e3bc7f13e	a64:encoding:ldaddl-64-memop:fe89333e3bc7f13e	rs_value:gpr64|rt_prior:gpr64|rn:address	rs_value|rn	rt_prior	translation_regime|memory_attributes	none	none	none	none	rn=xn_or_sp;rn31=sp;rs_value=xt_or_xzr;rs_value31=constant_zero_from_xzr;rt_prior=xt_or_xzr;rt_prior31=discarded_write_to_xzr	none	xN|xzr|address64|sp	none	none	sp|xzr	normal:atomic-capable:read-modify-write	read=8;write=8	required=8;natural=8;sp_check=formula:sp_alignment_check_if_rn_is_sp	base	none	formula:memory_tagchecked_if_rn_not_sp	none	atomic-read-modify-write:8-byte-range	none	release	single-copy-atomic	fallthrough	preserved:delta=0	Armv8-A	FEAT_LSE	EL0..EL3	any	any	none	atomic	none	deterministic	architectural_fault:data_abort|architectural_fault:alignment_if_not_naturally_aligned|architectural_fault:sp_alignment_if_rn_is_sp_and_enabled|architectural_fault:tag_check_if_tagchecked	none	removed_if_authority_deprecates
a64:semantic:instruction_form:ldaddlb-32-memop:97c1bb85eb68697d	a64:instruction_form:ldaddlb-32-memop:97c1bb85eb68697d	a64:encoding:ldaddlb-32-memop:97c1bb85eb68697d	rs_value:gpr32|rt_prior:gpr32|rn:address	rs_value|rn	rt_prior	translation_regime|memory_attributes	none	none	none	none	rn=xn_or_sp;rn31=sp;rs_value=wt_or_wzr;rs_value31=constant_zero_from_wzr;rt_prior=wt_or_wzr;rt_prior31=discarded_write_to_wzr	none	wN|wzr|address64|sp	none	none	sp|wzr	normal:atomic-capable:read-modify-write	read=1;write=1	required=1;natural=1;sp_check=formula:sp_alignment_check_if_rn_is_sp	base	none	formula:memory_tagchecked_if_rn_not_sp	none	atomic-read-modify-write:1-byte-range	none	release	single-copy-atomic	fallthrough	preserved:delta=0	Armv8-A	FEAT_LSE	EL0..EL3	any	any	none	atomic	none	deterministic	architectural_fault:data_abort|architectural_fault:alignment_if_not_naturally_aligned|architectural_fault:sp_alignment_if_rn_is_sp_and_enabled|architectural_fault:tag_check_if_tagchecked	none	removed_if_authority_deprecates
a64:semantic:instruction_form:ldaddlh-32-memop:d3ae5182f2cbdbc0	a64:instruction_form:ldaddlh-32-memop:d3ae5182f2cbdbc0	a64:encoding:ldaddlh-32-memop:d3ae5182f2cbdbc0	rs_value:gpr32|rt_prior:gpr32|rn:address	rs_value|rn	rt_prior	translation_regime|memory_attributes	none	none	none	none	rn=xn_or_sp;rn31=sp;rs_value=wt_or_wzr;rs_value31=constant_zero_from_wzr;rt_prior=wt_or_wzr;rt_prior31=discarded_write_to_wzr	none	wN|wzr|address64|sp	none	none	sp|wzr	normal:atomic-capable:read-modify-write	read=2;write=2	required=2;natural=2;sp_check=formula:sp_alignment_check_if_rn_is_sp	base	none	formula:memory_tagchecked_if_rn_not_sp	none	atomic-read-modify-write:2-byte-range	none	release	single-copy-atomic	fallthrough	preserved:delta=0	Armv8-A	FEAT_LSE	EL0..EL3	any	any	none	atomic	none	deterministic	architectural_fault:data_abort|architectural_fault:alignment_if_not_naturally_aligned|architectural_fault:sp_alignment_if_rn_is_sp_and_enabled|architectural_fault:tag_check_if_tagchecked	none	removed_if_authority_deprecates
a64:semantic:instruction_form:ldar-lr32-ldstord:7e67d5c57cf23e29	a64:instruction_form:ldar-lr32-ldstord:7e67d5c57cf23e29	a64:encoding:ldar-lr32-ldstord:7e67d5c57cf23e29	rt_result:gpr32|rn:address	rn	rt_result	translation_regime|memory_attributes	none	none	none	none	rn=xn_or_sp;rn31=sp;rt_result=wt_or_wzr;rt_result31=discarded_write_to_wzr	none	wN|wzr|address64|sp	none	none	sp|wzr	normal:atomic-capable:read	read=4	required=4;natural=4;sp_check=formula:sp_alignment_check_if_rn_is_sp	base	none	formula:memory_tagchecked_if_rn_not_sp	none	single-copy-atomic:4-byte-range	none	acquire	single-copy-atomic	fallthrough	preserved:delta=0	Armv8-A	base	EL0..EL3	any	any	none	atomic	none	deterministic	architectural_fault:data_abort|architectural_fault:alignment_if_not_naturally_aligned|architectural_fault:sp_alignment_if_rn_is_sp_and_enabled|architectural_fault:tag_check_if_tagchecked	none	removed_if_authority_deprecates
a64:semantic:instruction_form:ldar-lr64-ldstord:26aaeb39afdd8fe4	a64:instruction_form:ldar-lr64-ldstord:26aaeb39afdd8fe4	a64:encoding:ldar-lr64-ldstord:26aaeb39afdd8fe4	rt_result:gpr64|rn:address	rn	rt_result	translation_regime|memory_attributes	none	none	none	none	rn=xn_or_sp;rn31=sp;rt_result=xt_or_xzr;rt_result31=discarded_write_to_xzr	none	xN|xzr|address64|sp	none	none	sp|xzr	normal:atomic-capable:read	read=8	required=8;natural=8;sp_check=formula:sp_alignment_check_if_rn_is_sp	base	none	formula:memory_tagchecked_if_rn_not_sp	none	single-copy-atomic:8-byte-range	none	acquire	single-copy-atomic	fallthrough	preserved:delta=0	Armv8-A	base	EL0..EL3	any	any	none	atomic	none	deterministic	architectural_fault:data_abort|architectural_fault:alignment_if_not_naturally_aligned|architectural_fault:sp_alignment_if_rn_is_sp_and_enabled|architectural_fault:tag_check_if_tagchecked	none	removed_if_authority_deprecates
a64:semantic:instruction_form:ldarb-lr32-ldstord:454e533784e8b630	a64:instruction_form:ldarb-lr32-ldstord:454e533784e8b630	a64:encoding:ldarb-lr32-ldstord:454e533784e8b630	rt_result:gpr32|rn:address	rn	rt_result	translation_regime|memory_attributes	none	none	none	none	rn=xn_or_sp;rn31=sp;rt_result=wt_or_wzr;rt_result31=discarded_write_to_wzr	none	wN|wzr|address64|sp	none	none	sp|wzr	normal:atomic-capable:read	read=1	required=1;natural=1;sp_check=formula:sp_alignment_check_if_rn_is_sp	base	none	formula:memory_tagchecked_if_rn_not_sp	none	single-copy-atomic:1-byte-range	none	acquire	single-copy-atomic	fallthrough	preserved:delta=0	Armv8-A	base	EL0..EL3	any	any	none	atomic	none	deterministic	architectural_fault:data_abort|architectural_fault:alignment_if_not_naturally_aligned|architectural_fault:sp_alignment_if_rn_is_sp_and_enabled|architectural_fault:tag_check_if_tagchecked	none	removed_if_authority_deprecates
a64:semantic:instruction_form:ldarh-lr32-ldstord:f0e16a631f995894	a64:instruction_form:ldarh-lr32-ldstord:f0e16a631f995894	a64:encoding:ldarh-lr32-ldstord:f0e16a631f995894	rt_result:gpr32|rn:address	rn	rt_result	translation_regime|memory_attributes	none	none	none	none	rn=xn_or_sp;rn31=sp;rt_result=wt_or_wzr;rt_result31=discarded_write_to_wzr	none	wN|wzr|address64|sp	none	none	sp|wzr	normal:atomic-capable:read	read=2	required=2;natural=2;sp_check=formula:sp_alignment_check_if_rn_is_sp	base	none	formula:memory_tagchecked_if_rn_not_sp	none	single-copy-atomic:2-byte-range	none	acquire	single-copy-atomic	fallthrough	preserved:delta=0	Armv8-A	base	EL0..EL3	any	any	none	atomic	none	deterministic	architectural_fault:data_abort|architectural_fault:alignment_if_not_naturally_aligned|architectural_fault:sp_alignment_if_rn_is_sp_and_enabled|architectural_fault:tag_check_if_tagchecked	none	removed_if_authority_deprecates
a64:semantic:instruction_form:ldaxr-lr32-ldstexclr:4fe79f0e26f5333a	a64:instruction_form:ldaxr-lr32-ldstexclr:4fe79f0e26f5333a	a64:encoding:ldaxr-lr32-ldstexclr:4fe79f0e26f5333a	rt_result:gpr32|rn:address	rn	rt_result	translation_regime|memory_attributes|exclusive_monitors	exclusive_monitors	none	none	none	rn=xn_or_sp;rn31=sp;rt_result=wt_or_wzr;rt_result31=discarded_write_to_wzr	none	wN|wzr|address64|sp	none	none	sp|wzr	normal:atomic-capable:exclusive-read	read=4	required=4;natural=4;sp_check=formula:sp_alignment_check_if_rn_is_sp	base	none	formula:memory_tagchecked_if_rn_not_sp	none	exclusive-read:4-byte-range	set_exclusive_monitors	acquire	exclusive-loop-component	fallthrough	preserved:delta=0	Armv8-A	base	EL0..EL3	any	any	none	atomic	none	deterministic	architectural_fault:data_abort|architectural_fault:alignment_if_not_naturally_aligned|architectural_fault:sp_alignment_if_rn_is_sp_and_enabled|architectural_fault:tag_check_if_tagchecked	none	removed_if_authority_deprecates
a64:semantic:instruction_form:ldaxr-lr64-ldstexclr:d8ee5b888767e4f7	a64:instruction_form:ldaxr-lr64-ldstexclr:d8ee5b888767e4f7	a64:encoding:ldaxr-lr64-ldstexclr:d8ee5b888767e4f7	rt_result:gpr64|rn:address	rn	rt_result	translation_regime|memory_attributes|exclusive_monitors	exclusive_monitors	none	none	none	rn=xn_or_sp;rn31=sp;rt_result=xt_or_xzr;rt_result31=discarded_write_to_xzr	none	xN|xzr|address64|sp	none	none	sp|xzr	normal:atomic-capable:exclusive-read	read=8	required=8;natural=8;sp_check=formula:sp_alignment_check_if_rn_is_sp	base	none	formula:memory_tagchecked_if_rn_not_sp	none	exclusive-read:8-byte-range	set_exclusive_monitors	acquire	exclusive-loop-component	fallthrough	preserved:delta=0	Armv8-A	base	EL0..EL3	any	any	none	atomic	none	deterministic	architectural_fault:data_abort|architectural_fault:alignment_if_not_naturally_aligned|architectural_fault:sp_alignment_if_rn_is_sp_and_enabled|architectural_fault:tag_check_if_tagchecked	none	removed_if_authority_deprecates
a64:semantic:instruction_form:ldaxrb-lr32-ldstexclr:8e59d2b4d56eaa76	a64:instruction_form:ldaxrb-lr32-ldstexclr:8e59d2b4d56eaa76	a64:encoding:ldaxrb-lr32-ldstexclr:8e59d2b4d56eaa76	rt_result:gpr32|rn:address	rn	rt_result	translation_regime|memory_attributes|exclusive_monitors	exclusive_monitors	none	none	none	rn=xn_or_sp;rn31=sp;rt_result=wt_or_wzr;rt_result31=discarded_write_to_wzr	none	wN|wzr|address64|sp	none	none	sp|wzr	normal:atomic-capable:exclusive-read	read=1	required=1;natural=1;sp_check=formula:sp_alignment_check_if_rn_is_sp	base	none	formula:memory_tagchecked_if_rn_not_sp	none	exclusive-read:1-byte-range	set_exclusive_monitors	acquire	exclusive-loop-component	fallthrough	preserved:delta=0	Armv8-A	base	EL0..EL3	any	any	none	atomic	none	deterministic	architectural_fault:data_abort|architectural_fault:alignment_if_not_naturally_aligned|architectural_fault:sp_alignment_if_rn_is_sp_and_enabled|architectural_fault:tag_check_if_tagchecked	none	removed_if_authority_deprecates
a64:semantic:instruction_form:ldaxrh-lr32-ldstexclr:922906d28f6531a8	a64:instruction_form:ldaxrh-lr32-ldstexclr:922906d28f6531a8	a64:encoding:ldaxrh-lr32-ldstexclr:922906d28f6531a8	rt_result:gpr32|rn:address	rn	rt_result	translation_regime|memory_attributes|exclusive_monitors	exclusive_monitors	none	none	none	rn=xn_or_sp;rn31=sp;rt_result=wt_or_wzr;rt_result31=discarded_write_to_wzr	none	wN|wzr|address64|sp	none	none	sp|wzr	normal:atomic-capable:exclusive-read	read=2	required=2;natural=2;sp_check=formula:sp_alignment_check_if_rn_is_sp	base	none	formula:memory_tagchecked_if_rn_not_sp	none	exclusive-read:2-byte-range	set_exclusive_monitors	acquire	exclusive-loop-component	fallthrough	preserved:delta=0	Armv8-A	base	EL0..EL3	any	any	none	atomic	none	deterministic	architectural_fault:data_abort|architectural_fault:alignment_if_not_naturally_aligned|architectural_fault:sp_alignment_if_rn_is_sp_and_enabled|architectural_fault:tag_check_if_tagchecked	none	removed_if_authority_deprecates
a64:semantic:instruction_form:ldclr-32-memop:41cb48f2d5328294	a64:instruction_form:ldclr-32-memop:41cb48f2d5328294	a64:encoding:ldclr-32-memop:41cb48f2d5328294	rs_value:gpr32|rt_prior:gpr32|rn:address	rs_value|rn	rt_prior	translation_regime|memory_attributes	none	none	none	none	rn=xn_or_sp;rn31=sp;rs_value=wt_or_wzr;rs_value31=constant_zero_from_wzr;rt_prior=wt_or_wzr;rt_prior31=discarded_write_to_wzr	none	wN|wzr|address64|sp	none	none	sp|wzr	normal:atomic-capable:read-modify-write	read=4;write=4	required=4;natural=4;sp_check=formula:sp_alignment_check_if_rn_is_sp	base	none	formula:memory_tagchecked_if_rn_not_sp	none	atomic-read-modify-write:4-byte-range	none	relaxed	single-copy-atomic	fallthrough	preserved:delta=0	Armv8-A	FEAT_LSE	EL0..EL3	any	any	none	atomic	none	deterministic	architectural_fault:data_abort|architectural_fault:alignment_if_not_naturally_aligned|architectural_fault:sp_alignment_if_rn_is_sp_and_enabled|architectural_fault:tag_check_if_tagchecked	none	removed_if_authority_deprecates
a64:semantic:instruction_form:ldclr-64-memop:56753736df45c15e	a64:instruction_form:ldclr-64-memop:56753736df45c15e	a64:encoding:ldclr-64-memop:56753736df45c15e	rs_value:gpr64|rt_prior:gpr64|rn:address	rs_value|rn	rt_prior	translation_regime|memory_attributes	none	none	none	none	rn=xn_or_sp;rn31=sp;rs_value=xt_or_xzr;rs_value31=constant_zero_from_xzr;rt_prior=xt_or_xzr;rt_prior31=discarded_write_to_xzr	none	xN|xzr|address64|sp	none	none	sp|xzr	normal:atomic-capable:read-modify-write	read=8;write=8	required=8;natural=8;sp_check=formula:sp_alignment_check_if_rn_is_sp	base	none	formula:memory_tagchecked_if_rn_not_sp	none	atomic-read-modify-write:8-byte-range	none	relaxed	single-copy-atomic	fallthrough	preserved:delta=0	Armv8-A	FEAT_LSE	EL0..EL3	any	any	none	atomic	none	deterministic	architectural_fault:data_abort|architectural_fault:alignment_if_not_naturally_aligned|architectural_fault:sp_alignment_if_rn_is_sp_and_enabled|architectural_fault:tag_check_if_tagchecked	none	removed_if_authority_deprecates
a64:semantic:instruction_form:ldclra-32-memop:5e767181c901efeb	a64:instruction_form:ldclra-32-memop:5e767181c901efeb	a64:encoding:ldclra-32-memop:5e767181c901efeb	rs_value:gpr32|rt_prior:gpr32|rn:address	rs_value|rn	rt_prior	translation_regime|memory_attributes	none	none	none	none	rn=xn_or_sp;rn31=sp;rs_value=wt_or_wzr;rs_value31=constant_zero_from_wzr;rt_prior=wt_or_wzr;rt_prior31=discarded_write_to_wzr	none	wN|wzr|address64|sp	none	none	sp|wzr	normal:atomic-capable:read-modify-write	read=4;write=4	required=4;natural=4;sp_check=formula:sp_alignment_check_if_rn_is_sp	base	none	formula:memory_tagchecked_if_rn_not_sp	none	atomic-read-modify-write:4-byte-range	none	acquire	single-copy-atomic	fallthrough	preserved:delta=0	Armv8-A	FEAT_LSE	EL0..EL3	any	any	none	atomic	none	deterministic	architectural_fault:data_abort|architectural_fault:alignment_if_not_naturally_aligned|architectural_fault:sp_alignment_if_rn_is_sp_and_enabled|architectural_fault:tag_check_if_tagchecked	none	removed_if_authority_deprecates
a64:semantic:instruction_form:ldclra-64-memop:20f9af899cddfdcb	a64:instruction_form:ldclra-64-memop:20f9af899cddfdcb	a64:encoding:ldclra-64-memop:20f9af899cddfdcb	rs_value:gpr64|rt_prior:gpr64|rn:address	rs_value|rn	rt_prior	translation_regime|memory_attributes	none	none	none	none	rn=xn_or_sp;rn31=sp;rs_value=xt_or_xzr;rs_value31=constant_zero_from_xzr;rt_prior=xt_or_xzr;rt_prior31=discarded_write_to_xzr	none	xN|xzr|address64|sp	none	none	sp|xzr	normal:atomic-capable:read-modify-write	read=8;write=8	required=8;natural=8;sp_check=formula:sp_alignment_check_if_rn_is_sp	base	none	formula:memory_tagchecked_if_rn_not_sp	none	atomic-read-modify-write:8-byte-range	none	acquire	single-copy-atomic	fallthrough	preserved:delta=0	Armv8-A	FEAT_LSE	EL0..EL3	any	any	none	atomic	none	deterministic	architectural_fault:data_abort|architectural_fault:alignment_if_not_naturally_aligned|architectural_fault:sp_alignment_if_rn_is_sp_and_enabled|architectural_fault:tag_check_if_tagchecked	none	removed_if_authority_deprecates
a64:semantic:instruction_form:ldclrab-32-memop:d47ef3b63c17a39e	a64:instruction_form:ldclrab-32-memop:d47ef3b63c17a39e	a64:encoding:ldclrab-32-memop:d47ef3b63c17a39e	rs_value:gpr32|rt_prior:gpr32|rn:address	rs_value|rn	rt_prior	translation_regime|memory_attributes	none	none	none	none	rn=xn_or_sp;rn31=sp;rs_value=wt_or_wzr;rs_value31=constant_zero_from_wzr;rt_prior=wt_or_wzr;rt_prior31=discarded_write_to_wzr	none	wN|wzr|address64|sp	none	none	sp|wzr	normal:atomic-capable:read-modify-write	read=1;write=1	required=1;natural=1;sp_check=formula:sp_alignment_check_if_rn_is_sp	base	none	formula:memory_tagchecked_if_rn_not_sp	none	atomic-read-modify-write:1-byte-range	none	acquire	single-copy-atomic	fallthrough	preserved:delta=0	Armv8-A	FEAT_LSE	EL0..EL3	any	any	none	atomic	none	deterministic	architectural_fault:data_abort|architectural_fault:alignment_if_not_naturally_aligned|architectural_fault:sp_alignment_if_rn_is_sp_and_enabled|architectural_fault:tag_check_if_tagchecked	none	removed_if_authority_deprecates
a64:semantic:instruction_form:ldclrah-32-memop:6df3995b31a44b59	a64:instruction_form:ldclrah-32-memop:6df3995b31a44b59	a64:encoding:ldclrah-32-memop:6df3995b31a44b59	rs_value:gpr32|rt_prior:gpr32|rn:address	rs_value|rn	rt_prior	translation_regime|memory_attributes	none	none	none	none	rn=xn_or_sp;rn31=sp;rs_value=wt_or_wzr;rs_value31=constant_zero_from_wzr;rt_prior=wt_or_wzr;rt_prior31=discarded_write_to_wzr	none	wN|wzr|address64|sp	none	none	sp|wzr	normal:atomic-capable:read-modify-write	read=2;write=2	required=2;natural=2;sp_check=formula:sp_alignment_check_if_rn_is_sp	base	none	formula:memory_tagchecked_if_rn_not_sp	none	atomic-read-modify-write:2-byte-range	none	acquire	single-copy-atomic	fallthrough	preserved:delta=0	Armv8-A	FEAT_LSE	EL0..EL3	any	any	none	atomic	none	deterministic	architectural_fault:data_abort|architectural_fault:alignment_if_not_naturally_aligned|architectural_fault:sp_alignment_if_rn_is_sp_and_enabled|architectural_fault:tag_check_if_tagchecked	none	removed_if_authority_deprecates
a64:semantic:instruction_form:ldclral-32-memop:71db5839ad6d7596	a64:instruction_form:ldclral-32-memop:71db5839ad6d7596	a64:encoding:ldclral-32-memop:71db5839ad6d7596	rs_value:gpr32|rt_prior:gpr32|rn:address	rs_value|rn	rt_prior	translation_regime|memory_attributes	none	none	none	none	rn=xn_or_sp;rn31=sp;rs_value=wt_or_wzr;rs_value31=constant_zero_from_wzr;rt_prior=wt_or_wzr;rt_prior31=discarded_write_to_wzr	none	wN|wzr|address64|sp	none	none	sp|wzr	normal:atomic-capable:read-modify-write	read=4;write=4	required=4;natural=4;sp_check=formula:sp_alignment_check_if_rn_is_sp	base	none	formula:memory_tagchecked_if_rn_not_sp	none	atomic-read-modify-write:4-byte-range	none	acqrel	single-copy-atomic	fallthrough	preserved:delta=0	Armv8-A	FEAT_LSE	EL0..EL3	any	any	none	atomic	none	deterministic	architectural_fault:data_abort|architectural_fault:alignment_if_not_naturally_aligned|architectural_fault:sp_alignment_if_rn_is_sp_and_enabled|architectural_fault:tag_check_if_tagchecked	none	removed_if_authority_deprecates
a64:semantic:instruction_form:ldclral-64-memop:73dd40a30a43d721	a64:instruction_form:ldclral-64-memop:73dd40a30a43d721	a64:encoding:ldclral-64-memop:73dd40a30a43d721	rs_value:gpr64|rt_prior:gpr64|rn:address	rs_value|rn	rt_prior	translation_regime|memory_attributes	none	none	none	none	rn=xn_or_sp;rn31=sp;rs_value=xt_or_xzr;rs_value31=constant_zero_from_xzr;rt_prior=xt_or_xzr;rt_prior31=discarded_write_to_xzr	none	xN|xzr|address64|sp	none	none	sp|xzr	normal:atomic-capable:read-modify-write	read=8;write=8	required=8;natural=8;sp_check=formula:sp_alignment_check_if_rn_is_sp	base	none	formula:memory_tagchecked_if_rn_not_sp	none	atomic-read-modify-write:8-byte-range	none	acqrel	single-copy-atomic	fallthrough	preserved:delta=0	Armv8-A	FEAT_LSE	EL0..EL3	any	any	none	atomic	none	deterministic	architectural_fault:data_abort|architectural_fault:alignment_if_not_naturally_aligned|architectural_fault:sp_alignment_if_rn_is_sp_and_enabled|architectural_fault:tag_check_if_tagchecked	none	removed_if_authority_deprecates
a64:semantic:instruction_form:ldclralb-32-memop:cb7ec1a7ebcfb0ac	a64:instruction_form:ldclralb-32-memop:cb7ec1a7ebcfb0ac	a64:encoding:ldclralb-32-memop:cb7ec1a7ebcfb0ac	rs_value:gpr32|rt_prior:gpr32|rn:address	rs_value|rn	rt_prior	translation_regime|memory_attributes	none	none	none	none	rn=xn_or_sp;rn31=sp;rs_value=wt_or_wzr;rs_value31=constant_zero_from_wzr;rt_prior=wt_or_wzr;rt_prior31=discarded_write_to_wzr	none	wN|wzr|address64|sp	none	none	sp|wzr	normal:atomic-capable:read-modify-write	read=1;write=1	required=1;natural=1;sp_check=formula:sp_alignment_check_if_rn_is_sp	base	none	formula:memory_tagchecked_if_rn_not_sp	none	atomic-read-modify-write:1-byte-range	none	acqrel	single-copy-atomic	fallthrough	preserved:delta=0	Armv8-A	FEAT_LSE	EL0..EL3	any	any	none	atomic	none	deterministic	architectural_fault:data_abort|architectural_fault:alignment_if_not_naturally_aligned|architectural_fault:sp_alignment_if_rn_is_sp_and_enabled|architectural_fault:tag_check_if_tagchecked	none	removed_if_authority_deprecates
a64:semantic:instruction_form:ldclralh-32-memop:67044d181c14ac26	a64:instruction_form:ldclralh-32-memop:67044d181c14ac26	a64:encoding:ldclralh-32-memop:67044d181c14ac26	rs_value:gpr32|rt_prior:gpr32|rn:address	rs_value|rn	rt_prior	translation_regime|memory_attributes	none	none	none	none	rn=xn_or_sp;rn31=sp;rs_value=wt_or_wzr;rs_value31=constant_zero_from_wzr;rt_prior=wt_or_wzr;rt_prior31=discarded_write_to_wzr	none	wN|wzr|address64|sp	none	none	sp|wzr	normal:atomic-capable:read-modify-write	read=2;write=2	required=2;natural=2;sp_check=formula:sp_alignment_check_if_rn_is_sp	base	none	formula:memory_tagchecked_if_rn_not_sp	none	atomic-read-modify-write:2-byte-range	none	acqrel	single-copy-atomic	fallthrough	preserved:delta=0	Armv8-A	FEAT_LSE	EL0..EL3	any	any	none	atomic	none	deterministic	architectural_fault:data_abort|architectural_fault:alignment_if_not_naturally_aligned|architectural_fault:sp_alignment_if_rn_is_sp_and_enabled|architectural_fault:tag_check_if_tagchecked	none	removed_if_authority_deprecates
a64:semantic:instruction_form:ldclrb-32-memop:78e9d067867f0e9d	a64:instruction_form:ldclrb-32-memop:78e9d067867f0e9d	a64:encoding:ldclrb-32-memop:78e9d067867f0e9d	rs_value:gpr32|rt_prior:gpr32|rn:address	rs_value|rn	rt_prior	translation_regime|memory_attributes	none	none	none	none	rn=xn_or_sp;rn31=sp;rs_value=wt_or_wzr;rs_value31=constant_zero_from_wzr;rt_prior=wt_or_wzr;rt_prior31=discarded_write_to_wzr	none	wN|wzr|address64|sp	none	none	sp|wzr	normal:atomic-capable:read-modify-write	read=1;write=1	required=1;natural=1;sp_check=formula:sp_alignment_check_if_rn_is_sp	base	none	formula:memory_tagchecked_if_rn_not_sp	none	atomic-read-modify-write:1-byte-range	none	relaxed	single-copy-atomic	fallthrough	preserved:delta=0	Armv8-A	FEAT_LSE	EL0..EL3	any	any	none	atomic	none	deterministic	architectural_fault:data_abort|architectural_fault:alignment_if_not_naturally_aligned|architectural_fault:sp_alignment_if_rn_is_sp_and_enabled|architectural_fault:tag_check_if_tagchecked	none	removed_if_authority_deprecates
a64:semantic:instruction_form:ldclrh-32-memop:1b64b6032eebad63	a64:instruction_form:ldclrh-32-memop:1b64b6032eebad63	a64:encoding:ldclrh-32-memop:1b64b6032eebad63	rs_value:gpr32|rt_prior:gpr32|rn:address	rs_value|rn	rt_prior	translation_regime|memory_attributes	none	none	none	none	rn=xn_or_sp;rn31=sp;rs_value=wt_or_wzr;rs_value31=constant_zero_from_wzr;rt_prior=wt_or_wzr;rt_prior31=discarded_write_to_wzr	none	wN|wzr|address64|sp	none	none	sp|wzr	normal:atomic-capable:read-modify-write	read=2;write=2	required=2;natural=2;sp_check=formula:sp_alignment_check_if_rn_is_sp	base	none	formula:memory_tagchecked_if_rn_not_sp	none	atomic-read-modify-write:2-byte-range	none	relaxed	single-copy-atomic	fallthrough	preserved:delta=0	Armv8-A	FEAT_LSE	EL0..EL3	any	any	none	atomic	none	deterministic	architectural_fault:data_abort|architectural_fault:alignment_if_not_naturally_aligned|architectural_fault:sp_alignment_if_rn_is_sp_and_enabled|architectural_fault:tag_check_if_tagchecked	none	removed_if_authority_deprecates
a64:semantic:instruction_form:ldclrl-32-memop:2984d1d64808bf2e	a64:instruction_form:ldclrl-32-memop:2984d1d64808bf2e	a64:encoding:ldclrl-32-memop:2984d1d64808bf2e	rs_value:gpr32|rt_prior:gpr32|rn:address	rs_value|rn	rt_prior	translation_regime|memory_attributes	none	none	none	none	rn=xn_or_sp;rn31=sp;rs_value=wt_or_wzr;rs_value31=constant_zero_from_wzr;rt_prior=wt_or_wzr;rt_prior31=discarded_write_to_wzr	none	wN|wzr|address64|sp	none	none	sp|wzr	normal:atomic-capable:read-modify-write	read=4;write=4	required=4;natural=4;sp_check=formula:sp_alignment_check_if_rn_is_sp	base	none	formula:memory_tagchecked_if_rn_not_sp	none	atomic-read-modify-write:4-byte-range	none	release	single-copy-atomic	fallthrough	preserved:delta=0	Armv8-A	FEAT_LSE	EL0..EL3	any	any	none	atomic	none	deterministic	architectural_fault:data_abort|architectural_fault:alignment_if_not_naturally_aligned|architectural_fault:sp_alignment_if_rn_is_sp_and_enabled|architectural_fault:tag_check_if_tagchecked	none	removed_if_authority_deprecates
a64:semantic:instruction_form:ldclrl-64-memop:0f36f79673a5bde9	a64:instruction_form:ldclrl-64-memop:0f36f79673a5bde9	a64:encoding:ldclrl-64-memop:0f36f79673a5bde9	rs_value:gpr64|rt_prior:gpr64|rn:address	rs_value|rn	rt_prior	translation_regime|memory_attributes	none	none	none	none	rn=xn_or_sp;rn31=sp;rs_value=xt_or_xzr;rs_value31=constant_zero_from_xzr;rt_prior=xt_or_xzr;rt_prior31=discarded_write_to_xzr	none	xN|xzr|address64|sp	none	none	sp|xzr	normal:atomic-capable:read-modify-write	read=8;write=8	required=8;natural=8;sp_check=formula:sp_alignment_check_if_rn_is_sp	base	none	formula:memory_tagchecked_if_rn_not_sp	none	atomic-read-modify-write:8-byte-range	none	release	single-copy-atomic	fallthrough	preserved:delta=0	Armv8-A	FEAT_LSE	EL0..EL3	any	any	none	atomic	none	deterministic	architectural_fault:data_abort|architectural_fault:alignment_if_not_naturally_aligned|architectural_fault:sp_alignment_if_rn_is_sp_and_enabled|architectural_fault:tag_check_if_tagchecked	none	removed_if_authority_deprecates
a64:semantic:instruction_form:ldclrlb-32-memop:8fd91b9dfd628b2b	a64:instruction_form:ldclrlb-32-memop:8fd91b9dfd628b2b	a64:encoding:ldclrlb-32-memop:8fd91b9dfd628b2b	rs_value:gpr32|rt_prior:gpr32|rn:address	rs_value|rn	rt_prior	translation_regime|memory_attributes	none	none	none	none	rn=xn_or_sp;rn31=sp;rs_value=wt_or_wzr;rs_value31=constant_zero_from_wzr;rt_prior=wt_or_wzr;rt_prior31=discarded_write_to_wzr	none	wN|wzr|address64|sp	none	none	sp|wzr	normal:atomic-capable:read-modify-write	read=1;write=1	required=1;natural=1;sp_check=formula:sp_alignment_check_if_rn_is_sp	base	none	formula:memory_tagchecked_if_rn_not_sp	none	atomic-read-modify-write:1-byte-range	none	release	single-copy-atomic	fallthrough	preserved:delta=0	Armv8-A	FEAT_LSE	EL0..EL3	any	any	none	atomic	none	deterministic	architectural_fault:data_abort|architectural_fault:alignment_if_not_naturally_aligned|architectural_fault:sp_alignment_if_rn_is_sp_and_enabled|architectural_fault:tag_check_if_tagchecked	none	removed_if_authority_deprecates
a64:semantic:instruction_form:ldclrlh-32-memop:d7746dbeb3c894c9	a64:instruction_form:ldclrlh-32-memop:d7746dbeb3c894c9	a64:encoding:ldclrlh-32-memop:d7746dbeb3c894c9	rs_value:gpr32|rt_prior:gpr32|rn:address	rs_value|rn	rt_prior	translation_regime|memory_attributes	none	none	none	none	rn=xn_or_sp;rn31=sp;rs_value=wt_or_wzr;rs_value31=constant_zero_from_wzr;rt_prior=wt_or_wzr;rt_prior31=discarded_write_to_wzr	none	wN|wzr|address64|sp	none	none	sp|wzr	normal:atomic-capable:read-modify-write	read=2;write=2	required=2;natural=2;sp_check=formula:sp_alignment_check_if_rn_is_sp	base	none	formula:memory_tagchecked_if_rn_not_sp	none	atomic-read-modify-write:2-byte-range	none	release	single-copy-atomic	fallthrough	preserved:delta=0	Armv8-A	FEAT_LSE	EL0..EL3	any	any	none	atomic	none	deterministic	architectural_fault:data_abort|architectural_fault:alignment_if_not_naturally_aligned|architectural_fault:sp_alignment_if_rn_is_sp_and_enabled|architectural_fault:tag_check_if_tagchecked	none	removed_if_authority_deprecates
a64:semantic:instruction_form:ldeor-32-memop:72c1d50e09c9eb30	a64:instruction_form:ldeor-32-memop:72c1d50e09c9eb30	a64:encoding:ldeor-32-memop:72c1d50e09c9eb30	rs_value:gpr32|rt_prior:gpr32|rn:address	rs_value|rn	rt_prior	translation_regime|memory_attributes	none	none	none	none	rn=xn_or_sp;rn31=sp;rs_value=wt_or_wzr;rs_value31=constant_zero_from_wzr;rt_prior=wt_or_wzr;rt_prior31=discarded_write_to_wzr	none	wN|wzr|address64|sp	none	none	sp|wzr	normal:atomic-capable:read-modify-write	read=4;write=4	required=4;natural=4;sp_check=formula:sp_alignment_check_if_rn_is_sp	base	none	formula:memory_tagchecked_if_rn_not_sp	none	atomic-read-modify-write:4-byte-range	none	relaxed	single-copy-atomic	fallthrough	preserved:delta=0	Armv8-A	FEAT_LSE	EL0..EL3	any	any	none	atomic	none	deterministic	architectural_fault:data_abort|architectural_fault:alignment_if_not_naturally_aligned|architectural_fault:sp_alignment_if_rn_is_sp_and_enabled|architectural_fault:tag_check_if_tagchecked	none	removed_if_authority_deprecates
a64:semantic:instruction_form:ldeor-64-memop:da9647cb86182323	a64:instruction_form:ldeor-64-memop:da9647cb86182323	a64:encoding:ldeor-64-memop:da9647cb86182323	rs_value:gpr64|rt_prior:gpr64|rn:address	rs_value|rn	rt_prior	translation_regime|memory_attributes	none	none	none	none	rn=xn_or_sp;rn31=sp;rs_value=xt_or_xzr;rs_value31=constant_zero_from_xzr;rt_prior=xt_or_xzr;rt_prior31=discarded_write_to_xzr	none	xN|xzr|address64|sp	none	none	sp|xzr	normal:atomic-capable:read-modify-write	read=8;write=8	required=8;natural=8;sp_check=formula:sp_alignment_check_if_rn_is_sp	base	none	formula:memory_tagchecked_if_rn_not_sp	none	atomic-read-modify-write:8-byte-range	none	relaxed	single-copy-atomic	fallthrough	preserved:delta=0	Armv8-A	FEAT_LSE	EL0..EL3	any	any	none	atomic	none	deterministic	architectural_fault:data_abort|architectural_fault:alignment_if_not_naturally_aligned|architectural_fault:sp_alignment_if_rn_is_sp_and_enabled|architectural_fault:tag_check_if_tagchecked	none	removed_if_authority_deprecates
a64:semantic:instruction_form:ldeora-32-memop:257da6e534474f4c	a64:instruction_form:ldeora-32-memop:257da6e534474f4c	a64:encoding:ldeora-32-memop:257da6e534474f4c	rs_value:gpr32|rt_prior:gpr32|rn:address	rs_value|rn	rt_prior	translation_regime|memory_attributes	none	none	none	none	rn=xn_or_sp;rn31=sp;rs_value=wt_or_wzr;rs_value31=constant_zero_from_wzr;rt_prior=wt_or_wzr;rt_prior31=discarded_write_to_wzr	none	wN|wzr|address64|sp	none	none	sp|wzr	normal:atomic-capable:read-modify-write	read=4;write=4	required=4;natural=4;sp_check=formula:sp_alignment_check_if_rn_is_sp	base	none	formula:memory_tagchecked_if_rn_not_sp	none	atomic-read-modify-write:4-byte-range	none	acquire	single-copy-atomic	fallthrough	preserved:delta=0	Armv8-A	FEAT_LSE	EL0..EL3	any	any	none	atomic	none	deterministic	architectural_fault:data_abort|architectural_fault:alignment_if_not_naturally_aligned|architectural_fault:sp_alignment_if_rn_is_sp_and_enabled|architectural_fault:tag_check_if_tagchecked	none	removed_if_authority_deprecates
a64:semantic:instruction_form:ldeora-64-memop:b19b84dd27ddfb54	a64:instruction_form:ldeora-64-memop:b19b84dd27ddfb54	a64:encoding:ldeora-64-memop:b19b84dd27ddfb54	rs_value:gpr64|rt_prior:gpr64|rn:address	rs_value|rn	rt_prior	translation_regime|memory_attributes	none	none	none	none	rn=xn_or_sp;rn31=sp;rs_value=xt_or_xzr;rs_value31=constant_zero_from_xzr;rt_prior=xt_or_xzr;rt_prior31=discarded_write_to_xzr	none	xN|xzr|address64|sp	none	none	sp|xzr	normal:atomic-capable:read-modify-write	read=8;write=8	required=8;natural=8;sp_check=formula:sp_alignment_check_if_rn_is_sp	base	none	formula:memory_tagchecked_if_rn_not_sp	none	atomic-read-modify-write:8-byte-range	none	acquire	single-copy-atomic	fallthrough	preserved:delta=0	Armv8-A	FEAT_LSE	EL0..EL3	any	any	none	atomic	none	deterministic	architectural_fault:data_abort|architectural_fault:alignment_if_not_naturally_aligned|architectural_fault:sp_alignment_if_rn_is_sp_and_enabled|architectural_fault:tag_check_if_tagchecked	none	removed_if_authority_deprecates
a64:semantic:instruction_form:ldeorab-32-memop:b4674149a3966a2f	a64:instruction_form:ldeorab-32-memop:b4674149a3966a2f	a64:encoding:ldeorab-32-memop:b4674149a3966a2f	rs_value:gpr32|rt_prior:gpr32|rn:address	rs_value|rn	rt_prior	translation_regime|memory_attributes	none	none	none	none	rn=xn_or_sp;rn31=sp;rs_value=wt_or_wzr;rs_value31=constant_zero_from_wzr;rt_prior=wt_or_wzr;rt_prior31=discarded_write_to_wzr	none	wN|wzr|address64|sp	none	none	sp|wzr	normal:atomic-capable:read-modify-write	read=1;write=1	required=1;natural=1;sp_check=formula:sp_alignment_check_if_rn_is_sp	base	none	formula:memory_tagchecked_if_rn_not_sp	none	atomic-read-modify-write:1-byte-range	none	acquire	single-copy-atomic	fallthrough	preserved:delta=0	Armv8-A	FEAT_LSE	EL0..EL3	any	any	none	atomic	none	deterministic	architectural_fault:data_abort|architectural_fault:alignment_if_not_naturally_aligned|architectural_fault:sp_alignment_if_rn_is_sp_and_enabled|architectural_fault:tag_check_if_tagchecked	none	removed_if_authority_deprecates
a64:semantic:instruction_form:ldeorah-32-memop:161b73f2fbf5aefe	a64:instruction_form:ldeorah-32-memop:161b73f2fbf5aefe	a64:encoding:ldeorah-32-memop:161b73f2fbf5aefe	rs_value:gpr32|rt_prior:gpr32|rn:address	rs_value|rn	rt_prior	translation_regime|memory_attributes	none	none	none	none	rn=xn_or_sp;rn31=sp;rs_value=wt_or_wzr;rs_value31=constant_zero_from_wzr;rt_prior=wt_or_wzr;rt_prior31=discarded_write_to_wzr	none	wN|wzr|address64|sp	none	none	sp|wzr	normal:atomic-capable:read-modify-write	read=2;write=2	required=2;natural=2;sp_check=formula:sp_alignment_check_if_rn_is_sp	base	none	formula:memory_tagchecked_if_rn_not_sp	none	atomic-read-modify-write:2-byte-range	none	acquire	single-copy-atomic	fallthrough	preserved:delta=0	Armv8-A	FEAT_LSE	EL0..EL3	any	any	none	atomic	none	deterministic	architectural_fault:data_abort|architectural_fault:alignment_if_not_naturally_aligned|architectural_fault:sp_alignment_if_rn_is_sp_and_enabled|architectural_fault:tag_check_if_tagchecked	none	removed_if_authority_deprecates
a64:semantic:instruction_form:ldeoral-32-memop:695eaffefcc6c872	a64:instruction_form:ldeoral-32-memop:695eaffefcc6c872	a64:encoding:ldeoral-32-memop:695eaffefcc6c872	rs_value:gpr32|rt_prior:gpr32|rn:address	rs_value|rn	rt_prior	translation_regime|memory_attributes	none	none	none	none	rn=xn_or_sp;rn31=sp;rs_value=wt_or_wzr;rs_value31=constant_zero_from_wzr;rt_prior=wt_or_wzr;rt_prior31=discarded_write_to_wzr	none	wN|wzr|address64|sp	none	none	sp|wzr	normal:atomic-capable:read-modify-write	read=4;write=4	required=4;natural=4;sp_check=formula:sp_alignment_check_if_rn_is_sp	base	none	formula:memory_tagchecked_if_rn_not_sp	none	atomic-read-modify-write:4-byte-range	none	acqrel	single-copy-atomic	fallthrough	preserved:delta=0	Armv8-A	FEAT_LSE	EL0..EL3	any	any	none	atomic	none	deterministic	architectural_fault:data_abort|architectural_fault:alignment_if_not_naturally_aligned|architectural_fault:sp_alignment_if_rn_is_sp_and_enabled|architectural_fault:tag_check_if_tagchecked	none	removed_if_authority_deprecates
a64:semantic:instruction_form:ldeoral-64-memop:dca35d029a1f6b67	a64:instruction_form:ldeoral-64-memop:dca35d029a1f6b67	a64:encoding:ldeoral-64-memop:dca35d029a1f6b67	rs_value:gpr64|rt_prior:gpr64|rn:address	rs_value|rn	rt_prior	translation_regime|memory_attributes	none	none	none	none	rn=xn_or_sp;rn31=sp;rs_value=xt_or_xzr;rs_value31=constant_zero_from_xzr;rt_prior=xt_or_xzr;rt_prior31=discarded_write_to_xzr	none	xN|xzr|address64|sp	none	none	sp|xzr	normal:atomic-capable:read-modify-write	read=8;write=8	required=8;natural=8;sp_check=formula:sp_alignment_check_if_rn_is_sp	base	none	formula:memory_tagchecked_if_rn_not_sp	none	atomic-read-modify-write:8-byte-range	none	acqrel	single-copy-atomic	fallthrough	preserved:delta=0	Armv8-A	FEAT_LSE	EL0..EL3	any	any	none	atomic	none	deterministic	architectural_fault:data_abort|architectural_fault:alignment_if_not_naturally_aligned|architectural_fault:sp_alignment_if_rn_is_sp_and_enabled|architectural_fault:tag_check_if_tagchecked	none	removed_if_authority_deprecates
a64:semantic:instruction_form:ldeoralb-32-memop:891c1d0c4ce2c13e	a64:instruction_form:ldeoralb-32-memop:891c1d0c4ce2c13e	a64:encoding:ldeoralb-32-memop:891c1d0c4ce2c13e	rs_value:gpr32|rt_prior:gpr32|rn:address	rs_value|rn	rt_prior	translation_regime|memory_attributes	none	none	none	none	rn=xn_or_sp;rn31=sp;rs_value=wt_or_wzr;rs_value31=constant_zero_from_wzr;rt_prior=wt_or_wzr;rt_prior31=discarded_write_to_wzr	none	wN|wzr|address64|sp	none	none	sp|wzr	normal:atomic-capable:read-modify-write	read=1;write=1	required=1;natural=1;sp_check=formula:sp_alignment_check_if_rn_is_sp	base	none	formula:memory_tagchecked_if_rn_not_sp	none	atomic-read-modify-write:1-byte-range	none	acqrel	single-copy-atomic	fallthrough	preserved:delta=0	Armv8-A	FEAT_LSE	EL0..EL3	any	any	none	atomic	none	deterministic	architectural_fault:data_abort|architectural_fault:alignment_if_not_naturally_aligned|architectural_fault:sp_alignment_if_rn_is_sp_and_enabled|architectural_fault:tag_check_if_tagchecked	none	removed_if_authority_deprecates
a64:semantic:instruction_form:ldeoralh-32-memop:686e683a746d1677	a64:instruction_form:ldeoralh-32-memop:686e683a746d1677	a64:encoding:ldeoralh-32-memop:686e683a746d1677	rs_value:gpr32|rt_prior:gpr32|rn:address	rs_value|rn	rt_prior	translation_regime|memory_attributes	none	none	none	none	rn=xn_or_sp;rn31=sp;rs_value=wt_or_wzr;rs_value31=constant_zero_from_wzr;rt_prior=wt_or_wzr;rt_prior31=discarded_write_to_wzr	none	wN|wzr|address64|sp	none	none	sp|wzr	normal:atomic-capable:read-modify-write	read=2;write=2	required=2;natural=2;sp_check=formula:sp_alignment_check_if_rn_is_sp	base	none	formula:memory_tagchecked_if_rn_not_sp	none	atomic-read-modify-write:2-byte-range	none	acqrel	single-copy-atomic	fallthrough	preserved:delta=0	Armv8-A	FEAT_LSE	EL0..EL3	any	any	none	atomic	none	deterministic	architectural_fault:data_abort|architectural_fault:alignment_if_not_naturally_aligned|architectural_fault:sp_alignment_if_rn_is_sp_and_enabled|architectural_fault:tag_check_if_tagchecked	none	removed_if_authority_deprecates
a64:semantic:instruction_form:ldeorb-32-memop:5048cebe13280d11	a64:instruction_form:ldeorb-32-memop:5048cebe13280d11	a64:encoding:ldeorb-32-memop:5048cebe13280d11	rs_value:gpr32|rt_prior:gpr32|rn:address	rs_value|rn	rt_prior	translation_regime|memory_attributes	none	none	none	none	rn=xn_or_sp;rn31=sp;rs_value=wt_or_wzr;rs_value31=constant_zero_from_wzr;rt_prior=wt_or_wzr;rt_prior31=discarded_write_to_wzr	none	wN|wzr|address64|sp	none	none	sp|wzr	normal:atomic-capable:read-modify-write	read=1;write=1	required=1;natural=1;sp_check=formula:sp_alignment_check_if_rn_is_sp	base	none	formula:memory_tagchecked_if_rn_not_sp	none	atomic-read-modify-write:1-byte-range	none	relaxed	single-copy-atomic	fallthrough	preserved:delta=0	Armv8-A	FEAT_LSE	EL0..EL3	any	any	none	atomic	none	deterministic	architectural_fault:data_abort|architectural_fault:alignment_if_not_naturally_aligned|architectural_fault:sp_alignment_if_rn_is_sp_and_enabled|architectural_fault:tag_check_if_tagchecked	none	removed_if_authority_deprecates
a64:semantic:instruction_form:ldeorh-32-memop:db45e104d418d98b	a64:instruction_form:ldeorh-32-memop:db45e104d418d98b	a64:encoding:ldeorh-32-memop:db45e104d418d98b	rs_value:gpr32|rt_prior:gpr32|rn:address	rs_value|rn	rt_prior	translation_regime|memory_attributes	none	none	none	none	rn=xn_or_sp;rn31=sp;rs_value=wt_or_wzr;rs_value31=constant_zero_from_wzr;rt_prior=wt_or_wzr;rt_prior31=discarded_write_to_wzr	none	wN|wzr|address64|sp	none	none	sp|wzr	normal:atomic-capable:read-modify-write	read=2;write=2	required=2;natural=2;sp_check=formula:sp_alignment_check_if_rn_is_sp	base	none	formula:memory_tagchecked_if_rn_not_sp	none	atomic-read-modify-write:2-byte-range	none	relaxed	single-copy-atomic	fallthrough	preserved:delta=0	Armv8-A	FEAT_LSE	EL0..EL3	any	any	none	atomic	none	deterministic	architectural_fault:data_abort|architectural_fault:alignment_if_not_naturally_aligned|architectural_fault:sp_alignment_if_rn_is_sp_and_enabled|architectural_fault:tag_check_if_tagchecked	none	removed_if_authority_deprecates
a64:semantic:instruction_form:ldeorl-32-memop:3456a90ff8ed283b	a64:instruction_form:ldeorl-32-memop:3456a90ff8ed283b	a64:encoding:ldeorl-32-memop:3456a90ff8ed283b	rs_value:gpr32|rt_prior:gpr32|rn:address	rs_value|rn	rt_prior	translation_regime|memory_attributes	none	none	none	none	rn=xn_or_sp;rn31=sp;rs_value=wt_or_wzr;rs_value31=constant_zero_from_wzr;rt_prior=wt_or_wzr;rt_prior31=discarded_write_to_wzr	none	wN|wzr|address64|sp	none	none	sp|wzr	normal:atomic-capable:read-modify-write	read=4;write=4	required=4;natural=4;sp_check=formula:sp_alignment_check_if_rn_is_sp	base	none	formula:memory_tagchecked_if_rn_not_sp	none	atomic-read-modify-write:4-byte-range	none	release	single-copy-atomic	fallthrough	preserved:delta=0	Armv8-A	FEAT_LSE	EL0..EL3	any	any	none	atomic	none	deterministic	architectural_fault:data_abort|architectural_fault:alignment_if_not_naturally_aligned|architectural_fault:sp_alignment_if_rn_is_sp_and_enabled|architectural_fault:tag_check_if_tagchecked	none	removed_if_authority_deprecates
a64:semantic:instruction_form:ldeorl-64-memop:c770696545a95e4d	a64:instruction_form:ldeorl-64-memop:c770696545a95e4d	a64:encoding:ldeorl-64-memop:c770696545a95e4d	rs_value:gpr64|rt_prior:gpr64|rn:address	rs_value|rn	rt_prior	translation_regime|memory_attributes	none	none	none	none	rn=xn_or_sp;rn31=sp;rs_value=xt_or_xzr;rs_value31=constant_zero_from_xzr;rt_prior=xt_or_xzr;rt_prior31=discarded_write_to_xzr	none	xN|xzr|address64|sp	none	none	sp|xzr	normal:atomic-capable:read-modify-write	read=8;write=8	required=8;natural=8;sp_check=formula:sp_alignment_check_if_rn_is_sp	base	none	formula:memory_tagchecked_if_rn_not_sp	none	atomic-read-modify-write:8-byte-range	none	release	single-copy-atomic	fallthrough	preserved:delta=0	Armv8-A	FEAT_LSE	EL0..EL3	any	any	none	atomic	none	deterministic	architectural_fault:data_abort|architectural_fault:alignment_if_not_naturally_aligned|architectural_fault:sp_alignment_if_rn_is_sp_and_enabled|architectural_fault:tag_check_if_tagchecked	none	removed_if_authority_deprecates
a64:semantic:instruction_form:ldeorlb-32-memop:f21598500ed776fa	a64:instruction_form:ldeorlb-32-memop:f21598500ed776fa	a64:encoding:ldeorlb-32-memop:f21598500ed776fa	rs_value:gpr32|rt_prior:gpr32|rn:address	rs_value|rn	rt_prior	translation_regime|memory_attributes	none	none	none	none	rn=xn_or_sp;rn31=sp;rs_value=wt_or_wzr;rs_value31=constant_zero_from_wzr;rt_prior=wt_or_wzr;rt_prior31=discarded_write_to_wzr	none	wN|wzr|address64|sp	none	none	sp|wzr	normal:atomic-capable:read-modify-write	read=1;write=1	required=1;natural=1;sp_check=formula:sp_alignment_check_if_rn_is_sp	base	none	formula:memory_tagchecked_if_rn_not_sp	none	atomic-read-modify-write:1-byte-range	none	release	single-copy-atomic	fallthrough	preserved:delta=0	Armv8-A	FEAT_LSE	EL0..EL3	any	any	none	atomic	none	deterministic	architectural_fault:data_abort|architectural_fault:alignment_if_not_naturally_aligned|architectural_fault:sp_alignment_if_rn_is_sp_and_enabled|architectural_fault:tag_check_if_tagchecked	none	removed_if_authority_deprecates
a64:semantic:instruction_form:ldeorlh-32-memop:ccd91116847c59e9	a64:instruction_form:ldeorlh-32-memop:ccd91116847c59e9	a64:encoding:ldeorlh-32-memop:ccd91116847c59e9	rs_value:gpr32|rt_prior:gpr32|rn:address	rs_value|rn	rt_prior	translation_regime|memory_attributes	none	none	none	none	rn=xn_or_sp;rn31=sp;rs_value=wt_or_wzr;rs_value31=constant_zero_from_wzr;rt_prior=wt_or_wzr;rt_prior31=discarded_write_to_wzr	none	wN|wzr|address64|sp	none	none	sp|wzr	normal:atomic-capable:read-modify-write	read=2;write=2	required=2;natural=2;sp_check=formula:sp_alignment_check_if_rn_is_sp	base	none	formula:memory_tagchecked_if_rn_not_sp	none	atomic-read-modify-write:2-byte-range	none	release	single-copy-atomic	fallthrough	preserved:delta=0	Armv8-A	FEAT_LSE	EL0..EL3	any	any	none	atomic	none	deterministic	architectural_fault:data_abort|architectural_fault:alignment_if_not_naturally_aligned|architectural_fault:sp_alignment_if_rn_is_sp_and_enabled|architectural_fault:tag_check_if_tagchecked	none	removed_if_authority_deprecates
a64:semantic:instruction_form:ldnp-32-ldstnapair-offs:e78b8efe94cbe957	a64:instruction_form:ldnp-32-ldstnapair-offs:e78b8efe94cbe957	a64:encoding:ldnp-32-ldstnapair-offs:e78b8efe94cbe957	rt:wN|rt2:wN|rn:address|offset:signed_scaled7	rn	rt|rt2	translation_regime|memory_attributes	none	none	none	none	rn=xn_or_sp;rn31=sp;rt=wt_or_wzr;rt31=discarded_write_to_wzr;rt2=wt_or_wzr;rt2_31=discarded_write_to_wzr	reject_if:rt==rt2	wN|wzr|address64|sp	none	none	sp|wzr	translation-selected-normal-or-device:read:non-temporal-hint	read0=4@effective_address;read1=4@effective_address+4	required=1;natural=4;sp_check=formula:sp_alignment_check_if_rn_is_sp	base+signed_scaled_offset	none	formula:memory_tagchecked_if_rn_not_sp	none	two-element-accesses:not-one-range-atomic	none	relaxed	immediate	fallthrough	preserved:delta=0	Armv8-A	base	EL0..EL3	any	any	none	none	none	deterministic	architectural_fault:data_abort|architectural_fault:alignment_if_required_by_sctlr_or_memory_type|architectural_fault:sp_alignment_if_rn_is_sp_and_enabled|architectural_fault:tag_check_if_tagchecked	none	removed_if_authority_deprecates
a64:semantic:instruction_form:ldnp-64-ldstnapair-offs:b7ec3b6c0f47646b	a64:instruction_form:ldnp-64-ldstnapair-offs:b7ec3b6c0f47646b	a64:encoding:ldnp-64-ldstnapair-offs:b7ec3b6c0f47646b	rt:xN|rt2:xN|rn:address|offset:signed_scaled7	rn	rt|rt2	translation_regime|memory_attributes	none	none	none	none	rn=xn_or_sp;rn31=sp;rt=xt_or_xzr;rt31=discarded_write_to_xzr;rt2=xt_or_xzr;rt2_31=discarded_write_to_xzr	reject_if:rt==rt2	xN|xzr|address64|sp	none	none	sp|xzr	translation-selected-normal-or-device:read:non-temporal-hint	read0=8@effective_address;read1=8@effective_address+8	required=1;natural=8;sp_check=formula:sp_alignment_check_if_rn_is_sp	base+signed_scaled_offset	none	formula:memory_tagchecked_if_rn_not_sp	none	two-element-accesses:not-one-range-atomic	none	relaxed	immediate	fallthrough	preserved:delta=0	Armv8-A	base	EL0..EL3	any	any	none	none	none	deterministic	architectural_fault:data_abort|architectural_fault:alignment_if_required_by_sctlr_or_memory_type|architectural_fault:sp_alignment_if_rn_is_sp_and_enabled|architectural_fault:tag_check_if_tagchecked	none	removed_if_authority_deprecates
a64:semantic:instruction_form:ldnp-d-ldstnapair-offs:2d6e061eea678c95	a64:instruction_form:ldnp-d-ldstnapair-offs:2d6e061eea678c95	a64:encoding:ldnp-d-ldstnapair-offs:2d6e061eea678c95	rt:dN|rt2:dN|rn:address|offset:signed_scaled7	rn	rt|rt2	translation_regime|memory_attributes|fp_access_control|streaming_state	none	none	none	none	rn=xn_or_sp;rn31=sp	reject_if:rt==rt2	dN|address64|sp	none	none	sp	translation-selected-normal-or-device:read:non-temporal-hint	read0=8@effective_address;read1=8@effective_address+8	required=1;natural=8;sp_check=formula:sp_alignment_check_if_rn_is_sp	base+signed_scaled_offset	none	formula:memory_tagchecked_if_rn_not_sp	none	two-element-accesses:not-one-range-atomic	none	relaxed	immediate	fallthrough	preserved:delta=0	Armv8-A	FEAT_FP	EL0..EL3	any	formula:simd_streaming_gate	none	none	fp_simd_access_enabled	deterministic	architectural_fault:data_abort|architectural_fault:alignment_if_required_by_sctlr_or_memory_type|architectural_fault:sp_alignment_if_rn_is_sp_and_enabled|architectural_fault:tag_check_if_tagchecked|architectural_fault:fp_simd_access_trap	none	removed_if_authority_deprecates
a64:semantic:instruction_form:ldnp-s-ldstnapair-offs:2398a394ed8c78a2	a64:instruction_form:ldnp-s-ldstnapair-offs:2398a394ed8c78a2	a64:encoding:ldnp-s-ldstnapair-offs:2398a394ed8c78a2	rt:sN|rt2:sN|rn:address|offset:signed_scaled7	rn	rt|rt2	translation_regime|memory_attributes|fp_access_control|streaming_state	none	none	none	none	rn=xn_or_sp;rn31=sp	reject_if:rt==rt2	sN|address64|sp	none	none	sp	translation-selected-normal-or-device:read:non-temporal-hint	read0=4@effective_address;read1=4@effective_address+4	required=1;natural=4;sp_check=formula:sp_alignment_check_if_rn_is_sp	base+signed_scaled_offset	none	formula:memory_tagchecked_if_rn_not_sp	none	two-element-accesses:not-one-range-atomic	none	relaxed	immediate	fallthrough	preserved:delta=0	Armv8-A	FEAT_FP	EL0..EL3	any	formula:simd_streaming_gate	none	none	fp_simd_access_enabled	deterministic	architectural_fault:data_abort|architectural_fault:alignment_if_required_by_sctlr_or_memory_type|architectural_fault:sp_alignment_if_rn_is_sp_and_enabled|architectural_fault:tag_check_if_tagchecked|architectural_fault:fp_simd_access_trap	none	removed_if_authority_deprecates
a64:semantic:instruction_form:ldp-64-ldstpair-off:99d67b295cd1ef95	a64:instruction_form:ldp-64-ldstpair-off:99d67b295cd1ef95	a64:encoding:ldp-64-ldstpair-off:99d67b295cd1ef95	rt:xN|rt2:xN|rn:address|offset:signed_scaled7	rn	rt|rt2	translation_regime|memory_attributes	none	none	none	none	rn=xn_or_sp;rn31=sp;rt=xt_or_xzr;rt31=discarded_write_to_xzr;rt2=xt_or_xzr;rt2_31=discarded_write_to_xzr	reject_if:rt==rt2	xN|xzr|address64|sp	none	none	sp|xzr	translation-selected-normal-or-device:read	read0=8@effective_address;read1=8@effective_address+8	required=1;natural=8;sp_check=formula:sp_alignment_check_if_rn_is_sp	base+signed_scaled_offset	none	formula:memory_tagchecked_if_rn_not_sp	none	two-element-accesses:not-one-range-atomic	none	relaxed	immediate	fallthrough	preserved:delta=0	Armv8-A	base	EL0..EL3	any	any	none	none	none	deterministic	architectural_fault:data_abort|architectural_fault:alignment_if_required_by_sctlr_or_memory_type|architectural_fault:sp_alignment_if_rn_is_sp_and_enabled|architectural_fault:tag_check_if_tagchecked	none	removed_if_authority_deprecates
a64:semantic:instruction_form:ldp-64-ldstpair-post:829799c7bf77b94e	a64:instruction_form:ldp-64-ldstpair-post:829799c7bf77b94e	a64:encoding:ldp-64-ldstpair-post:829799c7bf77b94e	rt:xN|rt2:xN|rn:address|offset:signed_scaled7	rn	rt|rt2|rn	translation_regime|memory_attributes	none	rn=read_write	rn	none	rn=xn_or_sp;rn31=sp;rt=xt_or_xzr;rt31=discarded_write_to_xzr;rt2=xt_or_xzr;rt2_31=discarded_write_to_xzr	reject_if:rt==rt2;reject_if:rn==rt&&rn!=31;reject_if:rn==rt2&&rn!=31	xN|xzr|address64|sp	none	none	sp|xzr	translation-selected-normal-or-device:read	read0=8@effective_address;read1=8@effective_address+8	required=1;natural=8;sp_check=formula:sp_alignment_check_if_rn_is_sp	base+signed_postindex	after_access	formula:memory_tagchecked_if_writeback_or_rn_not_sp	none	two-element-accesses:not-one-range-atomic	none	relaxed	immediate	fallthrough	formula:writeback_stack_delta_if_rn_is_sp	Armv8-A	base	EL0..EL3	any	any	none	none	none	deterministic	architectural_fault:data_abort|architectural_fault:alignment_if_required_by_sctlr_or_memory_type|architectural_fault:sp_alignment_if_rn_is_sp_and_enabled|architectural_fault:tag_check_if_tagchecked	none	removed_if_authority_deprecates
a64:semantic:instruction_form:ldp-64-ldstpair-pre:adfc6f3f5983205a	a64:instruction_form:ldp-64-ldstpair-pre:adfc6f3f5983205a	a64:encoding:ldp-64-ldstpair-pre:adfc6f3f5983205a	rt:xN|rt2:xN|rn:address|offset:signed_scaled7	rn	rt|rt2|rn	translation_regime|memory_attributes	none	rn=read_write	rn	none	rn=xn_or_sp;rn31=sp;rt=xt_or_xzr;rt31=discarded_write_to_xzr;rt2=xt_or_xzr;rt2_31=discarded_write_to_xzr	reject_if:rt==rt2;reject_if:rn==rt&&rn!=31;reject_if:rn==rt2&&rn!=31	xN|xzr|address64|sp	none	none	sp|xzr	translation-selected-normal-or-device:read	read0=8@effective_address;read1=8@effective_address+8	required=1;natural=8;sp_check=formula:sp_alignment_check_if_rn_is_sp	base+signed_preindex	before_access	formula:memory_tagchecked_if_writeback_or_rn_not_sp	none	two-element-accesses:not-one-range-atomic	none	relaxed	immediate	fallthrough	formula:writeback_stack_delta_if_rn_is_sp	Armv8-A	base	EL0..EL3	any	any	none	none	none	deterministic	architectural_fault:data_abort|architectural_fault:alignment_if_required_by_sctlr_or_memory_type|architectural_fault:sp_alignment_if_rn_is_sp_and_enabled|architectural_fault:tag_check_if_tagchecked	none	removed_if_authority_deprecates
a64:semantic:instruction_form:ldr-32-ldst-immpost:2eeff0141a8797dc	a64:instruction_form:ldr-32-ldst-immpost:2eeff0141a8797dc	a64:encoding:ldr-32-ldst-immpost:2eeff0141a8797dc	rt:wN|rn:address|offset:signed9	rn	rt|rn	translation_regime|memory_attributes	none	rn=read_write	rn	none	rn=xn_or_sp;rn31=sp;rt=wt_or_wzr;rt31=discarded_write_to_wzr	reject_if:rn==rt&&rn!=31	wN|wzr|address64|sp	none	none	sp|wzr	translation-selected-normal-or-device:read	read=4	required=1;natural=4;sp_check=formula:sp_alignment_check_if_rn_is_sp	base+signed_postindex	after_access	formula:memory_tagchecked_if_writeback_or_rn_not_sp	none	single-copy-atomic-if-naturally-aligned:4-byte-element	none	relaxed	immediate	fallthrough	formula:writeback_stack_delta_if_rn_is_sp	Armv8-A	base	EL0..EL3	any	any	none	none	none	deterministic	architectural_fault:data_abort|architectural_fault:alignment_if_required_by_sctlr_or_memory_type|architectural_fault:sp_alignment_if_rn_is_sp_and_enabled|architectural_fault:tag_check_if_tagchecked	none	removed_if_authority_deprecates
a64:semantic:instruction_form:ldr-32-ldst-immpre:3503af7eadd2beff	a64:instruction_form:ldr-32-ldst-immpre:3503af7eadd2beff	a64:encoding:ldr-32-ldst-immpre:3503af7eadd2beff	rt:wN|rn:address|offset:signed9	rn	rt|rn	translation_regime|memory_attributes	none	rn=read_write	rn	none	rn=xn_or_sp;rn31=sp;rt=wt_or_wzr;rt31=discarded_write_to_wzr	reject_if:rn==rt&&rn!=31	wN|wzr|address64|sp	none	none	sp|wzr	translation-selected-normal-or-device:read	read=4	required=1;natural=4;sp_check=formula:sp_alignment_check_if_rn_is_sp	base+signed_preindex	before_access	formula:memory_tagchecked_if_writeback_or_rn_not_sp	none	single-copy-atomic-if-naturally-aligned:4-byte-element	none	relaxed	immediate	fallthrough	formula:writeback_stack_delta_if_rn_is_sp	Armv8-A	base	EL0..EL3	any	any	none	none	none	deterministic	architectural_fault:data_abort|architectural_fault:alignment_if_required_by_sctlr_or_memory_type|architectural_fault:sp_alignment_if_rn_is_sp_and_enabled|architectural_fault:tag_check_if_tagchecked	none	removed_if_authority_deprecates
a64:semantic:instruction_form:ldr-32-ldst-pos:5c320da6c1bf8f3a	a64:instruction_form:ldr-32-ldst-pos:5c320da6c1bf8f3a	a64:encoding:ldr-32-ldst-pos:5c320da6c1bf8f3a	rt:wN|rn:address|offset:scaled_unsigned12	rn	rt	translation_regime|memory_attributes	none	none	none	none	rn=xn_or_sp;rn31=sp;rt=wt_or_wzr;rt31=discarded_write_to_wzr	none	wN|wzr|address64|sp	none	none	sp|wzr	translation-selected-normal-or-device:read	read=4	required=1;natural=4;sp_check=formula:sp_alignment_check_if_rn_is_sp	base+scaled_unsigned_offset	none	formula:memory_tagchecked_if_rn_not_sp	none	single-copy-atomic-if-naturally-aligned:4-byte-element	none	relaxed	immediate	fallthrough	preserved:delta=0	Armv8-A	base	EL0..EL3	any	any	none	none	none	deterministic	architectural_fault:data_abort|architectural_fault:alignment_if_required_by_sctlr_or_memory_type|architectural_fault:sp_alignment_if_rn_is_sp_and_enabled|architectural_fault:tag_check_if_tagchecked	none	removed_if_authority_deprecates
a64:semantic:instruction_form:ldr-64-ldst-immpost:c430af593dec66b1	a64:instruction_form:ldr-64-ldst-immpost:c430af593dec66b1	a64:encoding:ldr-64-ldst-immpost:c430af593dec66b1	rt:xN|rn:address|offset:signed9	rn	rt|rn	translation_regime|memory_attributes	none	rn=read_write	rn	none	rn=xn_or_sp;rn31=sp;rt=xt_or_xzr;rt31=discarded_write_to_xzr	reject_if:rn==rt&&rn!=31	xN|xzr|address64|sp	none	none	sp|xzr	translation-selected-normal-or-device:read	read=8	required=1;natural=8;sp_check=formula:sp_alignment_check_if_rn_is_sp	base+signed_postindex	after_access	formula:memory_tagchecked_if_writeback_or_rn_not_sp	none	single-copy-atomic-if-naturally-aligned:8-byte-element	none	relaxed	immediate	fallthrough	formula:writeback_stack_delta_if_rn_is_sp	Armv8-A	base	EL0..EL3	any	any	none	none	none	deterministic	architectural_fault:data_abort|architectural_fault:alignment_if_required_by_sctlr_or_memory_type|architectural_fault:sp_alignment_if_rn_is_sp_and_enabled|architectural_fault:tag_check_if_tagchecked	none	removed_if_authority_deprecates
a64:semantic:instruction_form:ldr-64-ldst-immpre:7c908eda6d5c8695	a64:instruction_form:ldr-64-ldst-immpre:7c908eda6d5c8695	a64:encoding:ldr-64-ldst-immpre:7c908eda6d5c8695	rt:xN|rn:address|offset:signed9	rn	rt|rn	translation_regime|memory_attributes	none	rn=read_write	rn	none	rn=xn_or_sp;rn31=sp;rt=xt_or_xzr;rt31=discarded_write_to_xzr	reject_if:rn==rt&&rn!=31	xN|xzr|address64|sp	none	none	sp|xzr	translation-selected-normal-or-device:read	read=8	required=1;natural=8;sp_check=formula:sp_alignment_check_if_rn_is_sp	base+signed_preindex	before_access	formula:memory_tagchecked_if_writeback_or_rn_not_sp	none	single-copy-atomic-if-naturally-aligned:8-byte-element	none	relaxed	immediate	fallthrough	formula:writeback_stack_delta_if_rn_is_sp	Armv8-A	base	EL0..EL3	any	any	none	none	none	deterministic	architectural_fault:data_abort|architectural_fault:alignment_if_required_by_sctlr_or_memory_type|architectural_fault:sp_alignment_if_rn_is_sp_and_enabled|architectural_fault:tag_check_if_tagchecked	none	removed_if_authority_deprecates
a64:semantic:instruction_form:ldr-64-ldst-pos:4df4b55f398640ec	a64:instruction_form:ldr-64-ldst-pos:4df4b55f398640ec	a64:encoding:ldr-64-ldst-pos:4df4b55f398640ec	rt:xN|rn:address|offset:scaled_unsigned12	rn	rt	translation_regime|memory_attributes	none	none	none	none	rn=xn_or_sp;rn31=sp;rt=xt_or_xzr;rt31=discarded_write_to_xzr	none	xN|xzr|address64|sp	none	none	sp|xzr	translation-selected-normal-or-device:read	read=8	required=1;natural=8;sp_check=formula:sp_alignment_check_if_rn_is_sp	base+scaled_unsigned_offset	none	formula:memory_tagchecked_if_rn_not_sp	none	single-copy-atomic-if-naturally-aligned:8-byte-element	none	relaxed	immediate	fallthrough	preserved:delta=0	Armv8-A	base	EL0..EL3	any	any	none	none	none	deterministic	architectural_fault:data_abort|architectural_fault:alignment_if_required_by_sctlr_or_memory_type|architectural_fault:sp_alignment_if_rn_is_sp_and_enabled|architectural_fault:tag_check_if_tagchecked	none	removed_if_authority_deprecates
a64:semantic:instruction_form:ldr-64-ldst-regoff:6141c1e2a926b1f6	a64:instruction_form:ldr-64-ldst-regoff:6141c1e2a926b1f6	a64:encoding:ldr-64-ldst-regoff:6141c1e2a926b1f6	rt:xN|rn:address|rm:gpr64|amount:u1	rn|rm	rt	translation_regime|memory_attributes	none	none	none	none	rn=xn_or_sp;rn31=sp;option=lsl_64;rt=xt_or_xzr;rt31=discarded_write_to_xzr	none	xN|xzr|address64|xN|xzr|wN|wzr|sp	none	none	sp|xzr|xzr|wzr	translation-selected-normal-or-device:read	read=8	required=1;natural=8;sp_check=formula:sp_alignment_check_if_rn_is_sp	base+register_offset	none	formula:memory_tagchecked_if_rn_not_sp	none	single-copy-atomic-if-naturally-aligned:8-byte-element	none	relaxed	immediate	fallthrough	preserved:delta=0	Armv8-A	base	EL0..EL3	any	any	none	none	none	deterministic	architectural_fault:data_abort|architectural_fault:alignment_if_required_by_sctlr_or_memory_type|architectural_fault:sp_alignment_if_rn_is_sp_and_enabled|architectural_fault:tag_check_if_tagchecked	none	removed_if_authority_deprecates
a64:semantic:instruction_form:ldr-d-ldst-pos:5c5ff06020fcddbb	a64:instruction_form:ldr-d-ldst-pos:5c5ff06020fcddbb	a64:encoding:ldr-d-ldst-pos:5c5ff06020fcddbb	rt:dN|rn:address|offset:scaled_unsigned12	rn	rt	translation_regime|memory_attributes|fp_access_control|streaming_state	none	none	none	none	rn=xn_or_sp;rn31=sp	none	dN|address64|sp	none	none	sp	translation-selected-normal-or-device:read	read=8	required=1;natural=8;sp_check=formula:sp_alignment_check_if_rn_is_sp	base+scaled_unsigned_offset	none	formula:memory_tagchecked_if_rn_not_sp	none	single-copy-atomic-if-naturally-aligned:8-byte-element	none	relaxed	immediate	fallthrough	preserved:delta=0	Armv8-A	FEAT_FP	EL0..EL3	any	formula:simd_streaming_gate	none	none	fp_simd_access_enabled	deterministic	architectural_fault:data_abort|architectural_fault:alignment_if_required_by_sctlr_or_memory_type|architectural_fault:sp_alignment_if_rn_is_sp_and_enabled|architectural_fault:tag_check_if_tagchecked|architectural_fault:fp_simd_access_trap	none	removed_if_authority_deprecates
a64:semantic:instruction_form:ldr-q-ldst-pos:f31e6ed348a2b260	a64:instruction_form:ldr-q-ldst-pos:f31e6ed348a2b260	a64:encoding:ldr-q-ldst-pos:f31e6ed348a2b260	rt:qN|rn:address|offset:scaled_unsigned12	rn	rt	translation_regime|memory_attributes|fp_access_control|streaming_state	none	none	none	none	rn=xn_or_sp;rn31=sp	none	qN|address64|sp	none	none	sp	translation-selected-normal-or-device:read	read=16	required=1;natural=16;sp_check=formula:sp_alignment_check_if_rn_is_sp	base+scaled_unsigned_offset	none	formula:memory_tagchecked_if_rn_not_sp	none	not-guaranteed-single-copy-atomic	none	relaxed	immediate	fallthrough	preserved:delta=0	Armv8-A	FEAT_FP	EL0..EL3	any	formula:simd_streaming_gate	none	none	fp_simd_access_enabled	deterministic	architectural_fault:data_abort|architectural_fault:alignment_if_required_by_sctlr_or_memory_type|architectural_fault:sp_alignment_if_rn_is_sp_and_enabled|architectural_fault:tag_check_if_tagchecked|architectural_fault:fp_simd_access_trap	none	removed_if_authority_deprecates
a64:semantic:instruction_form:ldr-s-ldst-pos:2d059f42f50281c2	a64:instruction_form:ldr-s-ldst-pos:2d059f42f50281c2	a64:encoding:ldr-s-ldst-pos:2d059f42f50281c2	rt:sN|rn:address|offset:scaled_unsigned12	rn	rt	translation_regime|memory_attributes|fp_access_control|streaming_state	none	none	none	none	rn=xn_or_sp;rn31=sp	none	sN|address64|sp	none	none	sp	translation-selected-normal-or-device:read	read=4	required=1;natural=4;sp_check=formula:sp_alignment_check_if_rn_is_sp	base+scaled_unsigned_offset	none	formula:memory_tagchecked_if_rn_not_sp	none	single-copy-atomic-if-naturally-aligned:4-byte-element	none	relaxed	immediate	fallthrough	preserved:delta=0	Armv8-A	FEAT_FP	EL0..EL3	any	formula:simd_streaming_gate	none	none	fp_simd_access_enabled	deterministic	architectural_fault:data_abort|architectural_fault:alignment_if_required_by_sctlr_or_memory_type|architectural_fault:sp_alignment_if_rn_is_sp_and_enabled|architectural_fault:tag_check_if_tagchecked|architectural_fault:fp_simd_access_trap	none	removed_if_authority_deprecates
a64:semantic:instruction_form:ldrb-32-ldst-pos:09268d27ac751060	a64:instruction_form:ldrb-32-ldst-pos:09268d27ac751060	a64:encoding:ldrb-32-ldst-pos:09268d27ac751060	rt:wN|rn:address|offset:scaled_unsigned12	rn	rt	translation_regime|memory_attributes	none	none	none	none	rn=xn_or_sp;rn31=sp;rt=wt_or_wzr;rt31=discarded_write_to_wzr	none	wN|wzr|address64|sp	none	none	sp|wzr	translation-selected-normal-or-device:read	read=1	required=1;natural=1;sp_check=formula:sp_alignment_check_if_rn_is_sp	base+scaled_unsigned_offset	none	formula:memory_tagchecked_if_rn_not_sp	none	single-copy-atomic-if-naturally-aligned:1-byte-element	none	relaxed	immediate	fallthrough	preserved:delta=0	Armv8-A	base	EL0..EL3	any	any	none	none	none	deterministic	architectural_fault:data_abort|architectural_fault:alignment_if_required_by_sctlr_or_memory_type|architectural_fault:sp_alignment_if_rn_is_sp_and_enabled|architectural_fault:tag_check_if_tagchecked	none	removed_if_authority_deprecates
a64:semantic:instruction_form:ldrb-32bl-ldst-regoff:dcd523e5380f1316	a64:instruction_form:ldrb-32bl-ldst-regoff:dcd523e5380f1316	a64:encoding:ldrb-32bl-ldst-regoff:dcd523e5380f1316	rt:wN|rn:address|rm:gpr64|amount:u1	rn|rm	rt	translation_regime|memory_attributes	none	none	none	none	rn=xn_or_sp;rn31=sp;option=lsl_64;rt=wt_or_wzr;rt31=discarded_write_to_wzr	none	wN|wzr|address64|xN|xzr|sp	none	none	sp|wzr|xzr	translation-selected-normal-or-device:read	read=1	required=1;natural=1;sp_check=formula:sp_alignment_check_if_rn_is_sp	base+register_offset	none	formula:memory_tagchecked_if_rn_not_sp	none	single-copy-atomic-if-naturally-aligned:1-byte-element	none	relaxed	immediate	fallthrough	preserved:delta=0	Armv8-A	base	EL0..EL3	any	any	none	none	none	deterministic	architectural_fault:data_abort|architectural_fault:alignment_if_required_by_sctlr_or_memory_type|architectural_fault:sp_alignment_if_rn_is_sp_and_enabled|architectural_fault:tag_check_if_tagchecked	none	removed_if_authority_deprecates
a64:semantic:instruction_form:ldrh-32-ldst-pos:5625f6973ef917f3	a64:instruction_form:ldrh-32-ldst-pos:5625f6973ef917f3	a64:encoding:ldrh-32-ldst-pos:5625f6973ef917f3	rt:wN|rn:address|offset:scaled_unsigned12	rn	rt	translation_regime|memory_attributes	none	none	none	none	rn=xn_or_sp;rn31=sp;rt=wt_or_wzr;rt31=discarded_write_to_wzr	none	wN|wzr|address64|sp	none	none	sp|wzr	translation-selected-normal-or-device:read	read=2	required=1;natural=2;sp_check=formula:sp_alignment_check_if_rn_is_sp	base+scaled_unsigned_offset	none	formula:memory_tagchecked_if_rn_not_sp	none	single-copy-atomic-if-naturally-aligned:2-byte-element	none	relaxed	immediate	fallthrough	preserved:delta=0	Armv8-A	base	EL0..EL3	any	any	none	none	none	deterministic	architectural_fault:data_abort|architectural_fault:alignment_if_required_by_sctlr_or_memory_type|architectural_fault:sp_alignment_if_rn_is_sp_and_enabled|architectural_fault:tag_check_if_tagchecked	none	removed_if_authority_deprecates
a64:semantic:instruction_form:ldrsb-64-ldst-pos:9cbc9f3a52da7fbe	a64:instruction_form:ldrsb-64-ldst-pos:9cbc9f3a52da7fbe	a64:encoding:ldrsb-64-ldst-pos:9cbc9f3a52da7fbe	rt:xN|rn:address|offset:scaled_unsigned12	rn	rt	translation_regime|memory_attributes	none	none	none	none	rn=xn_or_sp;rn31=sp;rt=xt_or_xzr;rt31=discarded_write_to_xzr	none	xN|xzr|address64|sp	none	none	sp|xzr	translation-selected-normal-or-device:read	read=1	required=1;natural=1;sp_check=formula:sp_alignment_check_if_rn_is_sp	base+scaled_unsigned_offset	none	formula:memory_tagchecked_if_rn_not_sp	none	single-copy-atomic-if-naturally-aligned:1-byte-element	none	relaxed	immediate	fallthrough	preserved:delta=0	Armv8-A	base	EL0..EL3	any	any	none	none	none	deterministic	architectural_fault:data_abort|architectural_fault:alignment_if_required_by_sctlr_or_memory_type|architectural_fault:sp_alignment_if_rn_is_sp_and_enabled|architectural_fault:tag_check_if_tagchecked	none	removed_if_authority_deprecates
a64:semantic:instruction_form:ldrsh-64-ldst-pos:05551dc6ee7c0aeb	a64:instruction_form:ldrsh-64-ldst-pos:05551dc6ee7c0aeb	a64:encoding:ldrsh-64-ldst-pos:05551dc6ee7c0aeb	rt:xN|rn:address|offset:scaled_unsigned12	rn	rt	translation_regime|memory_attributes	none	none	none	none	rn=xn_or_sp;rn31=sp;rt=xt_or_xzr;rt31=discarded_write_to_xzr	none	xN|xzr|address64|sp	none	none	sp|xzr	translation-selected-normal-or-device:read	read=2	required=1;natural=2;sp_check=formula:sp_alignment_check_if_rn_is_sp	base+scaled_unsigned_offset	none	formula:memory_tagchecked_if_rn_not_sp	none	single-copy-atomic-if-naturally-aligned:2-byte-element	none	relaxed	immediate	fallthrough	preserved:delta=0	Armv8-A	base	EL0..EL3	any	any	none	none	none	deterministic	architectural_fault:data_abort|architectural_fault:alignment_if_required_by_sctlr_or_memory_type|architectural_fault:sp_alignment_if_rn_is_sp_and_enabled|architectural_fault:tag_check_if_tagchecked	none	removed_if_authority_deprecates
a64:semantic:instruction_form:ldrsw-64-ldst-pos:a320435bd3801acf	a64:instruction_form:ldrsw-64-ldst-pos:a320435bd3801acf	a64:encoding:ldrsw-64-ldst-pos:a320435bd3801acf	rt:xN|rn:address|offset:scaled_unsigned12	rn	rt	translation_regime|memory_attributes	none	none	none	none	rn=xn_or_sp;rn31=sp;rt=xt_or_xzr;rt31=discarded_write_to_xzr	none	xN|xzr|address64|sp	none	none	sp|xzr	translation-selected-normal-or-device:read	read=4	required=1;natural=4;sp_check=formula:sp_alignment_check_if_rn_is_sp	base+scaled_unsigned_offset	none	formula:memory_tagchecked_if_rn_not_sp	none	single-copy-atomic-if-naturally-aligned:4-byte-element	none	relaxed	immediate	fallthrough	preserved:delta=0	Armv8-A	base	EL0..EL3	any	any	none	none	none	deterministic	architectural_fault:data_abort|architectural_fault:alignment_if_required_by_sctlr_or_memory_type|architectural_fault:sp_alignment_if_rn_is_sp_and_enabled|architectural_fault:tag_check_if_tagchecked	none	removed_if_authority_deprecates
a64:semantic:instruction_form:ldset-32-memop:fb2ad3255eb245f4	a64:instruction_form:ldset-32-memop:fb2ad3255eb245f4	a64:encoding:ldset-32-memop:fb2ad3255eb245f4	rs_value:gpr32|rt_prior:gpr32|rn:address	rs_value|rn	rt_prior	translation_regime|memory_attributes	none	none	none	none	rn=xn_or_sp;rn31=sp;rs_value=wt_or_wzr;rs_value31=constant_zero_from_wzr;rt_prior=wt_or_wzr;rt_prior31=discarded_write_to_wzr	none	wN|wzr|address64|sp	none	none	sp|wzr	normal:atomic-capable:read-modify-write	read=4;write=4	required=4;natural=4;sp_check=formula:sp_alignment_check_if_rn_is_sp	base	none	formula:memory_tagchecked_if_rn_not_sp	none	atomic-read-modify-write:4-byte-range	none	relaxed	single-copy-atomic	fallthrough	preserved:delta=0	Armv8-A	FEAT_LSE	EL0..EL3	any	any	none	atomic	none	deterministic	architectural_fault:data_abort|architectural_fault:alignment_if_not_naturally_aligned|architectural_fault:sp_alignment_if_rn_is_sp_and_enabled|architectural_fault:tag_check_if_tagchecked	none	removed_if_authority_deprecates
a64:semantic:instruction_form:ldset-64-memop:3f361c3a3ec4d2c1	a64:instruction_form:ldset-64-memop:3f361c3a3ec4d2c1	a64:encoding:ldset-64-memop:3f361c3a3ec4d2c1	rs_value:gpr64|rt_prior:gpr64|rn:address	rs_value|rn	rt_prior	translation_regime|memory_attributes	none	none	none	none	rn=xn_or_sp;rn31=sp;rs_value=xt_or_xzr;rs_value31=constant_zero_from_xzr;rt_prior=xt_or_xzr;rt_prior31=discarded_write_to_xzr	none	xN|xzr|address64|sp	none	none	sp|xzr	normal:atomic-capable:read-modify-write	read=8;write=8	required=8;natural=8;sp_check=formula:sp_alignment_check_if_rn_is_sp	base	none	formula:memory_tagchecked_if_rn_not_sp	none	atomic-read-modify-write:8-byte-range	none	relaxed	single-copy-atomic	fallthrough	preserved:delta=0	Armv8-A	FEAT_LSE	EL0..EL3	any	any	none	atomic	none	deterministic	architectural_fault:data_abort|architectural_fault:alignment_if_not_naturally_aligned|architectural_fault:sp_alignment_if_rn_is_sp_and_enabled|architectural_fault:tag_check_if_tagchecked	none	removed_if_authority_deprecates
a64:semantic:instruction_form:ldseta-32-memop:ac547821da055573	a64:instruction_form:ldseta-32-memop:ac547821da055573	a64:encoding:ldseta-32-memop:ac547821da055573	rs_value:gpr32|rt_prior:gpr32|rn:address	rs_value|rn	rt_prior	translation_regime|memory_attributes	none	none	none	none	rn=xn_or_sp;rn31=sp;rs_value=wt_or_wzr;rs_value31=constant_zero_from_wzr;rt_prior=wt_or_wzr;rt_prior31=discarded_write_to_wzr	none	wN|wzr|address64|sp	none	none	sp|wzr	normal:atomic-capable:read-modify-write	read=4;write=4	required=4;natural=4;sp_check=formula:sp_alignment_check_if_rn_is_sp	base	none	formula:memory_tagchecked_if_rn_not_sp	none	atomic-read-modify-write:4-byte-range	none	acquire	single-copy-atomic	fallthrough	preserved:delta=0	Armv8-A	FEAT_LSE	EL0..EL3	any	any	none	atomic	none	deterministic	architectural_fault:data_abort|architectural_fault:alignment_if_not_naturally_aligned|architectural_fault:sp_alignment_if_rn_is_sp_and_enabled|architectural_fault:tag_check_if_tagchecked	none	removed_if_authority_deprecates
a64:semantic:instruction_form:ldseta-64-memop:33a630a9fc86e3fc	a64:instruction_form:ldseta-64-memop:33a630a9fc86e3fc	a64:encoding:ldseta-64-memop:33a630a9fc86e3fc	rs_value:gpr64|rt_prior:gpr64|rn:address	rs_value|rn	rt_prior	translation_regime|memory_attributes	none	none	none	none	rn=xn_or_sp;rn31=sp;rs_value=xt_or_xzr;rs_value31=constant_zero_from_xzr;rt_prior=xt_or_xzr;rt_prior31=discarded_write_to_xzr	none	xN|xzr|address64|sp	none	none	sp|xzr	normal:atomic-capable:read-modify-write	read=8;write=8	required=8;natural=8;sp_check=formula:sp_alignment_check_if_rn_is_sp	base	none	formula:memory_tagchecked_if_rn_not_sp	none	atomic-read-modify-write:8-byte-range	none	acquire	single-copy-atomic	fallthrough	preserved:delta=0	Armv8-A	FEAT_LSE	EL0..EL3	any	any	none	atomic	none	deterministic	architectural_fault:data_abort|architectural_fault:alignment_if_not_naturally_aligned|architectural_fault:sp_alignment_if_rn_is_sp_and_enabled|architectural_fault:tag_check_if_tagchecked	none	removed_if_authority_deprecates
a64:semantic:instruction_form:ldsetab-32-memop:04eaa0c5822d7a4a	a64:instruction_form:ldsetab-32-memop:04eaa0c5822d7a4a	a64:encoding:ldsetab-32-memop:04eaa0c5822d7a4a	rs_value:gpr32|rt_prior:gpr32|rn:address	rs_value|rn	rt_prior	translation_regime|memory_attributes	none	none	none	none	rn=xn_or_sp;rn31=sp;rs_value=wt_or_wzr;rs_value31=constant_zero_from_wzr;rt_prior=wt_or_wzr;rt_prior31=discarded_write_to_wzr	none	wN|wzr|address64|sp	none	none	sp|wzr	normal:atomic-capable:read-modify-write	read=1;write=1	required=1;natural=1;sp_check=formula:sp_alignment_check_if_rn_is_sp	base	none	formula:memory_tagchecked_if_rn_not_sp	none	atomic-read-modify-write:1-byte-range	none	acquire	single-copy-atomic	fallthrough	preserved:delta=0	Armv8-A	FEAT_LSE	EL0..EL3	any	any	none	atomic	none	deterministic	architectural_fault:data_abort|architectural_fault:alignment_if_not_naturally_aligned|architectural_fault:sp_alignment_if_rn_is_sp_and_enabled|architectural_fault:tag_check_if_tagchecked	none	removed_if_authority_deprecates
a64:semantic:instruction_form:ldsetah-32-memop:cd35c2e8d5847f4d	a64:instruction_form:ldsetah-32-memop:cd35c2e8d5847f4d	a64:encoding:ldsetah-32-memop:cd35c2e8d5847f4d	rs_value:gpr32|rt_prior:gpr32|rn:address	rs_value|rn	rt_prior	translation_regime|memory_attributes	none	none	none	none	rn=xn_or_sp;rn31=sp;rs_value=wt_or_wzr;rs_value31=constant_zero_from_wzr;rt_prior=wt_or_wzr;rt_prior31=discarded_write_to_wzr	none	wN|wzr|address64|sp	none	none	sp|wzr	normal:atomic-capable:read-modify-write	read=2;write=2	required=2;natural=2;sp_check=formula:sp_alignment_check_if_rn_is_sp	base	none	formula:memory_tagchecked_if_rn_not_sp	none	atomic-read-modify-write:2-byte-range	none	acquire	single-copy-atomic	fallthrough	preserved:delta=0	Armv8-A	FEAT_LSE	EL0..EL3	any	any	none	atomic	none	deterministic	architectural_fault:data_abort|architectural_fault:alignment_if_not_naturally_aligned|architectural_fault:sp_alignment_if_rn_is_sp_and_enabled|architectural_fault:tag_check_if_tagchecked	none	removed_if_authority_deprecates
a64:semantic:instruction_form:ldsetal-32-memop:3f7ad699b997867b	a64:instruction_form:ldsetal-32-memop:3f7ad699b997867b	a64:encoding:ldsetal-32-memop:3f7ad699b997867b	rs_value:gpr32|rt_prior:gpr32|rn:address	rs_value|rn	rt_prior	translation_regime|memory_attributes	none	none	none	none	rn=xn_or_sp;rn31=sp;rs_value=wt_or_wzr;rs_value31=constant_zero_from_wzr;rt_prior=wt_or_wzr;rt_prior31=discarded_write_to_wzr	none	wN|wzr|address64|sp	none	none	sp|wzr	normal:atomic-capable:read-modify-write	read=4;write=4	required=4;natural=4;sp_check=formula:sp_alignment_check_if_rn_is_sp	base	none	formula:memory_tagchecked_if_rn_not_sp	none	atomic-read-modify-write:4-byte-range	none	acqrel	single-copy-atomic	fallthrough	preserved:delta=0	Armv8-A	FEAT_LSE	EL0..EL3	any	any	none	atomic	none	deterministic	architectural_fault:data_abort|architectural_fault:alignment_if_not_naturally_aligned|architectural_fault:sp_alignment_if_rn_is_sp_and_enabled|architectural_fault:tag_check_if_tagchecked	none	removed_if_authority_deprecates
a64:semantic:instruction_form:ldsetal-64-memop:3e856593a2a74dc4	a64:instruction_form:ldsetal-64-memop:3e856593a2a74dc4	a64:encoding:ldsetal-64-memop:3e856593a2a74dc4	rs_value:gpr64|rt_prior:gpr64|rn:address	rs_value|rn	rt_prior	translation_regime|memory_attributes	none	none	none	none	rn=xn_or_sp;rn31=sp;rs_value=xt_or_xzr;rs_value31=constant_zero_from_xzr;rt_prior=xt_or_xzr;rt_prior31=discarded_write_to_xzr	none	xN|xzr|address64|sp	none	none	sp|xzr	normal:atomic-capable:read-modify-write	read=8;write=8	required=8;natural=8;sp_check=formula:sp_alignment_check_if_rn_is_sp	base	none	formula:memory_tagchecked_if_rn_not_sp	none	atomic-read-modify-write:8-byte-range	none	acqrel	single-copy-atomic	fallthrough	preserved:delta=0	Armv8-A	FEAT_LSE	EL0..EL3	any	any	none	atomic	none	deterministic	architectural_fault:data_abort|architectural_fault:alignment_if_not_naturally_aligned|architectural_fault:sp_alignment_if_rn_is_sp_and_enabled|architectural_fault:tag_check_if_tagchecked	none	removed_if_authority_deprecates
a64:semantic:instruction_form:ldsetalb-32-memop:80818cef39c18621	a64:instruction_form:ldsetalb-32-memop:80818cef39c18621	a64:encoding:ldsetalb-32-memop:80818cef39c18621	rs_value:gpr32|rt_prior:gpr32|rn:address	rs_value|rn	rt_prior	translation_regime|memory_attributes	none	none	none	none	rn=xn_or_sp;rn31=sp;rs_value=wt_or_wzr;rs_value31=constant_zero_from_wzr;rt_prior=wt_or_wzr;rt_prior31=discarded_write_to_wzr	none	wN|wzr|address64|sp	none	none	sp|wzr	normal:atomic-capable:read-modify-write	read=1;write=1	required=1;natural=1;sp_check=formula:sp_alignment_check_if_rn_is_sp	base	none	formula:memory_tagchecked_if_rn_not_sp	none	atomic-read-modify-write:1-byte-range	none	acqrel	single-copy-atomic	fallthrough	preserved:delta=0	Armv8-A	FEAT_LSE	EL0..EL3	any	any	none	atomic	none	deterministic	architectural_fault:data_abort|architectural_fault:alignment_if_not_naturally_aligned|architectural_fault:sp_alignment_if_rn_is_sp_and_enabled|architectural_fault:tag_check_if_tagchecked	none	removed_if_authority_deprecates
a64:semantic:instruction_form:ldsetalh-32-memop:a2ade142b5a08bf7	a64:instruction_form:ldsetalh-32-memop:a2ade142b5a08bf7	a64:encoding:ldsetalh-32-memop:a2ade142b5a08bf7	rs_value:gpr32|rt_prior:gpr32|rn:address	rs_value|rn	rt_prior	translation_regime|memory_attributes	none	none	none	none	rn=xn_or_sp;rn31=sp;rs_value=wt_or_wzr;rs_value31=constant_zero_from_wzr;rt_prior=wt_or_wzr;rt_prior31=discarded_write_to_wzr	none	wN|wzr|address64|sp	none	none	sp|wzr	normal:atomic-capable:read-modify-write	read=2;write=2	required=2;natural=2;sp_check=formula:sp_alignment_check_if_rn_is_sp	base	none	formula:memory_tagchecked_if_rn_not_sp	none	atomic-read-modify-write:2-byte-range	none	acqrel	single-copy-atomic	fallthrough	preserved:delta=0	Armv8-A	FEAT_LSE	EL0..EL3	any	any	none	atomic	none	deterministic	architectural_fault:data_abort|architectural_fault:alignment_if_not_naturally_aligned|architectural_fault:sp_alignment_if_rn_is_sp_and_enabled|architectural_fault:tag_check_if_tagchecked	none	removed_if_authority_deprecates
a64:semantic:instruction_form:ldsetb-32-memop:98737382bf296624	a64:instruction_form:ldsetb-32-memop:98737382bf296624	a64:encoding:ldsetb-32-memop:98737382bf296624	rs_value:gpr32|rt_prior:gpr32|rn:address	rs_value|rn	rt_prior	translation_regime|memory_attributes	none	none	none	none	rn=xn_or_sp;rn31=sp;rs_value=wt_or_wzr;rs_value31=constant_zero_from_wzr;rt_prior=wt_or_wzr;rt_prior31=discarded_write_to_wzr	none	wN|wzr|address64|sp	none	none	sp|wzr	normal:atomic-capable:read-modify-write	read=1;write=1	required=1;natural=1;sp_check=formula:sp_alignment_check_if_rn_is_sp	base	none	formula:memory_tagchecked_if_rn_not_sp	none	atomic-read-modify-write:1-byte-range	none	relaxed	single-copy-atomic	fallthrough	preserved:delta=0	Armv8-A	FEAT_LSE	EL0..EL3	any	any	none	atomic	none	deterministic	architectural_fault:data_abort|architectural_fault:alignment_if_not_naturally_aligned|architectural_fault:sp_alignment_if_rn_is_sp_and_enabled|architectural_fault:tag_check_if_tagchecked	none	removed_if_authority_deprecates
a64:semantic:instruction_form:ldseth-32-memop:5d5ec6a8919dffab	a64:instruction_form:ldseth-32-memop:5d5ec6a8919dffab	a64:encoding:ldseth-32-memop:5d5ec6a8919dffab	rs_value:gpr32|rt_prior:gpr32|rn:address	rs_value|rn	rt_prior	translation_regime|memory_attributes	none	none	none	none	rn=xn_or_sp;rn31=sp;rs_value=wt_or_wzr;rs_value31=constant_zero_from_wzr;rt_prior=wt_or_wzr;rt_prior31=discarded_write_to_wzr	none	wN|wzr|address64|sp	none	none	sp|wzr	normal:atomic-capable:read-modify-write	read=2;write=2	required=2;natural=2;sp_check=formula:sp_alignment_check_if_rn_is_sp	base	none	formula:memory_tagchecked_if_rn_not_sp	none	atomic-read-modify-write:2-byte-range	none	relaxed	single-copy-atomic	fallthrough	preserved:delta=0	Armv8-A	FEAT_LSE	EL0..EL3	any	any	none	atomic	none	deterministic	architectural_fault:data_abort|architectural_fault:alignment_if_not_naturally_aligned|architectural_fault:sp_alignment_if_rn_is_sp_and_enabled|architectural_fault:tag_check_if_tagchecked	none	removed_if_authority_deprecates
a64:semantic:instruction_form:ldsetl-32-memop:4dc8df7454279624	a64:instruction_form:ldsetl-32-memop:4dc8df7454279624	a64:encoding:ldsetl-32-memop:4dc8df7454279624	rs_value:gpr32|rt_prior:gpr32|rn:address	rs_value|rn	rt_prior	translation_regime|memory_attributes	none	none	none	none	rn=xn_or_sp;rn31=sp;rs_value=wt_or_wzr;rs_value31=constant_zero_from_wzr;rt_prior=wt_or_wzr;rt_prior31=discarded_write_to_wzr	none	wN|wzr|address64|sp	none	none	sp|wzr	normal:atomic-capable:read-modify-write	read=4;write=4	required=4;natural=4;sp_check=formula:sp_alignment_check_if_rn_is_sp	base	none	formula:memory_tagchecked_if_rn_not_sp	none	atomic-read-modify-write:4-byte-range	none	release	single-copy-atomic	fallthrough	preserved:delta=0	Armv8-A	FEAT_LSE	EL0..EL3	any	any	none	atomic	none	deterministic	architectural_fault:data_abort|architectural_fault:alignment_if_not_naturally_aligned|architectural_fault:sp_alignment_if_rn_is_sp_and_enabled|architectural_fault:tag_check_if_tagchecked	none	removed_if_authority_deprecates
a64:semantic:instruction_form:ldsetl-64-memop:5b784010ab5fa51b	a64:instruction_form:ldsetl-64-memop:5b784010ab5fa51b	a64:encoding:ldsetl-64-memop:5b784010ab5fa51b	rs_value:gpr64|rt_prior:gpr64|rn:address	rs_value|rn	rt_prior	translation_regime|memory_attributes	none	none	none	none	rn=xn_or_sp;rn31=sp;rs_value=xt_or_xzr;rs_value31=constant_zero_from_xzr;rt_prior=xt_or_xzr;rt_prior31=discarded_write_to_xzr	none	xN|xzr|address64|sp	none	none	sp|xzr	normal:atomic-capable:read-modify-write	read=8;write=8	required=8;natural=8;sp_check=formula:sp_alignment_check_if_rn_is_sp	base	none	formula:memory_tagchecked_if_rn_not_sp	none	atomic-read-modify-write:8-byte-range	none	release	single-copy-atomic	fallthrough	preserved:delta=0	Armv8-A	FEAT_LSE	EL0..EL3	any	any	none	atomic	none	deterministic	architectural_fault:data_abort|architectural_fault:alignment_if_not_naturally_aligned|architectural_fault:sp_alignment_if_rn_is_sp_and_enabled|architectural_fault:tag_check_if_tagchecked	none	removed_if_authority_deprecates
a64:semantic:instruction_form:ldsetlb-32-memop:b7b2236d94236028	a64:instruction_form:ldsetlb-32-memop:b7b2236d94236028	a64:encoding:ldsetlb-32-memop:b7b2236d94236028	rs_value:gpr32|rt_prior:gpr32|rn:address	rs_value|rn	rt_prior	translation_regime|memory_attributes	none	none	none	none	rn=xn_or_sp;rn31=sp;rs_value=wt_or_wzr;rs_value31=constant_zero_from_wzr;rt_prior=wt_or_wzr;rt_prior31=discarded_write_to_wzr	none	wN|wzr|address64|sp	none	none	sp|wzr	normal:atomic-capable:read-modify-write	read=1;write=1	required=1;natural=1;sp_check=formula:sp_alignment_check_if_rn_is_sp	base	none	formula:memory_tagchecked_if_rn_not_sp	none	atomic-read-modify-write:1-byte-range	none	release	single-copy-atomic	fallthrough	preserved:delta=0	Armv8-A	FEAT_LSE	EL0..EL3	any	any	none	atomic	none	deterministic	architectural_fault:data_abort|architectural_fault:alignment_if_not_naturally_aligned|architectural_fault:sp_alignment_if_rn_is_sp_and_enabled|architectural_fault:tag_check_if_tagchecked	none	removed_if_authority_deprecates
a64:semantic:instruction_form:ldsetlh-32-memop:000d15c1d56278f1	a64:instruction_form:ldsetlh-32-memop:000d15c1d56278f1	a64:encoding:ldsetlh-32-memop:000d15c1d56278f1	rs_value:gpr32|rt_prior:gpr32|rn:address	rs_value|rn	rt_prior	translation_regime|memory_attributes	none	none	none	none	rn=xn_or_sp;rn31=sp;rs_value=wt_or_wzr;rs_value31=constant_zero_from_wzr;rt_prior=wt_or_wzr;rt_prior31=discarded_write_to_wzr	none	wN|wzr|address64|sp	none	none	sp|wzr	normal:atomic-capable:read-modify-write	read=2;write=2	required=2;natural=2;sp_check=formula:sp_alignment_check_if_rn_is_sp	base	none	formula:memory_tagchecked_if_rn_not_sp	none	atomic-read-modify-write:2-byte-range	none	release	single-copy-atomic	fallthrough	preserved:delta=0	Armv8-A	FEAT_LSE	EL0..EL3	any	any	none	atomic	none	deterministic	architectural_fault:data_abort|architectural_fault:alignment_if_not_naturally_aligned|architectural_fault:sp_alignment_if_rn_is_sp_and_enabled|architectural_fault:tag_check_if_tagchecked	none	removed_if_authority_deprecates
a64:semantic:instruction_form:ldur-32-ldst-unscaled:f8939d652ad0d310	a64:instruction_form:ldur-32-ldst-unscaled:f8939d652ad0d310	a64:encoding:ldur-32-ldst-unscaled:f8939d652ad0d310	rt:wN|rn:address|offset:signed9	rn	rt	translation_regime|memory_attributes	none	none	none	none	rn=xn_or_sp;rn31=sp;rt=wt_or_wzr;rt31=discarded_write_to_wzr	none	wN|wzr|address64|sp	none	none	sp|wzr	translation-selected-normal-or-device:read	read=4	required=1;natural=4;sp_check=formula:sp_alignment_check_if_rn_is_sp	base+signed_unscaled_offset	none	formula:memory_tagchecked_if_rn_not_sp	none	single-copy-atomic-if-naturally-aligned:4-byte-element	none	relaxed	immediate	fallthrough	preserved:delta=0	Armv8-A	base	EL0..EL3	any	any	none	none	none	deterministic	architectural_fault:data_abort|architectural_fault:alignment_if_required_by_sctlr_or_memory_type|architectural_fault:sp_alignment_if_rn_is_sp_and_enabled|architectural_fault:tag_check_if_tagchecked	none	removed_if_authority_deprecates
a64:semantic:instruction_form:ldur-64-ldst-unscaled:50c20a07526ae23f	a64:instruction_form:ldur-64-ldst-unscaled:50c20a07526ae23f	a64:encoding:ldur-64-ldst-unscaled:50c20a07526ae23f	rt:xN|rn:address|offset:signed9	rn	rt	translation_regime|memory_attributes	none	none	none	none	rn=xn_or_sp;rn31=sp;rt=xt_or_xzr;rt31=discarded_write_to_xzr	none	xN|xzr|address64|sp	none	none	sp|xzr	translation-selected-normal-or-device:read	read=8	required=1;natural=8;sp_check=formula:sp_alignment_check_if_rn_is_sp	base+signed_unscaled_offset	none	formula:memory_tagchecked_if_rn_not_sp	none	single-copy-atomic-if-naturally-aligned:8-byte-element	none	relaxed	immediate	fallthrough	preserved:delta=0	Armv8-A	base	EL0..EL3	any	any	none	none	none	deterministic	architectural_fault:data_abort|architectural_fault:alignment_if_required_by_sctlr_or_memory_type|architectural_fault:sp_alignment_if_rn_is_sp_and_enabled|architectural_fault:tag_check_if_tagchecked	none	removed_if_authority_deprecates
a64:semantic:instruction_form:ldurb-32-ldst-unscaled:bb3ae02db372f7c1	a64:instruction_form:ldurb-32-ldst-unscaled:bb3ae02db372f7c1	a64:encoding:ldurb-32-ldst-unscaled:bb3ae02db372f7c1	rt:wN|rn:address|offset:signed9	rn	rt	translation_regime|memory_attributes	none	none	none	none	rn=xn_or_sp;rn31=sp;rt=wt_or_wzr;rt31=discarded_write_to_wzr	none	wN|wzr|address64|sp	none	none	sp|wzr	translation-selected-normal-or-device:read	read=1	required=1;natural=1;sp_check=formula:sp_alignment_check_if_rn_is_sp	base+signed_unscaled_offset	none	formula:memory_tagchecked_if_rn_not_sp	none	single-copy-atomic-if-naturally-aligned:1-byte-element	none	relaxed	immediate	fallthrough	preserved:delta=0	Armv8-A	base	EL0..EL3	any	any	none	none	none	deterministic	architectural_fault:data_abort|architectural_fault:alignment_if_required_by_sctlr_or_memory_type|architectural_fault:sp_alignment_if_rn_is_sp_and_enabled|architectural_fault:tag_check_if_tagchecked	none	removed_if_authority_deprecates
a64:semantic:instruction_form:ldurh-32-ldst-unscaled:38a50fb5202c241d	a64:instruction_form:ldurh-32-ldst-unscaled:38a50fb5202c241d	a64:encoding:ldurh-32-ldst-unscaled:38a50fb5202c241d	rt:wN|rn:address|offset:signed9	rn	rt	translation_regime|memory_attributes	none	none	none	none	rn=xn_or_sp;rn31=sp;rt=wt_or_wzr;rt31=discarded_write_to_wzr	none	wN|wzr|address64|sp	none	none	sp|wzr	translation-selected-normal-or-device:read	read=2	required=1;natural=2;sp_check=formula:sp_alignment_check_if_rn_is_sp	base+signed_unscaled_offset	none	formula:memory_tagchecked_if_rn_not_sp	none	single-copy-atomic-if-naturally-aligned:2-byte-element	none	relaxed	immediate	fallthrough	preserved:delta=0	Armv8-A	base	EL0..EL3	any	any	none	none	none	deterministic	architectural_fault:data_abort|architectural_fault:alignment_if_required_by_sctlr_or_memory_type|architectural_fault:sp_alignment_if_rn_is_sp_and_enabled|architectural_fault:tag_check_if_tagchecked	none	removed_if_authority_deprecates
a64:semantic:instruction_form:ldursb-64-ldst-unscaled:d5a792c9f64eb291	a64:instruction_form:ldursb-64-ldst-unscaled:d5a792c9f64eb291	a64:encoding:ldursb-64-ldst-unscaled:d5a792c9f64eb291	rt:xN|rn:address|offset:signed9	rn	rt	translation_regime|memory_attributes	none	none	none	none	rn=xn_or_sp;rn31=sp;rt=xt_or_xzr;rt31=discarded_write_to_xzr	none	xN|xzr|address64|sp	none	none	sp|xzr	translation-selected-normal-or-device:read	read=1	required=1;natural=1;sp_check=formula:sp_alignment_check_if_rn_is_sp	base+signed_unscaled_offset	none	formula:memory_tagchecked_if_rn_not_sp	none	single-copy-atomic-if-naturally-aligned:1-byte-element	none	relaxed	immediate	fallthrough	preserved:delta=0	Armv8-A	base	EL0..EL3	any	any	none	none	none	deterministic	architectural_fault:data_abort|architectural_fault:alignment_if_required_by_sctlr_or_memory_type|architectural_fault:sp_alignment_if_rn_is_sp_and_enabled|architectural_fault:tag_check_if_tagchecked	none	removed_if_authority_deprecates
a64:semantic:instruction_form:ldursh-64-ldst-unscaled:ad943257461ae0fc	a64:instruction_form:ldursh-64-ldst-unscaled:ad943257461ae0fc	a64:encoding:ldursh-64-ldst-unscaled:ad943257461ae0fc	rt:xN|rn:address|offset:signed9	rn	rt	translation_regime|memory_attributes	none	none	none	none	rn=xn_or_sp;rn31=sp;rt=xt_or_xzr;rt31=discarded_write_to_xzr	none	xN|xzr|address64|sp	none	none	sp|xzr	translation-selected-normal-or-device:read	read=2	required=1;natural=2;sp_check=formula:sp_alignment_check_if_rn_is_sp	base+signed_unscaled_offset	none	formula:memory_tagchecked_if_rn_not_sp	none	single-copy-atomic-if-naturally-aligned:2-byte-element	none	relaxed	immediate	fallthrough	preserved:delta=0	Armv8-A	base	EL0..EL3	any	any	none	none	none	deterministic	architectural_fault:data_abort|architectural_fault:alignment_if_required_by_sctlr_or_memory_type|architectural_fault:sp_alignment_if_rn_is_sp_and_enabled|architectural_fault:tag_check_if_tagchecked	none	removed_if_authority_deprecates
a64:semantic:instruction_form:ldursw-64-ldst-unscaled:03f698b1f6aad1ee	a64:instruction_form:ldursw-64-ldst-unscaled:03f698b1f6aad1ee	a64:encoding:ldursw-64-ldst-unscaled:03f698b1f6aad1ee	rt:xN|rn:address|offset:signed9	rn	rt	translation_regime|memory_attributes	none	none	none	none	rn=xn_or_sp;rn31=sp;rt=xt_or_xzr;rt31=discarded_write_to_xzr	none	xN|xzr|address64|sp	none	none	sp|xzr	translation-selected-normal-or-device:read	read=4	required=1;natural=4;sp_check=formula:sp_alignment_check_if_rn_is_sp	base+signed_unscaled_offset	none	formula:memory_tagchecked_if_rn_not_sp	none	single-copy-atomic-if-naturally-aligned:4-byte-element	none	relaxed	immediate	fallthrough	preserved:delta=0	Armv8-A	base	EL0..EL3	any	any	none	none	none	deterministic	architectural_fault:data_abort|architectural_fault:alignment_if_required_by_sctlr_or_memory_type|architectural_fault:sp_alignment_if_rn_is_sp_and_enabled|architectural_fault:tag_check_if_tagchecked	none	removed_if_authority_deprecates
a64:semantic:instruction_form:ldxr-lr32-ldstexclr:cc1b25433b43898e	a64:instruction_form:ldxr-lr32-ldstexclr:cc1b25433b43898e	a64:encoding:ldxr-lr32-ldstexclr:cc1b25433b43898e	rt_result:gpr32|rn:address	rn	rt_result	translation_regime|memory_attributes|exclusive_monitors	exclusive_monitors	none	none	none	rn=xn_or_sp;rn31=sp;rt_result=wt_or_wzr;rt_result31=discarded_write_to_wzr	none	wN|wzr|address64|sp	none	none	sp|wzr	normal:atomic-capable:exclusive-read	read=4	required=4;natural=4;sp_check=formula:sp_alignment_check_if_rn_is_sp	base	none	formula:memory_tagchecked_if_rn_not_sp	none	exclusive-read:4-byte-range	set_exclusive_monitors	relaxed	exclusive-loop-component	fallthrough	preserved:delta=0	Armv8-A	base	EL0..EL3	any	any	none	atomic	none	deterministic	architectural_fault:data_abort|architectural_fault:alignment_if_not_naturally_aligned|architectural_fault:sp_alignment_if_rn_is_sp_and_enabled|architectural_fault:tag_check_if_tagchecked	none	removed_if_authority_deprecates
a64:semantic:instruction_form:ldxr-lr64-ldstexclr:bccf397cee5fbcc5	a64:instruction_form:ldxr-lr64-ldstexclr:bccf397cee5fbcc5	a64:encoding:ldxr-lr64-ldstexclr:bccf397cee5fbcc5	rt_result:gpr64|rn:address	rn	rt_result	translation_regime|memory_attributes|exclusive_monitors	exclusive_monitors	none	none	none	rn=xn_or_sp;rn31=sp;rt_result=xt_or_xzr;rt_result31=discarded_write_to_xzr	none	xN|xzr|address64|sp	none	none	sp|xzr	normal:atomic-capable:exclusive-read	read=8	required=8;natural=8;sp_check=formula:sp_alignment_check_if_rn_is_sp	base	none	formula:memory_tagchecked_if_rn_not_sp	none	exclusive-read:8-byte-range	set_exclusive_monitors	relaxed	exclusive-loop-component	fallthrough	preserved:delta=0	Armv8-A	base	EL0..EL3	any	any	none	atomic	none	deterministic	architectural_fault:data_abort|architectural_fault:alignment_if_not_naturally_aligned|architectural_fault:sp_alignment_if_rn_is_sp_and_enabled|architectural_fault:tag_check_if_tagchecked	none	removed_if_authority_deprecates
a64:semantic:instruction_form:ldxrb-lr32-ldstexclr:da56b0aede6b8b68	a64:instruction_form:ldxrb-lr32-ldstexclr:da56b0aede6b8b68	a64:encoding:ldxrb-lr32-ldstexclr:da56b0aede6b8b68	rt_result:gpr32|rn:address	rn	rt_result	translation_regime|memory_attributes|exclusive_monitors	exclusive_monitors	none	none	none	rn=xn_or_sp;rn31=sp;rt_result=wt_or_wzr;rt_result31=discarded_write_to_wzr	none	wN|wzr|address64|sp	none	none	sp|wzr	normal:atomic-capable:exclusive-read	read=1	required=1;natural=1;sp_check=formula:sp_alignment_check_if_rn_is_sp	base	none	formula:memory_tagchecked_if_rn_not_sp	none	exclusive-read:1-byte-range	set_exclusive_monitors	relaxed	exclusive-loop-component	fallthrough	preserved:delta=0	Armv8-A	base	EL0..EL3	any	any	none	atomic	none	deterministic	architectural_fault:data_abort|architectural_fault:alignment_if_not_naturally_aligned|architectural_fault:sp_alignment_if_rn_is_sp_and_enabled|architectural_fault:tag_check_if_tagchecked	none	removed_if_authority_deprecates
a64:semantic:instruction_form:ldxrh-lr32-ldstexclr:70f5d0e7f3e71ab0	a64:instruction_form:ldxrh-lr32-ldstexclr:70f5d0e7f3e71ab0	a64:encoding:ldxrh-lr32-ldstexclr:70f5d0e7f3e71ab0	rt_result:gpr32|rn:address	rn	rt_result	translation_regime|memory_attributes|exclusive_monitors	exclusive_monitors	none	none	none	rn=xn_or_sp;rn31=sp;rt_result=wt_or_wzr;rt_result31=discarded_write_to_wzr	none	wN|wzr|address64|sp	none	none	sp|wzr	normal:atomic-capable:exclusive-read	read=2	required=2;natural=2;sp_check=formula:sp_alignment_check_if_rn_is_sp	base	none	formula:memory_tagchecked_if_rn_not_sp	none	exclusive-read:2-byte-range	set_exclusive_monitors	relaxed	exclusive-loop-component	fallthrough	preserved:delta=0	Armv8-A	base	EL0..EL3	any	any	none	atomic	none	deterministic	architectural_fault:data_abort|architectural_fault:alignment_if_not_naturally_aligned|architectural_fault:sp_alignment_if_rn_is_sp_and_enabled|architectural_fault:tag_check_if_tagchecked	none	removed_if_authority_deprecates
a64:semantic:instruction_form:lslv-32-dp-2src:2a90a55541f8982d	a64:instruction_form:lslv-32-dp-2src:2a90a55541f8982d	a64:encoding:lslv-32-dp-2src:2a90a55541f8982d	rd:gpr32|rn:gpr32|rm:gpr32	rn|rm	rd	none	none	none	none	none	none	none	wN	none	none	none	none	0	1	none	none	none	none	none	none	none	immediate	fallthrough	preserved:delta=0	Armv8-A	base	EL0..EL3	any	any	none	none	none	deterministic	none	none	removed_if_authority_deprecates
a64:semantic:instruction_form:lslv-64-dp-2src:fa21508dbd3745a4	a64:instruction_form:lslv-64-dp-2src:fa21508dbd3745a4	a64:encoding:lslv-64-dp-2src:fa21508dbd3745a4	rd:gpr64|rn:gpr64|rm:gpr64	rn|rm	rd	none	none	none	none	none	none	none	xN	none	none	none	none	0	1	none	none	none	none	none	none	none	immediate	fallthrough	preserved:delta=0	Armv8-A	base	EL0..EL3	any	any	none	none	none	deterministic	none	none	removed_if_authority_deprecates
a64:semantic:instruction_form:lsrv-32-dp-2src:d626751e26ae2519	a64:instruction_form:lsrv-32-dp-2src:d626751e26ae2519	a64:encoding:lsrv-32-dp-2src:d626751e26ae2519	rd:gpr32|rn:gpr32|rm:gpr32	rn|rm	rd	none	none	none	none	none	none	none	wN	none	none	none	none	0	1	none	none	none	none	none	none	none	immediate	fallthrough	preserved:delta=0	Armv8-A	base	EL0..EL3	any	any	none	none	none	deterministic	none	none	removed_if_authority_deprecates
a64:semantic:instruction_form:lsrv-64-dp-2src:c8e12fe372dfebd9	a64:instruction_form:lsrv-64-dp-2src:c8e12fe372dfebd9	a64:encoding:lsrv-64-dp-2src:c8e12fe372dfebd9	rd:gpr64|rn:gpr64|rm:gpr64	rn|rm	rd	none	none	none	none	none	none	none	xN	none	none	none	none	0	1	none	none	none	none	none	none	none	immediate	fallthrough	preserved:delta=0	Armv8-A	base	EL0..EL3	any	any	none	none	none	deterministic	none	none	removed_if_authority_deprecates
a64:semantic:instruction_form:madd-32a-dp-3src:8019207cff33f264	a64:instruction_form:madd-32a-dp-3src:8019207cff33f264	a64:encoding:madd-32a-dp-3src:8019207cff33f264	rd:gpr32|rn:gpr32|rm:gpr32|ra:gpr32	rn|rm|ra	rd	none	none	none	none	none	none	none	wN	none	none	none	none	0	1	none	none	none	none	none	none	none	immediate	fallthrough	preserved:delta=0	Armv8-A	base	EL0..EL3	any	any	none	none	none	deterministic	none	none	removed_if_authority_deprecates
a64:semantic:instruction_form:madd-64a-dp-3src:1f4f649eddc92162	a64:instruction_form:madd-64a-dp-3src:1f4f649eddc92162	a64:encoding:madd-64a-dp-3src:1f4f649eddc92162	rd:gpr64|rn:gpr64|rm:gpr64|ra:gpr64	rn|rm|ra	rd	none	none	none	none	none	none	none	xN	none	none	none	none	0	1	none	none	none	none	none	none	none	immediate	fallthrough	preserved:delta=0	Armv8-A	base	EL0..EL3	any	any	none	none	none	deterministic	none	none	removed_if_authority_deprecates
a64:semantic:instruction_form:movk-32-movewide:55e88e486d490315	a64:instruction_form:movk-32-movewide:55e88e486d490315	a64:encoding:movk-32-movewide:55e88e486d490315	rd:gpr32|imm16:u16|shift:move_wide_shift	rd	rd	none	none	rd=read_write	rd	none	none	none	wN	none	none	none	none	0	1	none	none	none	none	none	none	none	immediate	fallthrough	preserved:delta=0	Armv8-A	base	EL0..EL3	any	any	none	none	none	deterministic	none	none	removed_if_authority_deprecates
a64:semantic:instruction_form:movk-64-movewide:3ad00d53172c4feb	a64:instruction_form:movk-64-movewide:3ad00d53172c4feb	a64:encoding:movk-64-movewide:3ad00d53172c4feb	rd:gpr64|imm16:u16|shift:move_wide_shift	rd	rd	none	none	rd=read_write	rd	none	none	none	xN	none	none	none	none	0	1	none	none	none	none	none	none	none	immediate	fallthrough	preserved:delta=0	Armv8-A	base	EL0..EL3	any	any	none	none	none	deterministic	none	none	removed_if_authority_deprecates
a64:semantic:instruction_form:movn-32-movewide:b1fe42df0c42d474	a64:instruction_form:movn-32-movewide:b1fe42df0c42d474	a64:encoding:movn-32-movewide:b1fe42df0c42d474	rd:gpr32|imm16:u16|shift:move_wide_shift	none	rd	none	none	none	none	none	none	none	wN	none	none	none	none	0	1	none	none	none	none	none	none	none	immediate	fallthrough	preserved:delta=0	Armv8-A	base	EL0..EL3	any	any	none	none	none	deterministic	none	none	removed_if_authority_deprecates
a64:semantic:instruction_form:movn-64-movewide:fe9047210c010f84	a64:instruction_form:movn-64-movewide:fe9047210c010f84	a64:encoding:movn-64-movewide:fe9047210c010f84	rd:gpr64|imm16:u16|shift:move_wide_shift	none	rd	none	none	none	none	none	none	none	xN	none	none	none	none	0	1	none	none	none	none	none	none	none	immediate	fallthrough	preserved:delta=0	Armv8-A	base	EL0..EL3	any	any	none	none	none	deterministic	none	none	removed_if_authority_deprecates
a64:semantic:instruction_form:movz-32-movewide:d60f8cfb1c02dac7	a64:instruction_form:movz-32-movewide:d60f8cfb1c02dac7	a64:encoding:movz-32-movewide:d60f8cfb1c02dac7	rd:gpr32|imm16:u16|shift:move_wide_shift	none	rd	none	none	none	none	none	none	none	wN	none	none	none	none	0	1	none	none	none	none	none	none	none	immediate	fallthrough	preserved:delta=0	Armv8-A	base	EL0..EL3	any	any	none	none	none	deterministic	none	none	removed_if_authority_deprecates
a64:semantic:instruction_form:movz-64-movewide:d0a91a38c45d2188	a64:instruction_form:movz-64-movewide:d0a91a38c45d2188	a64:encoding:movz-64-movewide:d0a91a38c45d2188	rd:gpr64|imm16:u16|shift:move_wide_shift	none	rd	none	none	none	none	none	none	none	xN	none	none	none	none	0	1	none	none	none	none	none	none	none	immediate	fallthrough	preserved:delta=0	Armv8-A	base	EL0..EL3	any	any	none	none	none	deterministic	none	none	removed_if_authority_deprecates
a64:semantic:instruction_form:mrs-rs-systemmove:fdea91bb8b1da9f3	a64:instruction_form:mrs-rs-systemmove:fdea91bb8b1da9f3	a64:encoding:mrs-rs-systemmove:fdea91bb8b1da9f3	rt:xt_or_xzr|sysreg:cataloged	formula:sysreg_explicit_read	formula:rt_write{0..30=rt;31=discarded_to_xzr}	formula:sysreg_implicit_reads	none	none	none	none	rt=xt_or_xzr;rt31=xzr	none	xN|xzr	scalar64	none	sysreg	none	0	1	none	none	none	none	none	none	formula:sysreg_ordering	immediate	fallthrough	preserved:delta=0	Armv8-A	base	formula:sysreg_min_EL	formula:sysreg_security_and_virtualization_gate	formula:sysreg_streaming_gate	formula:sysreg_state_gate	formula:sysreg_effects	formula:sysreg_authority	target_defined	formula:sysreg_faults	formula:sysreg_read_value	removed_if_authority_deprecates
a64:semantic:instruction_form:msr-si-pstate:b0386a27bd1b1451	a64:instruction_form:msr-si-pstate:b0386a27bd1b1451	a64:encoding:msr-si-pstate:b0386a27bd1b1451	pstate_field:authenticated|imm4:u4	none	none	PSTATE	PSTATE	none	none	none	op1|crm|op2=authenticated_pstate_field	none	none	none	none	PSTATE	none	0	1	none	none	none	none	none	none	none	immediate	fallthrough	preserved:delta=0	Armv8-A	base	EL1..EL3	any	any	none	interrupt_mask	privileged_pstate_write	deterministic	architectural_fault:illegal_pstate_access	none	removed_if_authority_deprecates
a64:semantic:instruction_form:msr-sr-systemmove:7c3955c1b3ed2abe	a64:instruction_form:msr-sr-systemmove:7c3955c1b3ed2abe	a64:encoding:msr-sr-systemmove:7c3955c1b3ed2abe	sysreg:cataloged|rt:xt_or_xzr	formula:rt_read{0..30=rt;31=constant_zero}	formula:sysreg_explicit_write	formula:sysreg_implicit_reads	formula:sysreg_implicit_writes	none	formula:sysreg_destructive_state_update	none	rt=xt_or_xzr;rt31=xzr	none	xN|xzr	scalar64	none	sysreg	none	0	1	none	none	none	none	none	none	formula:sysreg_ordering	immediate	fallthrough	preserved:delta=0	Armv8-A	base	formula:sysreg_min_EL	formula:sysreg_security_and_virtualization_gate	formula:sysreg_streaming_gate	formula:sysreg_state_gate	formula:sysreg_effects	formula:sysreg_authority	target_defined	formula:sysreg_faults	formula:sysreg_write_behavior	removed_if_authority_deprecates
a64:semantic:instruction_form:msub-64a-dp-3src:7a9bf9c072758980	a64:instruction_form:msub-64a-dp-3src:7a9bf9c072758980	a64:encoding:msub-64a-dp-3src:7a9bf9c072758980	rd:gpr64|rn:gpr64|rm:gpr64|ra:gpr64	rn|rm|ra	rd	none	none	none	none	none	none	none	xN	none	none	none	none	0	1	none	none	none	none	none	none	none	immediate	fallthrough	preserved:delta=0	Armv8-A	base	EL0..EL3	any	any	none	none	none	deterministic	none	none	removed_if_authority_deprecates
a64:semantic:instruction_form:mul-asimdsame-only:99bd6112b2310971	a64:instruction_form:mul-asimdsame-only:99bd6112b2310971	a64:encoding:mul-asimdsame-only:99bd6112b2310971	vd:simd|vn:simd|vm:simd	vn|vm	vd	fp_access_control|streaming_state	none	none	none	none	none	none	vN	formula:simd_arrangement_from_q_size	none	none	none	0	1	none	none	none	none	none	none	none	immediate	fallthrough	preserved:delta=0	Armv8-A	FEAT_AdvSIMD	EL0..EL3	any	formula:simd_streaming_gate	none	none	fp_simd_access_enabled	deterministic	architectural_fault:fp_simd_access_trap	none	removed_if_authority_deprecates
a64:semantic:instruction_form:neg-asimdmisc-r:57c128dde22f2b1c	a64:instruction_form:neg-asimdmisc-r:57c128dde22f2b1c	a64:encoding:neg-asimdmisc-r:57c128dde22f2b1c	vd:simd|vn:simd	vn	vd	fp_access_control|streaming_state	none	none	none	none	none	none	vN	formula:simd_arrangement_from_q_size	none	none	none	0	1	none	none	none	none	none	none	none	immediate	fallthrough	preserved:delta=0	Armv8-A	FEAT_AdvSIMD	EL0..EL3	any	formula:simd_streaming_gate	none	none	fp_simd_access_enabled	deterministic	architectural_fault:fp_simd_access_trap	none	removed_if_authority_deprecates
a64:semantic:instruction_form:nop-hi-hints:6782157752e131f1	a64:instruction_form:nop-hi-hints:6782157752e131f1	a64:encoding:nop-hi-hints:6782157752e131f1	none	none	none	none	none	none	none	none	encoding=hint_imm0	none	none	none	none	none	none	0	1	none	none	none	none	none	none	none	immediate	fallthrough	preserved:delta=0	Armv8-A	base	EL0..EL3	any	any	none	none	none	deterministic	none	none	removed_if_authority_deprecates
a64:semantic:instruction_form:not-asimdmisc-r:3d808d6e380beb93	a64:instruction_form:not-asimdmisc-r:3d808d6e380beb93	a64:encoding:not-asimdmisc-r:3d808d6e380beb93	vd:simd|vn:simd	vn	vd	fp_access_control|streaming_state	none	none	none	none	none	none	vN	formula:simd_arrangement_from_q_size	none	none	none	0	1	none	none	none	none	none	none	none	immediate	fallthrough	preserved:delta=0	Armv8-A	FEAT_AdvSIMD	EL0..EL3	any	formula:simd_streaming_gate	none	none	fp_simd_access_enabled	deterministic	architectural_fault:fp_simd_access_trap	none	removed_if_authority_deprecates
a64:semantic:instruction_form:orr-32-log-imm:d2c7c39f3eaa37cb	a64:instruction_form:orr-32-log-imm:d2c7c39f3eaa37cb	a64:encoding:orr-32-log-imm:d2c7c39f3eaa37cb	rd:gpr32|rn:gpr32|imm:encoded_immediate	rn	rd	none	none	none	none	none	none	none	wN	none	none	none	none	0	1	none	none	none	none	none	none	none	immediate	fallthrough	preserved:delta=0	Armv8-A	base	EL0..EL3	any	any	none	none	none	deterministic	none	none	removed_if_authority_deprecates
a64:semantic:instruction_form:orr-32-log-shift:14138b03c2baf286	a64:instruction_form:orr-32-log-shift:14138b03c2baf286	a64:encoding:orr-32-log-shift:14138b03c2baf286	rd:gpr32|rn:gpr32|rm:gpr32|shift:u2|amount:u6	rn|rm	rd	none	none	none	none	none	none	none	wN	none	none	none	none	0	1	none	none	none	none	none	none	none	immediate	fallthrough	preserved:delta=0	Armv8-A	base	EL0..EL3	any	any	none	none	none	deterministic	none	none	removed_if_authority_deprecates
a64:semantic:instruction_form:orr-64-log-imm:f6f2cc64eb7352e6	a64:instruction_form:orr-64-log-imm:f6f2cc64eb7352e6	a64:encoding:orr-64-log-imm:f6f2cc64eb7352e6	rd:gpr64|rn:gpr64|imm:encoded_immediate	rn	rd	none	none	none	none	none	none	none	xN	none	none	none	none	0	1	none	none	none	none	none	none	none	immediate	fallthrough	preserved:delta=0	Armv8-A	base	EL0..EL3	any	any	none	none	none	deterministic	none	none	removed_if_authority_deprecates
a64:semantic:instruction_form:orr-64-log-shift:b779be79e9038338	a64:instruction_form:orr-64-log-shift:b779be79e9038338	a64:encoding:orr-64-log-shift:b779be79e9038338	rd:gpr64|rn:gpr64|rm:gpr64|shift:u2|amount:u6	rn|rm	rd	none	none	none	none	none	none	none	xN	none	none	none	none	0	1	none	none	none	none	none	none	none	immediate	fallthrough	preserved:delta=0	Armv8-A	base	EL0..EL3	any	any	none	none	none	deterministic	none	none	removed_if_authority_deprecates
a64:semantic:instruction_form:orr-asimdsame-only:f9a64d39d3ceead3	a64:instruction_form:orr-asimdsame-only:f9a64d39d3ceead3	a64:encoding:orr-asimdsame-only:f9a64d39d3ceead3	vd:simd|vn:simd|vm:simd	vn|vm	vd	fp_access_control|streaming_state	none	none	none	none	none	none	vN	formula:simd_arrangement_from_q_size	none	none	none	0	1	none	none	none	none	none	none	none	immediate	fallthrough	preserved:delta=0	Armv8-A	FEAT_AdvSIMD	EL0..EL3	any	formula:simd_streaming_gate	none	none	fp_simd_access_enabled	deterministic	architectural_fault:fp_simd_access_trap	none	removed_if_authority_deprecates
a64:semantic:instruction_form:prfm-p-ldst-pos:068dc055d7cb93fe	a64:instruction_form:prfm-p-ldst-pos:068dc055d7cb93fe	a64:encoding:prfm-p-ldst-pos:068dc055d7cb93fe	prfop:prefetch_policy|rn:address|offset:scaled_unsigned12	rn	none	translation_regime|memory_attributes	none	none	none	none	rn=xn_or_sp;rn31=sp	none	address64|sp	none	none	sp	prefetch_hint	cache-line-hint	required=1;sp_check=formula:sp_alignment_check_if_rn_is_sp	base+scaled_unsigned_offset	none	none	none	none	none	none	hint	fallthrough	preserved:delta=0	Armv8-A	base	EL0..EL3	any	any	none	none	none	deterministic	architectural_fault:sp_alignment_if_rn_is_sp_and_enabled	none	removed_if_authority_deprecates
a64:semantic:instruction_form:ret-64r-branch-reg:d499946a0544a9d8	a64:instruction_form:ret-64r-branch-reg:d499946a0544a9d8	a64:encoding:ret-64r-branch-reg:d499946a0544a9d8	rn:gpr64:default=x30	rn	none	none	pc	none	none	none	rn=x30_when_omitted	rn!=sp|xzr	xN	scalar64	none	none	none	0	1	none	none	none	none	none	none	none	immediate	return_terminal	preserved:delta=0	Armv8-A	base	EL0..EL3	any	any	none	none	none	deterministic	architectural_fault:invalid_instruction_address	none	removed_if_authority_deprecates
a64:semantic:instruction_form:rev-32-dp-1src:52b8174f46b06434	a64:instruction_form:rev-32-dp-1src:52b8174f46b06434	a64:encoding:rev-32-dp-1src:52b8174f46b06434	rd:gpr32|rn:gpr32	rn	rd	none	none	none	none	none	none	none	wN	none	none	none	none	0	1	none	none	none	none	none	none	none	immediate	fallthrough	preserved:delta=0	Armv8-A	base	EL0..EL3	any	any	none	none	none	deterministic	none	none	removed_if_authority_deprecates
a64:semantic:instruction_form:rev-64-dp-1src:a04e3e5b1469960b	a64:instruction_form:rev-64-dp-1src:a04e3e5b1469960b	a64:encoding:rev-64-dp-1src:a04e3e5b1469960b	rd:gpr64|rn:gpr64	rn	rd	none	none	none	none	none	none	none	xN	none	none	none	none	0	1	none	none	none	none	none	none	none	immediate	fallthrough	preserved:delta=0	Armv8-A	base	EL0..EL3	any	any	none	none	none	deterministic	none	none	removed_if_authority_deprecates
a64:semantic:instruction_form:rev16-32-dp-1src:b456adb7c6a474af	a64:instruction_form:rev16-32-dp-1src:b456adb7c6a474af	a64:encoding:rev16-32-dp-1src:b456adb7c6a474af	rd:gpr32|rn:gpr32	rn	rd	none	none	none	none	none	none	none	wN	none	none	none	none	0	1	none	none	none	none	none	none	none	immediate	fallthrough	preserved:delta=0	Armv8-A	base	EL0..EL3	any	any	none	none	none	deterministic	none	none	removed_if_authority_deprecates
a64:semantic:instruction_form:sbfm-32m-bitfield:88abf533a762b359	a64:instruction_form:sbfm-32m-bitfield:88abf533a762b359	a64:encoding:sbfm-32m-bitfield:88abf533a762b359	rd:gpr32|rn:gpr32|immr:u6|imms:u6	rn	rd	none	none	none	none	none	none	none	wN	none	none	none	none	0	1	none	none	none	none	none	none	none	immediate	fallthrough	preserved:delta=0	Armv8-A	base	EL0..EL3	any	any	none	none	none	deterministic	none	none	removed_if_authority_deprecates
a64:semantic:instruction_form:sbfm-64m-bitfield:852b48886c948c99	a64:instruction_form:sbfm-64m-bitfield:852b48886c948c99	a64:encoding:sbfm-64m-bitfield:852b48886c948c99	rd:gpr64|rn:gpr64|immr:u6|imms:u6	rn	rd	none	none	none	none	none	none	none	xN	none	none	none	none	0	1	none	none	none	none	none	none	none	immediate	fallthrough	preserved:delta=0	Armv8-A	base	EL0..EL3	any	any	none	none	none	deterministic	none	none	removed_if_authority_deprecates
a64:semantic:instruction_form:scvtf-d32-float2int:76c06af6682e80f7	a64:instruction_form:scvtf-d32-float2int:76c06af6682e80f7	a64:encoding:scvtf-d32-float2int:76c06af6682e80f7	fd:fp64|rn:gpr32	rn	fd	FPCR|fp_access_control	FPSR	none	none	none	none	none	dN|wN	scalar64	none	none	none	0	1	none	none	none	none	none	none	none	immediate	fallthrough	preserved:delta=0	Armv8-A	FEAT_FP	EL0..EL3	any	any	none	fp_state	fp_simd_access_enabled	deterministic	architectural_fault:fp_simd_access_trap|architectural_fault:floating_point_exception	none	removed_if_authority_deprecates
a64:semantic:instruction_form:scvtf-d64-float2int:4b5a51b9c2660a18	a64:instruction_form:scvtf-d64-float2int:4b5a51b9c2660a18	a64:encoding:scvtf-d64-float2int:4b5a51b9c2660a18	fd:fp64|rn:gpr64	rn	fd	FPCR|fp_access_control	FPSR	none	none	none	none	none	dN|xN	scalar64	none	none	none	0	1	none	none	none	none	none	none	none	immediate	fallthrough	preserved:delta=0	Armv8-A	FEAT_FP	EL0..EL3	any	any	none	fp_state	fp_simd_access_enabled	deterministic	architectural_fault:fp_simd_access_trap|architectural_fault:floating_point_exception	none	removed_if_authority_deprecates
a64:semantic:instruction_form:scvtf-s32-float2int:9e1cf12983cecd6c	a64:instruction_form:scvtf-s32-float2int:9e1cf12983cecd6c	a64:encoding:scvtf-s32-float2int:9e1cf12983cecd6c	fd:fp32|rn:gpr32	rn	fd	FPCR|fp_access_control	FPSR	none	none	none	none	none	sN|wN	scalar32	none	none	none	0	1	none	none	none	none	none	none	none	immediate	fallthrough	preserved:delta=0	Armv8-A	FEAT_FP	EL0..EL3	any	any	none	fp_state	fp_simd_access_enabled	deterministic	architectural_fault:fp_simd_access_trap|architectural_fault:floating_point_exception	none	removed_if_authority_deprecates
a64:semantic:instruction_form:scvtf-s64-float2int:34b9bde6e313a6f0	a64:instruction_form:scvtf-s64-float2int:34b9bde6e313a6f0	a64:encoding:scvtf-s64-float2int:34b9bde6e313a6f0	fd:fp32|rn:gpr64	rn	fd	FPCR|fp_access_control	FPSR	none	none	none	none	none	sN|xN	scalar32	none	none	none	0	1	none	none	none	none	none	none	none	immediate	fallthrough	preserved:delta=0	Armv8-A	FEAT_FP	EL0..EL3	any	any	none	fp_state	fp_simd_access_enabled	deterministic	architectural_fault:fp_simd_access_trap|architectural_fault:floating_point_exception	none	removed_if_authority_deprecates
a64:semantic:instruction_form:sdiv-32-dp-2src:b958f07024f04bec	a64:instruction_form:sdiv-32-dp-2src:b958f07024f04bec	a64:encoding:sdiv-32-dp-2src:b958f07024f04bec	rd:gpr32|rn:gpr32|rm:gpr32	rn|rm	rd	none	none	none	none	none	none	none	wN	none	none	none	none	0	1	none	none	none	none	none	none	none	immediate	fallthrough	preserved:delta=0	Armv8-A	base	EL0..EL3	any	any	none	none	none	deterministic	none	none	removed_if_authority_deprecates
a64:semantic:instruction_form:sdiv-64-dp-2src:cffbaa2f4efe5a40	a64:instruction_form:sdiv-64-dp-2src:cffbaa2f4efe5a40	a64:encoding:sdiv-64-dp-2src:cffbaa2f4efe5a40	rd:gpr64|rn:gpr64|rm:gpr64	rn|rm	rd	none	none	none	none	none	none	none	xN	none	none	none	none	0	1	none	none	none	none	none	none	none	immediate	fallthrough	preserved:delta=0	Armv8-A	base	EL0..EL3	any	any	none	none	none	deterministic	none	none	removed_if_authority_deprecates
a64:semantic:instruction_form:sev-hi-hints:6a5d14d59639b441	a64:instruction_form:sev-hi-hints:6a5d14d59639b441	a64:encoding:sev-hi-hints:6a5d14d59639b441	none	none	none	none	global_event_registers	none	none	none	encoding=hint_imm4	none	none	none	none	none	none	0	1	none	none	none	none	none	none	none	immediate	fallthrough	preserved:delta=0	Armv8-A	base	EL0..EL3	any	any	none	cpu_event	none	target_defined	none	formula:sev_delivery_behavior	removed_if_authority_deprecates
a64:semantic:instruction_form:sevl-hi-hints:a06bda41d5fee1bc	a64:instruction_form:sevl-hi-hints:a06bda41d5fee1bc	a64:encoding:sevl-hi-hints:a06bda41d5fee1bc	none	none	none	none	local_event_register	none	none	none	encoding=hint_imm5	none	none	none	none	none	none	0	1	none	none	none	none	none	none	none	immediate	fallthrough	preserved:delta=0	Armv8-A	base	EL0..EL3	any	any	none	cpu_event	none	target_defined	none	formula:sevl_delivery_behavior	removed_if_authority_deprecates
a64:semantic:instruction_form:smc-ex-exception:99e5d1d7296ea83b	a64:instruction_form:smc-ex-exception:99e5d1d7296ea83b	a64:encoding:smc-ex-exception:99e5d1d7296ea83b	imm16:u16	none	none	PSTATE|exception_state	pc|PSTATE|exception_state|ELR_ELx|SPSR_ELx	none	none	none	none	none	none	none	none	exception_target=EL3_or_EL2_trap	none	0	1	none	none	none	none	none	none	context_synchronizing	immediate	exception_terminal	preserved:delta=0	Armv8-A	base	EL1..EL3	any	any	none	trap	EL3_implemented_and_smc_enabled	deterministic	architectural_fault:secure_monitor_call_exception|architectural_fault:trap_to_EL2_if_HCR_EL2_TSC|architectural_fault:undefined_if_smc_disabled	none	removed_if_authority_deprecates
a64:semantic:instruction_form:sshl-asimdsame-only:7af87a67f83dc0f8	a64:instruction_form:sshl-asimdsame-only:7af87a67f83dc0f8	a64:encoding:sshl-asimdsame-only:7af87a67f83dc0f8	vd:simd|vn:simd|vm:simd	vn|vm	vd	fp_access_control|streaming_state	none	none	none	none	none	none	vN	formula:simd_arrangement_from_q_size	none	none	none	0	1	none	none	none	none	none	none	none	immediate	fallthrough	preserved:delta=0	Armv8-A	FEAT_AdvSIMD	EL0..EL3	any	formula:simd_streaming_gate	none	none	fp_simd_access_enabled	deterministic	architectural_fault:fp_simd_access_trap	none	removed_if_authority_deprecates
a64:semantic:instruction_form:stlr-sl32-ldstord:d823a3249604976c	a64:instruction_form:stlr-sl32-ldstord:d823a3249604976c	a64:encoding:stlr-sl32-ldstord:d823a3249604976c	rt_value:gpr32|rn:address	rt_value|rn	none	translation_regime|memory_attributes	none	none	none	none	rn=xn_or_sp;rn31=sp;rt_value=wt_or_wzr;rt_value31=constant_zero_from_wzr	none	wN|wzr|address64|sp	none	none	sp|wzr	normal:atomic-capable:write	write=4	required=4;natural=4;sp_check=formula:sp_alignment_check_if_rn_is_sp	base	none	formula:memory_tagchecked_if_rn_not_sp	none	single-copy-atomic:4-byte-range	none	release	single-copy-atomic	fallthrough	preserved:delta=0	Armv8-A	base	EL0..EL3	any	any	none	atomic	none	deterministic	architectural_fault:data_abort|architectural_fault:alignment_if_not_naturally_aligned|architectural_fault:sp_alignment_if_rn_is_sp_and_enabled|architectural_fault:tag_check_if_tagchecked	none	removed_if_authority_deprecates
a64:semantic:instruction_form:stlr-sl64-ldstord:89842846afd4a3ac	a64:instruction_form:stlr-sl64-ldstord:89842846afd4a3ac	a64:encoding:stlr-sl64-ldstord:89842846afd4a3ac	rt_value:gpr64|rn:address	rt_value|rn	none	translation_regime|memory_attributes	none	none	none	none	rn=xn_or_sp;rn31=sp;rt_value=xt_or_xzr;rt_value31=constant_zero_from_xzr	none	xN|xzr|address64|sp	none	none	sp|xzr	normal:atomic-capable:write	write=8	required=8;natural=8;sp_check=formula:sp_alignment_check_if_rn_is_sp	base	none	formula:memory_tagchecked_if_rn_not_sp	none	single-copy-atomic:8-byte-range	none	release	single-copy-atomic	fallthrough	preserved:delta=0	Armv8-A	base	EL0..EL3	any	any	none	atomic	none	deterministic	architectural_fault:data_abort|architectural_fault:alignment_if_not_naturally_aligned|architectural_fault:sp_alignment_if_rn_is_sp_and_enabled|architectural_fault:tag_check_if_tagchecked	none	removed_if_authority_deprecates
a64:semantic:instruction_form:stlrb-sl32-ldstord:ad30fce9471334f6	a64:instruction_form:stlrb-sl32-ldstord:ad30fce9471334f6	a64:encoding:stlrb-sl32-ldstord:ad30fce9471334f6	rt_value:gpr32|rn:address	rt_value|rn	none	translation_regime|memory_attributes	none	none	none	none	rn=xn_or_sp;rn31=sp;rt_value=wt_or_wzr;rt_value31=constant_zero_from_wzr	none	wN|wzr|address64|sp	none	none	sp|wzr	normal:atomic-capable:write	write=1	required=1;natural=1;sp_check=formula:sp_alignment_check_if_rn_is_sp	base	none	formula:memory_tagchecked_if_rn_not_sp	none	single-copy-atomic:1-byte-range	none	release	single-copy-atomic	fallthrough	preserved:delta=0	Armv8-A	base	EL0..EL3	any	any	none	atomic	none	deterministic	architectural_fault:data_abort|architectural_fault:alignment_if_not_naturally_aligned|architectural_fault:sp_alignment_if_rn_is_sp_and_enabled|architectural_fault:tag_check_if_tagchecked	none	removed_if_authority_deprecates
a64:semantic:instruction_form:stlrh-sl32-ldstord:2985f3f30d419117	a64:instruction_form:stlrh-sl32-ldstord:2985f3f30d419117	a64:encoding:stlrh-sl32-ldstord:2985f3f30d419117	rt_value:gpr32|rn:address	rt_value|rn	none	translation_regime|memory_attributes	none	none	none	none	rn=xn_or_sp;rn31=sp;rt_value=wt_or_wzr;rt_value31=constant_zero_from_wzr	none	wN|wzr|address64|sp	none	none	sp|wzr	normal:atomic-capable:write	write=2	required=2;natural=2;sp_check=formula:sp_alignment_check_if_rn_is_sp	base	none	formula:memory_tagchecked_if_rn_not_sp	none	single-copy-atomic:2-byte-range	none	release	single-copy-atomic	fallthrough	preserved:delta=0	Armv8-A	base	EL0..EL3	any	any	none	atomic	none	deterministic	architectural_fault:data_abort|architectural_fault:alignment_if_not_naturally_aligned|architectural_fault:sp_alignment_if_rn_is_sp_and_enabled|architectural_fault:tag_check_if_tagchecked	none	removed_if_authority_deprecates
a64:semantic:instruction_form:stlxr-sr32-ldstexclr:acb232ebd200b432	a64:instruction_form:stlxr-sr32-ldstexclr:acb232ebd200b432	a64:encoding:stlxr-sr32-ldstexclr:acb232ebd200b432	rs_status:gpr32|rt_value:gpr32|rn:address	rt_value|rn	rs_status	translation_regime|memory_attributes|exclusive_monitors	exclusive_monitors	none	none	rs_status	rn=xn_or_sp;rn31=sp;rs_status=ws_or_wzr;rs_status31=discarded_write_to_wzr;rt_value=wt_or_wzr;rt_value31=constant_zero_from_wzr	reject_if:rs_status==rt_value;reject_if:rs_status==rn&&rn!=31	wN|wzr|address64|sp	none	none	sp|wzr	normal:atomic-capable:conditional-exclusive-write	write_if_exclusive=4;write_otherwise=0	required=4;natural=4;sp_check=formula:sp_alignment_check_if_rn_is_sp	base	none	formula:memory_tagchecked_if_rn_not_sp	none	conditional-exclusive-write:4-byte-range	conditional_store_and_clear_exclusive_monitors	success=release;failure=relaxed	exclusive-loop-component	fallthrough	preserved:delta=0	Armv8-A	base	EL0..EL3	any	any	none	atomic	none	deterministic	architectural_fault:data_abort|architectural_fault:alignment_if_not_naturally_aligned|architectural_fault:sp_alignment_if_rn_is_sp_and_enabled|architectural_fault:tag_check_if_tagchecked	none	removed_if_authority_deprecates
a64:semantic:instruction_form:stlxr-sr64-ldstexclr:f07ed7584b0f74a8	a64:instruction_form:stlxr-sr64-ldstexclr:f07ed7584b0f74a8	a64:encoding:stlxr-sr64-ldstexclr:f07ed7584b0f74a8	rs_status:gpr32|rt_value:gpr64|rn:address	rt_value|rn	rs_status	translation_regime|memory_attributes|exclusive_monitors	exclusive_monitors	none	none	rs_status	rn=xn_or_sp;rn31=sp;rs_status=ws_or_wzr;rs_status31=discarded_write_to_wzr;rt_value=xt_or_xzr;rt_value31=constant_zero_from_xzr	reject_if:rs_status==rt_value;reject_if:rs_status==rn&&rn!=31	wN|wzr|xN|xzr|address64|sp	none	none	sp|wzr|xzr	normal:atomic-capable:conditional-exclusive-write	write_if_exclusive=8;write_otherwise=0	required=8;natural=8;sp_check=formula:sp_alignment_check_if_rn_is_sp	base	none	formula:memory_tagchecked_if_rn_not_sp	none	conditional-exclusive-write:8-byte-range	conditional_store_and_clear_exclusive_monitors	success=release;failure=relaxed	exclusive-loop-component	fallthrough	preserved:delta=0	Armv8-A	base	EL0..EL3	any	any	none	atomic	none	deterministic	architectural_fault:data_abort|architectural_fault:alignment_if_not_naturally_aligned|architectural_fault:sp_alignment_if_rn_is_sp_and_enabled|architectural_fault:tag_check_if_tagchecked	none	removed_if_authority_deprecates
a64:semantic:instruction_form:stlxrb-sr32-ldstexclr:e087feb8d33fab32	a64:instruction_form:stlxrb-sr32-ldstexclr:e087feb8d33fab32	a64:encoding:stlxrb-sr32-ldstexclr:e087feb8d33fab32	rs_status:gpr32|rt_value:gpr32|rn:address	rt_value|rn	rs_status	translation_regime|memory_attributes|exclusive_monitors	exclusive_monitors	none	none	rs_status	rn=xn_or_sp;rn31=sp;rs_status=ws_or_wzr;rs_status31=discarded_write_to_wzr;rt_value=wt_or_wzr;rt_value31=constant_zero_from_wzr	reject_if:rs_status==rt_value;reject_if:rs_status==rn&&rn!=31	wN|wzr|address64|sp	none	none	sp|wzr	normal:atomic-capable:conditional-exclusive-write	write_if_exclusive=1;write_otherwise=0	required=1;natural=1;sp_check=formula:sp_alignment_check_if_rn_is_sp	base	none	formula:memory_tagchecked_if_rn_not_sp	none	conditional-exclusive-write:1-byte-range	conditional_store_and_clear_exclusive_monitors	success=release;failure=relaxed	exclusive-loop-component	fallthrough	preserved:delta=0	Armv8-A	base	EL0..EL3	any	any	none	atomic	none	deterministic	architectural_fault:data_abort|architectural_fault:alignment_if_not_naturally_aligned|architectural_fault:sp_alignment_if_rn_is_sp_and_enabled|architectural_fault:tag_check_if_tagchecked	none	removed_if_authority_deprecates
a64:semantic:instruction_form:stlxrh-sr32-ldstexclr:6fd25cff9878a1d1	a64:instruction_form:stlxrh-sr32-ldstexclr:6fd25cff9878a1d1	a64:encoding:stlxrh-sr32-ldstexclr:6fd25cff9878a1d1	rs_status:gpr32|rt_value:gpr32|rn:address	rt_value|rn	rs_status	translation_regime|memory_attributes|exclusive_monitors	exclusive_monitors	none	none	rs_status	rn=xn_or_sp;rn31=sp;rs_status=ws_or_wzr;rs_status31=discarded_write_to_wzr;rt_value=wt_or_wzr;rt_value31=constant_zero_from_wzr	reject_if:rs_status==rt_value;reject_if:rs_status==rn&&rn!=31	wN|wzr|address64|sp	none	none	sp|wzr	normal:atomic-capable:conditional-exclusive-write	write_if_exclusive=2;write_otherwise=0	required=2;natural=2;sp_check=formula:sp_alignment_check_if_rn_is_sp	base	none	formula:memory_tagchecked_if_rn_not_sp	none	conditional-exclusive-write:2-byte-range	conditional_store_and_clear_exclusive_monitors	success=release;failure=relaxed	exclusive-loop-component	fallthrough	preserved:delta=0	Armv8-A	base	EL0..EL3	any	any	none	atomic	none	deterministic	architectural_fault:data_abort|architectural_fault:alignment_if_not_naturally_aligned|architectural_fault:sp_alignment_if_rn_is_sp_and_enabled|architectural_fault:tag_check_if_tagchecked	none	removed_if_authority_deprecates
a64:semantic:instruction_form:stnp-32-ldstnapair-offs:709342e680d7a2f0	a64:instruction_form:stnp-32-ldstnapair-offs:709342e680d7a2f0	a64:encoding:stnp-32-ldstnapair-offs:709342e680d7a2f0	rt:wN|rt2:wN|rn:address|offset:signed_scaled7	rt|rt2|rn	none	translation_regime|memory_attributes	none	none	none	none	rn=xn_or_sp;rn31=sp;rt=wt_or_wzr;rt31=constant_zero_from_wzr;rt2=wt_or_wzr;rt2_31=constant_zero_from_wzr	none	wN|wzr|address64|sp	none	none	sp|wzr	translation-selected-normal-or-device:write:non-temporal-hint	write0=4@effective_address;write1=4@effective_address+4	required=1;natural=4;sp_check=formula:sp_alignment_check_if_rn_is_sp	base+signed_scaled_offset	none	formula:memory_tagchecked_if_rn_not_sp	none	two-element-accesses:not-one-range-atomic	none	relaxed	immediate	fallthrough	preserved:delta=0	Armv8-A	base	EL0..EL3	any	any	none	none	none	deterministic	architectural_fault:data_abort|architectural_fault:alignment_if_required_by_sctlr_or_memory_type|architectural_fault:sp_alignment_if_rn_is_sp_and_enabled|architectural_fault:tag_check_if_tagchecked	none	removed_if_authority_deprecates
a64:semantic:instruction_form:stnp-64-ldstnapair-offs:4c175920606e48e9	a64:instruction_form:stnp-64-ldstnapair-offs:4c175920606e48e9	a64:encoding:stnp-64-ldstnapair-offs:4c175920606e48e9	rt:xN|rt2:xN|rn:address|offset:signed_scaled7	rt|rt2|rn	none	translation_regime|memory_attributes	none	none	none	none	rn=xn_or_sp;rn31=sp;rt=xt_or_xzr;rt31=constant_zero_from_xzr;rt2=xt_or_xzr;rt2_31=constant_zero_from_xzr	none	xN|xzr|address64|sp	none	none	sp|xzr	translation-selected-normal-or-device:write:non-temporal-hint	write0=8@effective_address;write1=8@effective_address+8	required=1;natural=8;sp_check=formula:sp_alignment_check_if_rn_is_sp	base+signed_scaled_offset	none	formula:memory_tagchecked_if_rn_not_sp	none	two-element-accesses:not-one-range-atomic	none	relaxed	immediate	fallthrough	preserved:delta=0	Armv8-A	base	EL0..EL3	any	any	none	none	none	deterministic	architectural_fault:data_abort|architectural_fault:alignment_if_required_by_sctlr_or_memory_type|architectural_fault:sp_alignment_if_rn_is_sp_and_enabled|architectural_fault:tag_check_if_tagchecked	none	removed_if_authority_deprecates
a64:semantic:instruction_form:stnp-d-ldstnapair-offs:7cd46b17f7052d51	a64:instruction_form:stnp-d-ldstnapair-offs:7cd46b17f7052d51	a64:encoding:stnp-d-ldstnapair-offs:7cd46b17f7052d51	rt:dN|rt2:dN|rn:address|offset:signed_scaled7	rt|rt2|rn	none	translation_regime|memory_attributes|fp_access_control|streaming_state	none	none	none	none	rn=xn_or_sp;rn31=sp	none	dN|address64|sp	none	none	sp	translation-selected-normal-or-device:write:non-temporal-hint	write0=8@effective_address;write1=8@effective_address+8	required=1;natural=8;sp_check=formula:sp_alignment_check_if_rn_is_sp	base+signed_scaled_offset	none	formula:memory_tagchecked_if_rn_not_sp	none	two-element-accesses:not-one-range-atomic	none	relaxed	immediate	fallthrough	preserved:delta=0	Armv8-A	FEAT_FP	EL0..EL3	any	formula:simd_streaming_gate	none	none	fp_simd_access_enabled	deterministic	architectural_fault:data_abort|architectural_fault:alignment_if_required_by_sctlr_or_memory_type|architectural_fault:sp_alignment_if_rn_is_sp_and_enabled|architectural_fault:tag_check_if_tagchecked|architectural_fault:fp_simd_access_trap	none	removed_if_authority_deprecates
a64:semantic:instruction_form:stnp-s-ldstnapair-offs:4abdedad0ecdd5d5	a64:instruction_form:stnp-s-ldstnapair-offs:4abdedad0ecdd5d5	a64:encoding:stnp-s-ldstnapair-offs:4abdedad0ecdd5d5	rt:sN|rt2:sN|rn:address|offset:signed_scaled7	rt|rt2|rn	none	translation_regime|memory_attributes|fp_access_control|streaming_state	none	none	none	none	rn=xn_or_sp;rn31=sp	none	sN|address64|sp	none	none	sp	translation-selected-normal-or-device:write:non-temporal-hint	write0=4@effective_address;write1=4@effective_address+4	required=1;natural=4;sp_check=formula:sp_alignment_check_if_rn_is_sp	base+signed_scaled_offset	none	formula:memory_tagchecked_if_rn_not_sp	none	two-element-accesses:not-one-range-atomic	none	relaxed	immediate	fallthrough	preserved:delta=0	Armv8-A	FEAT_FP	EL0..EL3	any	formula:simd_streaming_gate	none	none	fp_simd_access_enabled	deterministic	architectural_fault:data_abort|architectural_fault:alignment_if_required_by_sctlr_or_memory_type|architectural_fault:sp_alignment_if_rn_is_sp_and_enabled|architectural_fault:tag_check_if_tagchecked|architectural_fault:fp_simd_access_trap	none	removed_if_authority_deprecates
a64:semantic:instruction_form:stp-64-ldstpair-off:ab0d9c9f204e4af6	a64:instruction_form:stp-64-ldstpair-off:ab0d9c9f204e4af6	a64:encoding:stp-64-ldstpair-off:ab0d9c9f204e4af6	rt:xN|rt2:xN|rn:address|offset:signed_scaled7	rt|rt2|rn	none	translation_regime|memory_attributes	none	none	none	none	rn=xn_or_sp;rn31=sp;rt=xt_or_xzr;rt31=constant_zero_from_xzr;rt2=xt_or_xzr;rt2_31=constant_zero_from_xzr	none	xN|xzr|address64|sp	none	none	sp|xzr	translation-selected-normal-or-device:write	write0=8@effective_address;write1=8@effective_address+8	required=1;natural=8;sp_check=formula:sp_alignment_check_if_rn_is_sp	base+signed_scaled_offset	none	formula:memory_tagchecked_if_rn_not_sp	none	two-element-accesses:not-one-range-atomic	none	relaxed	immediate	fallthrough	preserved:delta=0	Armv8-A	base	EL0..EL3	any	any	none	none	none	deterministic	architectural_fault:data_abort|architectural_fault:alignment_if_required_by_sctlr_or_memory_type|architectural_fault:sp_alignment_if_rn_is_sp_and_enabled|architectural_fault:tag_check_if_tagchecked	none	removed_if_authority_deprecates
a64:semantic:instruction_form:stp-64-ldstpair-post:066bc162f55b3a85	a64:instruction_form:stp-64-ldstpair-post:066bc162f55b3a85	a64:encoding:stp-64-ldstpair-post:066bc162f55b3a85	rt:xN|rt2:xN|rn:address|offset:signed_scaled7	rt|rt2|rn	rn	translation_regime|memory_attributes	none	rn=read_write	rn	none	rn=xn_or_sp;rn31=sp;rt=xt_or_xzr;rt31=constant_zero_from_xzr;rt2=xt_or_xzr;rt2_31=constant_zero_from_xzr	reject_if:rn==rt&&rn!=31;reject_if:rn==rt2&&rn!=31	xN|xzr|address64|sp	none	none	sp|xzr	translation-selected-normal-or-device:write	write0=8@effective_address;write1=8@effective_address+8	required=1;natural=8;sp_check=formula:sp_alignment_check_if_rn_is_sp	base+signed_postindex	after_access	formula:memory_tagchecked_if_writeback_or_rn_not_sp	none	two-element-accesses:not-one-range-atomic	none	relaxed	immediate	fallthrough	formula:writeback_stack_delta_if_rn_is_sp	Armv8-A	base	EL0..EL3	any	any	none	none	none	deterministic	architectural_fault:data_abort|architectural_fault:alignment_if_required_by_sctlr_or_memory_type|architectural_fault:sp_alignment_if_rn_is_sp_and_enabled|architectural_fault:tag_check_if_tagchecked	none	removed_if_authority_deprecates
a64:semantic:instruction_form:stp-64-ldstpair-pre:67a4ff4321e073ed	a64:instruction_form:stp-64-ldstpair-pre:67a4ff4321e073ed	a64:encoding:stp-64-ldstpair-pre:67a4ff4321e073ed	rt:xN|rt2:xN|rn:address|offset:signed_scaled7	rt|rt2|rn	rn	translation_regime|memory_attributes	none	rn=read_write	rn	none	rn=xn_or_sp;rn31=sp;rt=xt_or_xzr;rt31=constant_zero_from_xzr;rt2=xt_or_xzr;rt2_31=constant_zero_from_xzr	reject_if:rn==rt&&rn!=31;reject_if:rn==rt2&&rn!=31	xN|xzr|address64|sp	none	none	sp|xzr	translation-selected-normal-or-device:write	write0=8@effective_address;write1=8@effective_address+8	required=1;natural=8;sp_check=formula:sp_alignment_check_if_rn_is_sp	base+signed_preindex	before_access	formula:memory_tagchecked_if_writeback_or_rn_not_sp	none	two-element-accesses:not-one-range-atomic	none	relaxed	immediate	fallthrough	formula:writeback_stack_delta_if_rn_is_sp	Armv8-A	base	EL0..EL3	any	any	none	none	none	deterministic	architectural_fault:data_abort|architectural_fault:alignment_if_required_by_sctlr_or_memory_type|architectural_fault:sp_alignment_if_rn_is_sp_and_enabled|architectural_fault:tag_check_if_tagchecked	none	removed_if_authority_deprecates
a64:semantic:instruction_form:str-32-ldst-immpost:36d8074fbbff7072	a64:instruction_form:str-32-ldst-immpost:36d8074fbbff7072	a64:encoding:str-32-ldst-immpost:36d8074fbbff7072	rt:wN|rn:address|offset:signed9	rt|rn	rn	translation_regime|memory_attributes	none	rn=read_write	rn	none	rn=xn_or_sp;rn31=sp;rt=wt_or_wzr;rt31=constant_zero_from_wzr	reject_if:rn==rt&&rn!=31	wN|wzr|address64|sp	none	none	sp|wzr	translation-selected-normal-or-device:write	write=4	required=1;natural=4;sp_check=formula:sp_alignment_check_if_rn_is_sp	base+signed_postindex	after_access	formula:memory_tagchecked_if_writeback_or_rn_not_sp	none	single-copy-atomic-if-naturally-aligned:4-byte-element	none	relaxed	immediate	fallthrough	formula:writeback_stack_delta_if_rn_is_sp	Armv8-A	base	EL0..EL3	any	any	none	none	none	deterministic	architectural_fault:data_abort|architectural_fault:alignment_if_required_by_sctlr_or_memory_type|architectural_fault:sp_alignment_if_rn_is_sp_and_enabled|architectural_fault:tag_check_if_tagchecked	none	removed_if_authority_deprecates
a64:semantic:instruction_form:str-32-ldst-immpre:38d72359bc2c5286	a64:instruction_form:str-32-ldst-immpre:38d72359bc2c5286	a64:encoding:str-32-ldst-immpre:38d72359bc2c5286	rt:wN|rn:address|offset:signed9	rt|rn	rn	translation_regime|memory_attributes	none	rn=read_write	rn	none	rn=xn_or_sp;rn31=sp;rt=wt_or_wzr;rt31=constant_zero_from_wzr	reject_if:rn==rt&&rn!=31	wN|wzr|address64|sp	none	none	sp|wzr	translation-selected-normal-or-device:write	write=4	required=1;natural=4;sp_check=formula:sp_alignment_check_if_rn_is_sp	base+signed_preindex	before_access	formula:memory_tagchecked_if_writeback_or_rn_not_sp	none	single-copy-atomic-if-naturally-aligned:4-byte-element	none	relaxed	immediate	fallthrough	formula:writeback_stack_delta_if_rn_is_sp	Armv8-A	base	EL0..EL3	any	any	none	none	none	deterministic	architectural_fault:data_abort|architectural_fault:alignment_if_required_by_sctlr_or_memory_type|architectural_fault:sp_alignment_if_rn_is_sp_and_enabled|architectural_fault:tag_check_if_tagchecked	none	removed_if_authority_deprecates
a64:semantic:instruction_form:str-32-ldst-pos:e8bc864f95b974fd	a64:instruction_form:str-32-ldst-pos:e8bc864f95b974fd	a64:encoding:str-32-ldst-pos:e8bc864f95b974fd	rt:wN|rn:address|offset:scaled_unsigned12	rt|rn	none	translation_regime|memory_attributes	none	none	none	none	rn=xn_or_sp;rn31=sp;rt=wt_or_wzr;rt31=constant_zero_from_wzr	none	wN|wzr|address64|sp	none	none	sp|wzr	translation-selected-normal-or-device:write	write=4	required=1;natural=4;sp_check=formula:sp_alignment_check_if_rn_is_sp	base+scaled_unsigned_offset	none	formula:memory_tagchecked_if_rn_not_sp	none	single-copy-atomic-if-naturally-aligned:4-byte-element	none	relaxed	immediate	fallthrough	preserved:delta=0	Armv8-A	base	EL0..EL3	any	any	none	none	none	deterministic	architectural_fault:data_abort|architectural_fault:alignment_if_required_by_sctlr_or_memory_type|architectural_fault:sp_alignment_if_rn_is_sp_and_enabled|architectural_fault:tag_check_if_tagchecked	none	removed_if_authority_deprecates
a64:semantic:instruction_form:str-64-ldst-immpost:73555383024abb1e	a64:instruction_form:str-64-ldst-immpost:73555383024abb1e	a64:encoding:str-64-ldst-immpost:73555383024abb1e	rt:xN|rn:address|offset:signed9	rt|rn	rn	translation_regime|memory_attributes	none	rn=read_write	rn	none	rn=xn_or_sp;rn31=sp;rt=xt_or_xzr;rt31=constant_zero_from_xzr	reject_if:rn==rt&&rn!=31	xN|xzr|address64|sp	none	none	sp|xzr	translation-selected-normal-or-device:write	write=8	required=1;natural=8;sp_check=formula:sp_alignment_check_if_rn_is_sp	base+signed_postindex	after_access	formula:memory_tagchecked_if_writeback_or_rn_not_sp	none	single-copy-atomic-if-naturally-aligned:8-byte-element	none	relaxed	immediate	fallthrough	formula:writeback_stack_delta_if_rn_is_sp	Armv8-A	base	EL0..EL3	any	any	none	none	none	deterministic	architectural_fault:data_abort|architectural_fault:alignment_if_required_by_sctlr_or_memory_type|architectural_fault:sp_alignment_if_rn_is_sp_and_enabled|architectural_fault:tag_check_if_tagchecked	none	removed_if_authority_deprecates
a64:semantic:instruction_form:str-64-ldst-immpre:3d6336d15c6c7224	a64:instruction_form:str-64-ldst-immpre:3d6336d15c6c7224	a64:encoding:str-64-ldst-immpre:3d6336d15c6c7224	rt:xN|rn:address|offset:signed9	rt|rn	rn	translation_regime|memory_attributes	none	rn=read_write	rn	none	rn=xn_or_sp;rn31=sp;rt=xt_or_xzr;rt31=constant_zero_from_xzr	reject_if:rn==rt&&rn!=31	xN|xzr|address64|sp	none	none	sp|xzr	translation-selected-normal-or-device:write	write=8	required=1;natural=8;sp_check=formula:sp_alignment_check_if_rn_is_sp	base+signed_preindex	before_access	formula:memory_tagchecked_if_writeback_or_rn_not_sp	none	single-copy-atomic-if-naturally-aligned:8-byte-element	none	relaxed	immediate	fallthrough	formula:writeback_stack_delta_if_rn_is_sp	Armv8-A	base	EL0..EL3	any	any	none	none	none	deterministic	architectural_fault:data_abort|architectural_fault:alignment_if_required_by_sctlr_or_memory_type|architectural_fault:sp_alignment_if_rn_is_sp_and_enabled|architectural_fault:tag_check_if_tagchecked	none	removed_if_authority_deprecates
a64:semantic:instruction_form:str-64-ldst-pos:53445743f9dbc4ca	a64:instruction_form:str-64-ldst-pos:53445743f9dbc4ca	a64:encoding:str-64-ldst-pos:53445743f9dbc4ca	rt:xN|rn:address|offset:scaled_unsigned12	rt|rn	none	translation_regime|memory_attributes	none	none	none	none	rn=xn_or_sp;rn31=sp;rt=xt_or_xzr;rt31=constant_zero_from_xzr	none	xN|xzr|address64|sp	none	none	sp|xzr	translation-selected-normal-or-device:write	write=8	required=1;natural=8;sp_check=formula:sp_alignment_check_if_rn_is_sp	base+scaled_unsigned_offset	none	formula:memory_tagchecked_if_rn_not_sp	none	single-copy-atomic-if-naturally-aligned:8-byte-element	none	relaxed	immediate	fallthrough	preserved:delta=0	Armv8-A	base	EL0..EL3	any	any	none	none	none	deterministic	architectural_fault:data_abort|architectural_fault:alignment_if_required_by_sctlr_or_memory_type|architectural_fault:sp_alignment_if_rn_is_sp_and_enabled|architectural_fault:tag_check_if_tagchecked	none	removed_if_authority_deprecates
a64:semantic:instruction_form:str-d-ldst-pos:a53902004b5007ed	a64:instruction_form:str-d-ldst-pos:a53902004b5007ed	a64:encoding:str-d-ldst-pos:a53902004b5007ed	rt:dN|rn:address|offset:scaled_unsigned12	rt|rn	none	translation_regime|memory_attributes|fp_access_control|streaming_state	none	none	none	none	rn=xn_or_sp;rn31=sp	none	dN|address64|sp	none	none	sp	translation-selected-normal-or-device:write	write=8	required=1;natural=8;sp_check=formula:sp_alignment_check_if_rn_is_sp	base+scaled_unsigned_offset	none	formula:memory_tagchecked_if_rn_not_sp	none	single-copy-atomic-if-naturally-aligned:8-byte-element	none	relaxed	immediate	fallthrough	preserved:delta=0	Armv8-A	FEAT_FP	EL0..EL3	any	formula:simd_streaming_gate	none	none	fp_simd_access_enabled	deterministic	architectural_fault:data_abort|architectural_fault:alignment_if_required_by_sctlr_or_memory_type|architectural_fault:sp_alignment_if_rn_is_sp_and_enabled|architectural_fault:tag_check_if_tagchecked|architectural_fault:fp_simd_access_trap	none	removed_if_authority_deprecates
a64:semantic:instruction_form:str-q-ldst-pos:346f113bc1b84de9	a64:instruction_form:str-q-ldst-pos:346f113bc1b84de9	a64:encoding:str-q-ldst-pos:346f113bc1b84de9	rt:qN|rn:address|offset:scaled_unsigned12	rt|rn	none	translation_regime|memory_attributes|fp_access_control|streaming_state	none	none	none	none	rn=xn_or_sp;rn31=sp	none	qN|address64|sp	none	none	sp	translation-selected-normal-or-device:write	write=16	required=1;natural=16;sp_check=formula:sp_alignment_check_if_rn_is_sp	base+scaled_unsigned_offset	none	formula:memory_tagchecked_if_rn_not_sp	none	not-guaranteed-single-copy-atomic	none	relaxed	immediate	fallthrough	preserved:delta=0	Armv8-A	FEAT_FP	EL0..EL3	any	formula:simd_streaming_gate	none	none	fp_simd_access_enabled	deterministic	architectural_fault:data_abort|architectural_fault:alignment_if_required_by_sctlr_or_memory_type|architectural_fault:sp_alignment_if_rn_is_sp_and_enabled|architectural_fault:tag_check_if_tagchecked|architectural_fault:fp_simd_access_trap	none	removed_if_authority_deprecates
a64:semantic:instruction_form:str-s-ldst-pos:dea69dee0298d5d5	a64:instruction_form:str-s-ldst-pos:dea69dee0298d5d5	a64:encoding:str-s-ldst-pos:dea69dee0298d5d5	rt:sN|rn:address|offset:scaled_unsigned12	rt|rn	none	translation_regime|memory_attributes|fp_access_control|streaming_state	none	none	none	none	rn=xn_or_sp;rn31=sp	none	sN|address64|sp	none	none	sp	translation-selected-normal-or-device:write	write=4	required=1;natural=4;sp_check=formula:sp_alignment_check_if_rn_is_sp	base+scaled_unsigned_offset	none	formula:memory_tagchecked_if_rn_not_sp	none	single-copy-atomic-if-naturally-aligned:4-byte-element	none	relaxed	immediate	fallthrough	preserved:delta=0	Armv8-A	FEAT_FP	EL0..EL3	any	formula:simd_streaming_gate	none	none	fp_simd_access_enabled	deterministic	architectural_fault:data_abort|architectural_fault:alignment_if_required_by_sctlr_or_memory_type|architectural_fault:sp_alignment_if_rn_is_sp_and_enabled|architectural_fault:tag_check_if_tagchecked|architectural_fault:fp_simd_access_trap	none	removed_if_authority_deprecates
a64:semantic:instruction_form:strb-32-ldst-pos:f7d854c157b50361	a64:instruction_form:strb-32-ldst-pos:f7d854c157b50361	a64:encoding:strb-32-ldst-pos:f7d854c157b50361	rt:wN|rn:address|offset:scaled_unsigned12	rt|rn	none	translation_regime|memory_attributes	none	none	none	none	rn=xn_or_sp;rn31=sp;rt=wt_or_wzr;rt31=constant_zero_from_wzr	none	wN|wzr|address64|sp	none	none	sp|wzr	translation-selected-normal-or-device:write	write=1	required=1;natural=1;sp_check=formula:sp_alignment_check_if_rn_is_sp	base+scaled_unsigned_offset	none	formula:memory_tagchecked_if_rn_not_sp	none	single-copy-atomic-if-naturally-aligned:1-byte-element	none	relaxed	immediate	fallthrough	preserved:delta=0	Armv8-A	base	EL0..EL3	any	any	none	none	none	deterministic	architectural_fault:data_abort|architectural_fault:alignment_if_required_by_sctlr_or_memory_type|architectural_fault:sp_alignment_if_rn_is_sp_and_enabled|architectural_fault:tag_check_if_tagchecked	none	removed_if_authority_deprecates
a64:semantic:instruction_form:strh-32-ldst-pos:5e3274814a2e0644	a64:instruction_form:strh-32-ldst-pos:5e3274814a2e0644	a64:encoding:strh-32-ldst-pos:5e3274814a2e0644	rt:wN|rn:address|offset:scaled_unsigned12	rt|rn	none	translation_regime|memory_attributes	none	none	none	none	rn=xn_or_sp;rn31=sp;rt=wt_or_wzr;rt31=constant_zero_from_wzr	none	wN|wzr|address64|sp	none	none	sp|wzr	translation-selected-normal-or-device:write	write=2	required=1;natural=2;sp_check=formula:sp_alignment_check_if_rn_is_sp	base+scaled_unsigned_offset	none	formula:memory_tagchecked_if_rn_not_sp	none	single-copy-atomic-if-naturally-aligned:2-byte-element	none	relaxed	immediate	fallthrough	preserved:delta=0	Armv8-A	base	EL0..EL3	any	any	none	none	none	deterministic	architectural_fault:data_abort|architectural_fault:alignment_if_required_by_sctlr_or_memory_type|architectural_fault:sp_alignment_if_rn_is_sp_and_enabled|architectural_fault:tag_check_if_tagchecked	none	removed_if_authority_deprecates
a64:semantic:instruction_form:stur-32-ldst-unscaled:5e4d9bffd3d9a1ba	a64:instruction_form:stur-32-ldst-unscaled:5e4d9bffd3d9a1ba	a64:encoding:stur-32-ldst-unscaled:5e4d9bffd3d9a1ba	rt:wN|rn:address|offset:signed9	rt|rn	none	translation_regime|memory_attributes	none	none	none	none	rn=xn_or_sp;rn31=sp;rt=wt_or_wzr;rt31=constant_zero_from_wzr	none	wN|wzr|address64|sp	none	none	sp|wzr	translation-selected-normal-or-device:write	write=4	required=1;natural=4;sp_check=formula:sp_alignment_check_if_rn_is_sp	base+signed_unscaled_offset	none	formula:memory_tagchecked_if_rn_not_sp	none	single-copy-atomic-if-naturally-aligned:4-byte-element	none	relaxed	immediate	fallthrough	preserved:delta=0	Armv8-A	base	EL0..EL3	any	any	none	none	none	deterministic	architectural_fault:data_abort|architectural_fault:alignment_if_required_by_sctlr_or_memory_type|architectural_fault:sp_alignment_if_rn_is_sp_and_enabled|architectural_fault:tag_check_if_tagchecked	none	removed_if_authority_deprecates
a64:semantic:instruction_form:stur-64-ldst-unscaled:459d1e33594b135a	a64:instruction_form:stur-64-ldst-unscaled:459d1e33594b135a	a64:encoding:stur-64-ldst-unscaled:459d1e33594b135a	rt:xN|rn:address|offset:signed9	rt|rn	none	translation_regime|memory_attributes	none	none	none	none	rn=xn_or_sp;rn31=sp;rt=xt_or_xzr;rt31=constant_zero_from_xzr	none	xN|xzr|address64|sp	none	none	sp|xzr	translation-selected-normal-or-device:write	write=8	required=1;natural=8;sp_check=formula:sp_alignment_check_if_rn_is_sp	base+signed_unscaled_offset	none	formula:memory_tagchecked_if_rn_not_sp	none	single-copy-atomic-if-naturally-aligned:8-byte-element	none	relaxed	immediate	fallthrough	preserved:delta=0	Armv8-A	base	EL0..EL3	any	any	none	none	none	deterministic	architectural_fault:data_abort|architectural_fault:alignment_if_required_by_sctlr_or_memory_type|architectural_fault:sp_alignment_if_rn_is_sp_and_enabled|architectural_fault:tag_check_if_tagchecked	none	removed_if_authority_deprecates
a64:semantic:instruction_form:sturb-32-ldst-unscaled:d16203ffcae43daa	a64:instruction_form:sturb-32-ldst-unscaled:d16203ffcae43daa	a64:encoding:sturb-32-ldst-unscaled:d16203ffcae43daa	rt:wN|rn:address|offset:signed9	rt|rn	none	translation_regime|memory_attributes	none	none	none	none	rn=xn_or_sp;rn31=sp;rt=wt_or_wzr;rt31=constant_zero_from_wzr	none	wN|wzr|address64|sp	none	none	sp|wzr	translation-selected-normal-or-device:write	write=1	required=1;natural=1;sp_check=formula:sp_alignment_check_if_rn_is_sp	base+signed_unscaled_offset	none	formula:memory_tagchecked_if_rn_not_sp	none	single-copy-atomic-if-naturally-aligned:1-byte-element	none	relaxed	immediate	fallthrough	preserved:delta=0	Armv8-A	base	EL0..EL3	any	any	none	none	none	deterministic	architectural_fault:data_abort|architectural_fault:alignment_if_required_by_sctlr_or_memory_type|architectural_fault:sp_alignment_if_rn_is_sp_and_enabled|architectural_fault:tag_check_if_tagchecked	none	removed_if_authority_deprecates
a64:semantic:instruction_form:sturh-32-ldst-unscaled:fc5195fc689f1130	a64:instruction_form:sturh-32-ldst-unscaled:fc5195fc689f1130	a64:encoding:sturh-32-ldst-unscaled:fc5195fc689f1130	rt:wN|rn:address|offset:signed9	rt|rn	none	translation_regime|memory_attributes	none	none	none	none	rn=xn_or_sp;rn31=sp;rt=wt_or_wzr;rt31=constant_zero_from_wzr	none	wN|wzr|address64|sp	none	none	sp|wzr	translation-selected-normal-or-device:write	write=2	required=1;natural=2;sp_check=formula:sp_alignment_check_if_rn_is_sp	base+signed_unscaled_offset	none	formula:memory_tagchecked_if_rn_not_sp	none	single-copy-atomic-if-naturally-aligned:2-byte-element	none	relaxed	immediate	fallthrough	preserved:delta=0	Armv8-A	base	EL0..EL3	any	any	none	none	none	deterministic	architectural_fault:data_abort|architectural_fault:alignment_if_required_by_sctlr_or_memory_type|architectural_fault:sp_alignment_if_rn_is_sp_and_enabled|architectural_fault:tag_check_if_tagchecked	none	removed_if_authority_deprecates
a64:semantic:instruction_form:stxr-sr32-ldstexclr:d8a4d6cd8c9c1f44	a64:instruction_form:stxr-sr32-ldstexclr:d8a4d6cd8c9c1f44	a64:encoding:stxr-sr32-ldstexclr:d8a4d6cd8c9c1f44	rs_status:gpr32|rt_value:gpr32|rn:address	rt_value|rn	rs_status	translation_regime|memory_attributes|exclusive_monitors	exclusive_monitors	none	none	rs_status	rn=xn_or_sp;rn31=sp;rs_status=ws_or_wzr;rs_status31=discarded_write_to_wzr;rt_value=wt_or_wzr;rt_value31=constant_zero_from_wzr	reject_if:rs_status==rt_value;reject_if:rs_status==rn&&rn!=31	wN|wzr|address64|sp	none	none	sp|wzr	normal:atomic-capable:conditional-exclusive-write	write_if_exclusive=4;write_otherwise=0	required=4;natural=4;sp_check=formula:sp_alignment_check_if_rn_is_sp	base	none	formula:memory_tagchecked_if_rn_not_sp	none	conditional-exclusive-write:4-byte-range	conditional_store_and_clear_exclusive_monitors	success=relaxed;failure=relaxed	exclusive-loop-component	fallthrough	preserved:delta=0	Armv8-A	base	EL0..EL3	any	any	none	atomic	none	deterministic	architectural_fault:data_abort|architectural_fault:alignment_if_not_naturally_aligned|architectural_fault:sp_alignment_if_rn_is_sp_and_enabled|architectural_fault:tag_check_if_tagchecked	none	removed_if_authority_deprecates
a64:semantic:instruction_form:stxr-sr64-ldstexclr:18fd605bcef1b149	a64:instruction_form:stxr-sr64-ldstexclr:18fd605bcef1b149	a64:encoding:stxr-sr64-ldstexclr:18fd605bcef1b149	rs_status:gpr32|rt_value:gpr64|rn:address	rt_value|rn	rs_status	translation_regime|memory_attributes|exclusive_monitors	exclusive_monitors	none	none	rs_status	rn=xn_or_sp;rn31=sp;rs_status=ws_or_wzr;rs_status31=discarded_write_to_wzr;rt_value=xt_or_xzr;rt_value31=constant_zero_from_xzr	reject_if:rs_status==rt_value;reject_if:rs_status==rn&&rn!=31	wN|wzr|xN|xzr|address64|sp	none	none	sp|wzr|xzr	normal:atomic-capable:conditional-exclusive-write	write_if_exclusive=8;write_otherwise=0	required=8;natural=8;sp_check=formula:sp_alignment_check_if_rn_is_sp	base	none	formula:memory_tagchecked_if_rn_not_sp	none	conditional-exclusive-write:8-byte-range	conditional_store_and_clear_exclusive_monitors	success=relaxed;failure=relaxed	exclusive-loop-component	fallthrough	preserved:delta=0	Armv8-A	base	EL0..EL3	any	any	none	atomic	none	deterministic	architectural_fault:data_abort|architectural_fault:alignment_if_not_naturally_aligned|architectural_fault:sp_alignment_if_rn_is_sp_and_enabled|architectural_fault:tag_check_if_tagchecked	none	removed_if_authority_deprecates
a64:semantic:instruction_form:stxrb-sr32-ldstexclr:e1520a179e16b844	a64:instruction_form:stxrb-sr32-ldstexclr:e1520a179e16b844	a64:encoding:stxrb-sr32-ldstexclr:e1520a179e16b844	rs_status:gpr32|rt_value:gpr32|rn:address	rt_value|rn	rs_status	translation_regime|memory_attributes|exclusive_monitors	exclusive_monitors	none	none	rs_status	rn=xn_or_sp;rn31=sp;rs_status=ws_or_wzr;rs_status31=discarded_write_to_wzr;rt_value=wt_or_wzr;rt_value31=constant_zero_from_wzr	reject_if:rs_status==rt_value;reject_if:rs_status==rn&&rn!=31	wN|wzr|address64|sp	none	none	sp|wzr	normal:atomic-capable:conditional-exclusive-write	write_if_exclusive=1;write_otherwise=0	required=1;natural=1;sp_check=formula:sp_alignment_check_if_rn_is_sp	base	none	formula:memory_tagchecked_if_rn_not_sp	none	conditional-exclusive-write:1-byte-range	conditional_store_and_clear_exclusive_monitors	success=relaxed;failure=relaxed	exclusive-loop-component	fallthrough	preserved:delta=0	Armv8-A	base	EL0..EL3	any	any	none	atomic	none	deterministic	architectural_fault:data_abort|architectural_fault:alignment_if_not_naturally_aligned|architectural_fault:sp_alignment_if_rn_is_sp_and_enabled|architectural_fault:tag_check_if_tagchecked	none	removed_if_authority_deprecates
a64:semantic:instruction_form:stxrh-sr32-ldstexclr:7d3eefa29a7bc6c0	a64:instruction_form:stxrh-sr32-ldstexclr:7d3eefa29a7bc6c0	a64:encoding:stxrh-sr32-ldstexclr:7d3eefa29a7bc6c0	rs_status:gpr32|rt_value:gpr32|rn:address	rt_value|rn	rs_status	translation_regime|memory_attributes|exclusive_monitors	exclusive_monitors	none	none	rs_status	rn=xn_or_sp;rn31=sp;rs_status=ws_or_wzr;rs_status31=discarded_write_to_wzr;rt_value=wt_or_wzr;rt_value31=constant_zero_from_wzr	reject_if:rs_status==rt_value;reject_if:rs_status==rn&&rn!=31	wN|wzr|address64|sp	none	none	sp|wzr	normal:atomic-capable:conditional-exclusive-write	write_if_exclusive=2;write_otherwise=0	required=2;natural=2;sp_check=formula:sp_alignment_check_if_rn_is_sp	base	none	formula:memory_tagchecked_if_rn_not_sp	none	conditional-exclusive-write:2-byte-range	conditional_store_and_clear_exclusive_monitors	success=relaxed;failure=relaxed	exclusive-loop-component	fallthrough	preserved:delta=0	Armv8-A	base	EL0..EL3	any	any	none	atomic	none	deterministic	architectural_fault:data_abort|architectural_fault:alignment_if_not_naturally_aligned|architectural_fault:sp_alignment_if_rn_is_sp_and_enabled|architectural_fault:tag_check_if_tagchecked	none	removed_if_authority_deprecates
a64:semantic:instruction_form:sub-32-addsub-imm:f49297296dd1889c	a64:instruction_form:sub-32-addsub-imm:f49297296dd1889c	a64:encoding:sub-32-addsub-imm:f49297296dd1889c	rd:gpr32|rn:gpr32|imm:encoded_immediate	rn	rd	none	none	none	none	none	none	none	wN	none	none	none	none	0	1	none	none	none	none	none	none	none	immediate	fallthrough	preserved:delta=0	Armv8-A	base	EL0..EL3	any	any	none	none	none	deterministic	none	none	removed_if_authority_deprecates
a64:semantic:instruction_form:sub-32-addsub-shift:137892169b11673a	a64:instruction_form:sub-32-addsub-shift:137892169b11673a	a64:encoding:sub-32-addsub-shift:137892169b11673a	rd:gpr32|rn:gpr32|rm:gpr32|shift:u2|amount:u6	rn|rm	rd	none	none	none	none	none	none	none	wN	none	none	none	none	0	1	none	none	none	none	none	none	none	immediate	fallthrough	preserved:delta=0	Armv8-A	base	EL0..EL3	any	any	none	none	none	deterministic	none	none	removed_if_authority_deprecates
a64:semantic:instruction_form:sub-64-addsub-imm:687788e2c2cf66d1	a64:instruction_form:sub-64-addsub-imm:687788e2c2cf66d1	a64:encoding:sub-64-addsub-imm:687788e2c2cf66d1	rd:gpr64|rn:gpr64|imm:encoded_immediate	rn	rd	none	none	none	none	none	none	none	xN	none	none	none	none	0	1	none	none	none	none	none	none	none	immediate	fallthrough	preserved:delta=0	Armv8-A	base	EL0..EL3	any	any	none	none	none	deterministic	none	none	removed_if_authority_deprecates
a64:semantic:instruction_form:sub-64-addsub-shift:fb0c82e5e2c3f86f	a64:instruction_form:sub-64-addsub-shift:fb0c82e5e2c3f86f	a64:encoding:sub-64-addsub-shift:fb0c82e5e2c3f86f	rd:gpr64|rn:gpr64|rm:gpr64|shift:u2|amount:u6	rn|rm	rd	none	none	none	none	none	none	none	xN	none	none	none	none	0	1	none	none	none	none	none	none	none	immediate	fallthrough	preserved:delta=0	Armv8-A	base	EL0..EL3	any	any	none	none	none	deterministic	none	none	removed_if_authority_deprecates
a64:semantic:instruction_form:sub-asimdsame-only:bf6ff56db18c3157	a64:instruction_form:sub-asimdsame-only:bf6ff56db18c3157	a64:encoding:sub-asimdsame-only:bf6ff56db18c3157	vd:simd|vn:simd|vm:simd	vn|vm	vd	fp_access_control|streaming_state	none	none	none	none	none	none	vN	formula:simd_arrangement_from_q_size	none	none	none	0	1	none	none	none	none	none	none	none	immediate	fallthrough	preserved:delta=0	Armv8-A	FEAT_AdvSIMD	EL0..EL3	any	formula:simd_streaming_gate	none	none	fp_simd_access_enabled	deterministic	architectural_fault:fp_simd_access_trap	none	removed_if_authority_deprecates
a64:semantic:instruction_form:subs-32-addsub-shift:d0551e47ea733c42	a64:instruction_form:subs-32-addsub-shift:d0551e47ea733c42	a64:encoding:subs-32-addsub-shift:d0551e47ea733c42	rd:gpr32|rn:gpr32|rm:gpr32|shift:u2|amount:u6	rn|rm	rd	none	NZCV	none	none	none	none	none	wN	none	none	none	none	0	1	none	none	none	none	none	none	none	immediate	fallthrough	preserved:delta=0	Armv8-A	base	EL0..EL3	any	any	none	none	none	deterministic	none	none	removed_if_authority_deprecates
a64:semantic:instruction_form:subs-32s-addsub-imm:2576e33746f0bdbb	a64:instruction_form:subs-32s-addsub-imm:2576e33746f0bdbb	a64:encoding:subs-32s-addsub-imm:2576e33746f0bdbb	rd:gpr32|rn:gpr32|imm:encoded_immediate	rn	rd	none	NZCV	none	none	none	none	none	wN	none	none	none	none	0	1	none	none	none	none	none	none	none	immediate	fallthrough	preserved:delta=0	Armv8-A	base	EL0..EL3	any	any	none	none	none	deterministic	none	none	removed_if_authority_deprecates
a64:semantic:instruction_form:subs-64-addsub-shift:1c0e1ab9a628d873	a64:instruction_form:subs-64-addsub-shift:1c0e1ab9a628d873	a64:encoding:subs-64-addsub-shift:1c0e1ab9a628d873	rd:gpr64|rn:gpr64|rm:gpr64|shift:u2|amount:u6	rn|rm	rd	none	NZCV	none	none	none	none	none	xN	none	none	none	none	0	1	none	none	none	none	none	none	none	immediate	fallthrough	preserved:delta=0	Armv8-A	base	EL0..EL3	any	any	none	none	none	deterministic	none	none	removed_if_authority_deprecates
a64:semantic:instruction_form:subs-64s-addsub-imm:01f535880b57da4c	a64:instruction_form:subs-64s-addsub-imm:01f535880b57da4c	a64:encoding:subs-64s-addsub-imm:01f535880b57da4c	rd:gpr64|rn:gpr64|imm:encoded_immediate	rn	rd	none	NZCV	none	none	none	none	none	xN	none	none	none	none	0	1	none	none	none	none	none	none	none	immediate	fallthrough	preserved:delta=0	Armv8-A	base	EL0..EL3	any	any	none	none	none	deterministic	none	none	removed_if_authority_deprecates
a64:semantic:instruction_form:svc-ex-exception:58ce0b8bce0eb32b	a64:instruction_form:svc-ex-exception:58ce0b8bce0eb32b	a64:encoding:svc-ex-exception:58ce0b8bce0eb32b	imm16:u16	none	none	PSTATE|exception_state	pc|PSTATE|exception_state|ELR_ELx|SPSR_ELx	none	none	none	none	none	none	none	none	exception_target=max(current_el,EL1)	none	0	1	none	none	none	none	none	none	context_synchronizing	immediate	exception_terminal	preserved:delta=0	Armv8-A	base	EL0..EL3	any	any	none	trap	none	deterministic	architectural_fault:supervisor_call_exception	none	removed_if_authority_deprecates
a64:semantic:instruction_form:swp-32-memop:25042724865ac78e	a64:instruction_form:swp-32-memop:25042724865ac78e	a64:encoding:swp-32-memop:25042724865ac78e	rs_value:gpr32|rt_prior:gpr32|rn:address	rs_value|rn	rt_prior	translation_regime|memory_attributes	none	none	none	none	rn=xn_or_sp;rn31=sp;rs_value=wt_or_wzr;rs_value31=constant_zero_from_wzr;rt_prior=wt_or_wzr;rt_prior31=discarded_write_to_wzr	none	wN|wzr|address64|sp	none	none	sp|wzr	normal:atomic-capable:read-modify-write	read=4;write=4	required=4;natural=4;sp_check=formula:sp_alignment_check_if_rn_is_sp	base	none	formula:memory_tagchecked_if_rn_not_sp	none	atomic-read-modify-write:4-byte-range	none	relaxed	single-copy-atomic	fallthrough	preserved:delta=0	Armv8-A	FEAT_LSE	EL0..EL3	any	any	none	atomic	none	deterministic	architectural_fault:data_abort|architectural_fault:alignment_if_not_naturally_aligned|architectural_fault:sp_alignment_if_rn_is_sp_and_enabled|architectural_fault:tag_check_if_tagchecked	none	removed_if_authority_deprecates
a64:semantic:instruction_form:swp-64-memop:511f81723173ec39	a64:instruction_form:swp-64-memop:511f81723173ec39	a64:encoding:swp-64-memop:511f81723173ec39	rs_value:gpr64|rt_prior:gpr64|rn:address	rs_value|rn	rt_prior	translation_regime|memory_attributes	none	none	none	none	rn=xn_or_sp;rn31=sp;rs_value=xt_or_xzr;rs_value31=constant_zero_from_xzr;rt_prior=xt_or_xzr;rt_prior31=discarded_write_to_xzr	none	xN|xzr|address64|sp	none	none	sp|xzr	normal:atomic-capable:read-modify-write	read=8;write=8	required=8;natural=8;sp_check=formula:sp_alignment_check_if_rn_is_sp	base	none	formula:memory_tagchecked_if_rn_not_sp	none	atomic-read-modify-write:8-byte-range	none	relaxed	single-copy-atomic	fallthrough	preserved:delta=0	Armv8-A	FEAT_LSE	EL0..EL3	any	any	none	atomic	none	deterministic	architectural_fault:data_abort|architectural_fault:alignment_if_not_naturally_aligned|architectural_fault:sp_alignment_if_rn_is_sp_and_enabled|architectural_fault:tag_check_if_tagchecked	none	removed_if_authority_deprecates
a64:semantic:instruction_form:swpa-32-memop:3a17b6fa9c035b80	a64:instruction_form:swpa-32-memop:3a17b6fa9c035b80	a64:encoding:swpa-32-memop:3a17b6fa9c035b80	rs_value:gpr32|rt_prior:gpr32|rn:address	rs_value|rn	rt_prior	translation_regime|memory_attributes	none	none	none	none	rn=xn_or_sp;rn31=sp;rs_value=wt_or_wzr;rs_value31=constant_zero_from_wzr;rt_prior=wt_or_wzr;rt_prior31=discarded_write_to_wzr	none	wN|wzr|address64|sp	none	none	sp|wzr	normal:atomic-capable:read-modify-write	read=4;write=4	required=4;natural=4;sp_check=formula:sp_alignment_check_if_rn_is_sp	base	none	formula:memory_tagchecked_if_rn_not_sp	none	atomic-read-modify-write:4-byte-range	none	acquire	single-copy-atomic	fallthrough	preserved:delta=0	Armv8-A	FEAT_LSE	EL0..EL3	any	any	none	atomic	none	deterministic	architectural_fault:data_abort|architectural_fault:alignment_if_not_naturally_aligned|architectural_fault:sp_alignment_if_rn_is_sp_and_enabled|architectural_fault:tag_check_if_tagchecked	none	removed_if_authority_deprecates
a64:semantic:instruction_form:swpa-64-memop:5865ff08c59403b5	a64:instruction_form:swpa-64-memop:5865ff08c59403b5	a64:encoding:swpa-64-memop:5865ff08c59403b5	rs_value:gpr64|rt_prior:gpr64|rn:address	rs_value|rn	rt_prior	translation_regime|memory_attributes	none	none	none	none	rn=xn_or_sp;rn31=sp;rs_value=xt_or_xzr;rs_value31=constant_zero_from_xzr;rt_prior=xt_or_xzr;rt_prior31=discarded_write_to_xzr	none	xN|xzr|address64|sp	none	none	sp|xzr	normal:atomic-capable:read-modify-write	read=8;write=8	required=8;natural=8;sp_check=formula:sp_alignment_check_if_rn_is_sp	base	none	formula:memory_tagchecked_if_rn_not_sp	none	atomic-read-modify-write:8-byte-range	none	acquire	single-copy-atomic	fallthrough	preserved:delta=0	Armv8-A	FEAT_LSE	EL0..EL3	any	any	none	atomic	none	deterministic	architectural_fault:data_abort|architectural_fault:alignment_if_not_naturally_aligned|architectural_fault:sp_alignment_if_rn_is_sp_and_enabled|architectural_fault:tag_check_if_tagchecked	none	removed_if_authority_deprecates
a64:semantic:instruction_form:swpab-32-memop:389a465a96269b70	a64:instruction_form:swpab-32-memop:389a465a96269b70	a64:encoding:swpab-32-memop:389a465a96269b70	rs_value:gpr32|rt_prior:gpr32|rn:address	rs_value|rn	rt_prior	translation_regime|memory_attributes	none	none	none	none	rn=xn_or_sp;rn31=sp;rs_value=wt_or_wzr;rs_value31=constant_zero_from_wzr;rt_prior=wt_or_wzr;rt_prior31=discarded_write_to_wzr	none	wN|wzr|address64|sp	none	none	sp|wzr	normal:atomic-capable:read-modify-write	read=1;write=1	required=1;natural=1;sp_check=formula:sp_alignment_check_if_rn_is_sp	base	none	formula:memory_tagchecked_if_rn_not_sp	none	atomic-read-modify-write:1-byte-range	none	acquire	single-copy-atomic	fallthrough	preserved:delta=0	Armv8-A	FEAT_LSE	EL0..EL3	any	any	none	atomic	none	deterministic	architectural_fault:data_abort|architectural_fault:alignment_if_not_naturally_aligned|architectural_fault:sp_alignment_if_rn_is_sp_and_enabled|architectural_fault:tag_check_if_tagchecked	none	removed_if_authority_deprecates
a64:semantic:instruction_form:swpah-32-memop:fa49417c1563efd0	a64:instruction_form:swpah-32-memop:fa49417c1563efd0	a64:encoding:swpah-32-memop:fa49417c1563efd0	rs_value:gpr32|rt_prior:gpr32|rn:address	rs_value|rn	rt_prior	translation_regime|memory_attributes	none	none	none	none	rn=xn_or_sp;rn31=sp;rs_value=wt_or_wzr;rs_value31=constant_zero_from_wzr;rt_prior=wt_or_wzr;rt_prior31=discarded_write_to_wzr	none	wN|wzr|address64|sp	none	none	sp|wzr	normal:atomic-capable:read-modify-write	read=2;write=2	required=2;natural=2;sp_check=formula:sp_alignment_check_if_rn_is_sp	base	none	formula:memory_tagchecked_if_rn_not_sp	none	atomic-read-modify-write:2-byte-range	none	acquire	single-copy-atomic	fallthrough	preserved:delta=0	Armv8-A	FEAT_LSE	EL0..EL3	any	any	none	atomic	none	deterministic	architectural_fault:data_abort|architectural_fault:alignment_if_not_naturally_aligned|architectural_fault:sp_alignment_if_rn_is_sp_and_enabled|architectural_fault:tag_check_if_tagchecked	none	removed_if_authority_deprecates
a64:semantic:instruction_form:swpal-32-memop:426113a5262da3ec	a64:instruction_form:swpal-32-memop:426113a5262da3ec	a64:encoding:swpal-32-memop:426113a5262da3ec	rs_value:gpr32|rt_prior:gpr32|rn:address	rs_value|rn	rt_prior	translation_regime|memory_attributes	none	none	none	none	rn=xn_or_sp;rn31=sp;rs_value=wt_or_wzr;rs_value31=constant_zero_from_wzr;rt_prior=wt_or_wzr;rt_prior31=discarded_write_to_wzr	none	wN|wzr|address64|sp	none	none	sp|wzr	normal:atomic-capable:read-modify-write	read=4;write=4	required=4;natural=4;sp_check=formula:sp_alignment_check_if_rn_is_sp	base	none	formula:memory_tagchecked_if_rn_not_sp	none	atomic-read-modify-write:4-byte-range	none	acqrel	single-copy-atomic	fallthrough	preserved:delta=0	Armv8-A	FEAT_LSE	EL0..EL3	any	any	none	atomic	none	deterministic	architectural_fault:data_abort|architectural_fault:alignment_if_not_naturally_aligned|architectural_fault:sp_alignment_if_rn_is_sp_and_enabled|architectural_fault:tag_check_if_tagchecked	none	removed_if_authority_deprecates
a64:semantic:instruction_form:swpal-64-memop:2f074e3b43fbc1e9	a64:instruction_form:swpal-64-memop:2f074e3b43fbc1e9	a64:encoding:swpal-64-memop:2f074e3b43fbc1e9	rs_value:gpr64|rt_prior:gpr64|rn:address	rs_value|rn	rt_prior	translation_regime|memory_attributes	none	none	none	none	rn=xn_or_sp;rn31=sp;rs_value=xt_or_xzr;rs_value31=constant_zero_from_xzr;rt_prior=xt_or_xzr;rt_prior31=discarded_write_to_xzr	none	xN|xzr|address64|sp	none	none	sp|xzr	normal:atomic-capable:read-modify-write	read=8;write=8	required=8;natural=8;sp_check=formula:sp_alignment_check_if_rn_is_sp	base	none	formula:memory_tagchecked_if_rn_not_sp	none	atomic-read-modify-write:8-byte-range	none	acqrel	single-copy-atomic	fallthrough	preserved:delta=0	Armv8-A	FEAT_LSE	EL0..EL3	any	any	none	atomic	none	deterministic	architectural_fault:data_abort|architectural_fault:alignment_if_not_naturally_aligned|architectural_fault:sp_alignment_if_rn_is_sp_and_enabled|architectural_fault:tag_check_if_tagchecked	none	removed_if_authority_deprecates
a64:semantic:instruction_form:swpalb-32-memop:38f4d2f4ab20bb0a	a64:instruction_form:swpalb-32-memop:38f4d2f4ab20bb0a	a64:encoding:swpalb-32-memop:38f4d2f4ab20bb0a	rs_value:gpr32|rt_prior:gpr32|rn:address	rs_value|rn	rt_prior	translation_regime|memory_attributes	none	none	none	none	rn=xn_or_sp;rn31=sp;rs_value=wt_or_wzr;rs_value31=constant_zero_from_wzr;rt_prior=wt_or_wzr;rt_prior31=discarded_write_to_wzr	none	wN|wzr|address64|sp	none	none	sp|wzr	normal:atomic-capable:read-modify-write	read=1;write=1	required=1;natural=1;sp_check=formula:sp_alignment_check_if_rn_is_sp	base	none	formula:memory_tagchecked_if_rn_not_sp	none	atomic-read-modify-write:1-byte-range	none	acqrel	single-copy-atomic	fallthrough	preserved:delta=0	Armv8-A	FEAT_LSE	EL0..EL3	any	any	none	atomic	none	deterministic	architectural_fault:data_abort|architectural_fault:alignment_if_not_naturally_aligned|architectural_fault:sp_alignment_if_rn_is_sp_and_enabled|architectural_fault:tag_check_if_tagchecked	none	removed_if_authority_deprecates
a64:semantic:instruction_form:swpalh-32-memop:9ef5c4b03a58d17e	a64:instruction_form:swpalh-32-memop:9ef5c4b03a58d17e	a64:encoding:swpalh-32-memop:9ef5c4b03a58d17e	rs_value:gpr32|rt_prior:gpr32|rn:address	rs_value|rn	rt_prior	translation_regime|memory_attributes	none	none	none	none	rn=xn_or_sp;rn31=sp;rs_value=wt_or_wzr;rs_value31=constant_zero_from_wzr;rt_prior=wt_or_wzr;rt_prior31=discarded_write_to_wzr	none	wN|wzr|address64|sp	none	none	sp|wzr	normal:atomic-capable:read-modify-write	read=2;write=2	required=2;natural=2;sp_check=formula:sp_alignment_check_if_rn_is_sp	base	none	formula:memory_tagchecked_if_rn_not_sp	none	atomic-read-modify-write:2-byte-range	none	acqrel	single-copy-atomic	fallthrough	preserved:delta=0	Armv8-A	FEAT_LSE	EL0..EL3	any	any	none	atomic	none	deterministic	architectural_fault:data_abort|architectural_fault:alignment_if_not_naturally_aligned|architectural_fault:sp_alignment_if_rn_is_sp_and_enabled|architectural_fault:tag_check_if_tagchecked	none	removed_if_authority_deprecates
a64:semantic:instruction_form:swpb-32-memop:162569dbdffa2aef	a64:instruction_form:swpb-32-memop:162569dbdffa2aef	a64:encoding:swpb-32-memop:162569dbdffa2aef	rs_value:gpr32|rt_prior:gpr32|rn:address	rs_value|rn	rt_prior	translation_regime|memory_attributes	none	none	none	none	rn=xn_or_sp;rn31=sp;rs_value=wt_or_wzr;rs_value31=constant_zero_from_wzr;rt_prior=wt_or_wzr;rt_prior31=discarded_write_to_wzr	none	wN|wzr|address64|sp	none	none	sp|wzr	normal:atomic-capable:read-modify-write	read=1;write=1	required=1;natural=1;sp_check=formula:sp_alignment_check_if_rn_is_sp	base	none	formula:memory_tagchecked_if_rn_not_sp	none	atomic-read-modify-write:1-byte-range	none	relaxed	single-copy-atomic	fallthrough	preserved:delta=0	Armv8-A	FEAT_LSE	EL0..EL3	any	any	none	atomic	none	deterministic	architectural_fault:data_abort|architectural_fault:alignment_if_not_naturally_aligned|architectural_fault:sp_alignment_if_rn_is_sp_and_enabled|architectural_fault:tag_check_if_tagchecked	none	removed_if_authority_deprecates
a64:semantic:instruction_form:swph-32-memop:086d491a80eaeee8	a64:instruction_form:swph-32-memop:086d491a80eaeee8	a64:encoding:swph-32-memop:086d491a80eaeee8	rs_value:gpr32|rt_prior:gpr32|rn:address	rs_value|rn	rt_prior	translation_regime|memory_attributes	none	none	none	none	rn=xn_or_sp;rn31=sp;rs_value=wt_or_wzr;rs_value31=constant_zero_from_wzr;rt_prior=wt_or_wzr;rt_prior31=discarded_write_to_wzr	none	wN|wzr|address64|sp	none	none	sp|wzr	normal:atomic-capable:read-modify-write	read=2;write=2	required=2;natural=2;sp_check=formula:sp_alignment_check_if_rn_is_sp	base	none	formula:memory_tagchecked_if_rn_not_sp	none	atomic-read-modify-write:2-byte-range	none	relaxed	single-copy-atomic	fallthrough	preserved:delta=0	Armv8-A	FEAT_LSE	EL0..EL3	any	any	none	atomic	none	deterministic	architectural_fault:data_abort|architectural_fault:alignment_if_not_naturally_aligned|architectural_fault:sp_alignment_if_rn_is_sp_and_enabled|architectural_fault:tag_check_if_tagchecked	none	removed_if_authority_deprecates
a64:semantic:instruction_form:swpl-32-memop:ffa494302c043f20	a64:instruction_form:swpl-32-memop:ffa494302c043f20	a64:encoding:swpl-32-memop:ffa494302c043f20	rs_value:gpr32|rt_prior:gpr32|rn:address	rs_value|rn	rt_prior	translation_regime|memory_attributes	none	none	none	none	rn=xn_or_sp;rn31=sp;rs_value=wt_or_wzr;rs_value31=constant_zero_from_wzr;rt_prior=wt_or_wzr;rt_prior31=discarded_write_to_wzr	none	wN|wzr|address64|sp	none	none	sp|wzr	normal:atomic-capable:read-modify-write	read=4;write=4	required=4;natural=4;sp_check=formula:sp_alignment_check_if_rn_is_sp	base	none	formula:memory_tagchecked_if_rn_not_sp	none	atomic-read-modify-write:4-byte-range	none	release	single-copy-atomic	fallthrough	preserved:delta=0	Armv8-A	FEAT_LSE	EL0..EL3	any	any	none	atomic	none	deterministic	architectural_fault:data_abort|architectural_fault:alignment_if_not_naturally_aligned|architectural_fault:sp_alignment_if_rn_is_sp_and_enabled|architectural_fault:tag_check_if_tagchecked	none	removed_if_authority_deprecates
a64:semantic:instruction_form:swpl-64-memop:58c6e33c4091596e	a64:instruction_form:swpl-64-memop:58c6e33c4091596e	a64:encoding:swpl-64-memop:58c6e33c4091596e	rs_value:gpr64|rt_prior:gpr64|rn:address	rs_value|rn	rt_prior	translation_regime|memory_attributes	none	none	none	none	rn=xn_or_sp;rn31=sp;rs_value=xt_or_xzr;rs_value31=constant_zero_from_xzr;rt_prior=xt_or_xzr;rt_prior31=discarded_write_to_xzr	none	xN|xzr|address64|sp	none	none	sp|xzr	normal:atomic-capable:read-modify-write	read=8;write=8	required=8;natural=8;sp_check=formula:sp_alignment_check_if_rn_is_sp	base	none	formula:memory_tagchecked_if_rn_not_sp	none	atomic-read-modify-write:8-byte-range	none	release	single-copy-atomic	fallthrough	preserved:delta=0	Armv8-A	FEAT_LSE	EL0..EL3	any	any	none	atomic	none	deterministic	architectural_fault:data_abort|architectural_fault:alignment_if_not_naturally_aligned|architectural_fault:sp_alignment_if_rn_is_sp_and_enabled|architectural_fault:tag_check_if_tagchecked	none	removed_if_authority_deprecates
a64:semantic:instruction_form:swplb-32-memop:fea41321bb17485c	a64:instruction_form:swplb-32-memop:fea41321bb17485c	a64:encoding:swplb-32-memop:fea41321bb17485c	rs_value:gpr32|rt_prior:gpr32|rn:address	rs_value|rn	rt_prior	translation_regime|memory_attributes	none	none	none	none	rn=xn_or_sp;rn31=sp;rs_value=wt_or_wzr;rs_value31=constant_zero_from_wzr;rt_prior=wt_or_wzr;rt_prior31=discarded_write_to_wzr	none	wN|wzr|address64|sp	none	none	sp|wzr	normal:atomic-capable:read-modify-write	read=1;write=1	required=1;natural=1;sp_check=formula:sp_alignment_check_if_rn_is_sp	base	none	formula:memory_tagchecked_if_rn_not_sp	none	atomic-read-modify-write:1-byte-range	none	release	single-copy-atomic	fallthrough	preserved:delta=0	Armv8-A	FEAT_LSE	EL0..EL3	any	any	none	atomic	none	deterministic	architectural_fault:data_abort|architectural_fault:alignment_if_not_naturally_aligned|architectural_fault:sp_alignment_if_rn_is_sp_and_enabled|architectural_fault:tag_check_if_tagchecked	none	removed_if_authority_deprecates
a64:semantic:instruction_form:swplh-32-memop:f46dc03af93beb89	a64:instruction_form:swplh-32-memop:f46dc03af93beb89	a64:encoding:swplh-32-memop:f46dc03af93beb89	rs_value:gpr32|rt_prior:gpr32|rn:address	rs_value|rn	rt_prior	translation_regime|memory_attributes	none	none	none	none	rn=xn_or_sp;rn31=sp;rs_value=wt_or_wzr;rs_value31=constant_zero_from_wzr;rt_prior=wt_or_wzr;rt_prior31=discarded_write_to_wzr	none	wN|wzr|address64|sp	none	none	sp|wzr	normal:atomic-capable:read-modify-write	read=2;write=2	required=2;natural=2;sp_check=formula:sp_alignment_check_if_rn_is_sp	base	none	formula:memory_tagchecked_if_rn_not_sp	none	atomic-read-modify-write:2-byte-range	none	release	single-copy-atomic	fallthrough	preserved:delta=0	Armv8-A	FEAT_LSE	EL0..EL3	any	any	none	atomic	none	deterministic	architectural_fault:data_abort|architectural_fault:alignment_if_not_naturally_aligned|architectural_fault:sp_alignment_if_rn_is_sp_and_enabled|architectural_fault:tag_check_if_tagchecked	none	removed_if_authority_deprecates
a64:semantic:instruction_form:sys-cr-systeminstrs:a1ba56b94e5bf31a	a64:instruction_form:sys-cr-systeminstrs:a1ba56b94e5bf31a	a64:encoding:sys-cr-systeminstrs:a1ba56b94e5bf31a	sysop:authenticated|rt:gpr64_or_xzr	formula:sysop_explicit_reads	none	formula:sysop_implicit_reads	formula:sysop_implicit_writes	none	none	none	op1|crn|crm|op2=authenticated_system_operation	none	xN|xzr	none	none	sysop	none	0	1	none	none	none	none	none	none	formula:sysop_ordering	immediate	fallthrough	preserved:delta=0	Armv8-A	base	EL1..EL3	any	any	none	formula:sysop_effects{cache=cache_maintenance;tlb=tlb_maintenance}	formula:sysop_authority	formula:sysop_determinism	formula:sysop_faults	formula:sysop_behavior	removed_if_authority_deprecates
a64:semantic:instruction_form:tbnz-only-testbranch:0107945055456c7b	a64:instruction_form:tbnz-only-testbranch:0107945055456c7b	a64:encoding:tbnz-only-testbranch:0107945055456c7b	rt:gpr32_or_64_by_bit|bit:u6|target:test_branch14	rt	none	none	pc	none	none	none	rt31=constant_zero;register_view=formula:test_branch_register_view_from_bit	none	wN|wzr|xN|xzr	none	none	target:test_branch14|wzr|xzr	none	0	1	none	none	none	none	none	none	none	immediate	conditional_branch	preserved:delta=0	Armv8-A	base	EL0..EL3	any	any	none	none	none	deterministic	architectural_fault:invalid_instruction_address_if_taken	none	removed_if_authority_deprecates
a64:semantic:instruction_form:tbz-only-testbranch:0998cca1334e63a5	a64:instruction_form:tbz-only-testbranch:0998cca1334e63a5	a64:encoding:tbz-only-testbranch:0998cca1334e63a5	rt:gpr32_or_64_by_bit|bit:u6|target:test_branch14	rt	none	none	pc	none	none	none	rt31=constant_zero;register_view=formula:test_branch_register_view_from_bit	none	wN|wzr|xN|xzr	none	none	target:test_branch14|wzr|xzr	none	0	1	none	none	none	none	none	none	none	immediate	conditional_branch	preserved:delta=0	Armv8-A	base	EL0..EL3	any	any	none	none	none	deterministic	architectural_fault:invalid_instruction_address_if_taken	none	removed_if_authority_deprecates
a64:semantic:instruction_form:ubfm-32m-bitfield:4501d6b1444e4152	a64:instruction_form:ubfm-32m-bitfield:4501d6b1444e4152	a64:encoding:ubfm-32m-bitfield:4501d6b1444e4152	rd:gpr32|rn:gpr32|immr:u6|imms:u6	rn	rd	none	none	none	none	none	none	none	wN	none	none	none	none	0	1	none	none	none	none	none	none	none	immediate	fallthrough	preserved:delta=0	Armv8-A	base	EL0..EL3	any	any	none	none	none	deterministic	none	none	removed_if_authority_deprecates
a64:semantic:instruction_form:ubfm-64m-bitfield:0791ecfc09182cba	a64:instruction_form:ubfm-64m-bitfield:0791ecfc09182cba	a64:encoding:ubfm-64m-bitfield:0791ecfc09182cba	rd:gpr64|rn:gpr64|immr:u6|imms:u6	rn	rd	none	none	none	none	none	none	none	xN	none	none	none	none	0	1	none	none	none	none	none	none	none	immediate	fallthrough	preserved:delta=0	Armv8-A	base	EL0..EL3	any	any	none	none	none	deterministic	none	none	removed_if_authority_deprecates
a64:semantic:instruction_form:ucvtf-d32-float2int:48336d6154e077ee	a64:instruction_form:ucvtf-d32-float2int:48336d6154e077ee	a64:encoding:ucvtf-d32-float2int:48336d6154e077ee	fd:fp64|rn:gpr32	rn	fd	FPCR|fp_access_control	FPSR	none	none	none	none	none	dN|wN	scalar64	none	none	none	0	1	none	none	none	none	none	none	none	immediate	fallthrough	preserved:delta=0	Armv8-A	FEAT_FP	EL0..EL3	any	any	none	fp_state	fp_simd_access_enabled	deterministic	architectural_fault:fp_simd_access_trap|architectural_fault:floating_point_exception	none	removed_if_authority_deprecates
a64:semantic:instruction_form:ucvtf-d64-float2int:285a3c9333580a25	a64:instruction_form:ucvtf-d64-float2int:285a3c9333580a25	a64:encoding:ucvtf-d64-float2int:285a3c9333580a25	fd:fp64|rn:gpr64	rn	fd	FPCR|fp_access_control	FPSR	none	none	none	none	none	dN|xN	scalar64	none	none	none	0	1	none	none	none	none	none	none	none	immediate	fallthrough	preserved:delta=0	Armv8-A	FEAT_FP	EL0..EL3	any	any	none	fp_state	fp_simd_access_enabled	deterministic	architectural_fault:fp_simd_access_trap|architectural_fault:floating_point_exception	none	removed_if_authority_deprecates
a64:semantic:instruction_form:ucvtf-s32-float2int:ec053b083590fda0	a64:instruction_form:ucvtf-s32-float2int:ec053b083590fda0	a64:encoding:ucvtf-s32-float2int:ec053b083590fda0	fd:fp32|rn:gpr32	rn	fd	FPCR|fp_access_control	FPSR	none	none	none	none	none	sN|wN	scalar32	none	none	none	0	1	none	none	none	none	none	none	none	immediate	fallthrough	preserved:delta=0	Armv8-A	FEAT_FP	EL0..EL3	any	any	none	fp_state	fp_simd_access_enabled	deterministic	architectural_fault:fp_simd_access_trap|architectural_fault:floating_point_exception	none	removed_if_authority_deprecates
a64:semantic:instruction_form:ucvtf-s64-float2int:25695f14ac43e7be	a64:instruction_form:ucvtf-s64-float2int:25695f14ac43e7be	a64:encoding:ucvtf-s64-float2int:25695f14ac43e7be	fd:fp32|rn:gpr64	rn	fd	FPCR|fp_access_control	FPSR	none	none	none	none	none	sN|xN	scalar32	none	none	none	0	1	none	none	none	none	none	none	none	immediate	fallthrough	preserved:delta=0	Armv8-A	FEAT_FP	EL0..EL3	any	any	none	fp_state	fp_simd_access_enabled	deterministic	architectural_fault:fp_simd_access_trap|architectural_fault:floating_point_exception	none	removed_if_authority_deprecates
a64:semantic:instruction_form:udiv-32-dp-2src:7963e5c23ba2b137	a64:instruction_form:udiv-32-dp-2src:7963e5c23ba2b137	a64:encoding:udiv-32-dp-2src:7963e5c23ba2b137	rd:gpr32|rn:gpr32|rm:gpr32	rn|rm	rd	none	none	none	none	none	none	none	wN	none	none	none	none	0	1	none	none	none	none	none	none	none	immediate	fallthrough	preserved:delta=0	Armv8-A	base	EL0..EL3	any	any	none	none	none	deterministic	none	none	removed_if_authority_deprecates
a64:semantic:instruction_form:udiv-64-dp-2src:b98d787f66503b46	a64:instruction_form:udiv-64-dp-2src:b98d787f66503b46	a64:encoding:udiv-64-dp-2src:b98d787f66503b46	rd:gpr64|rn:gpr64|rm:gpr64	rn|rm	rd	none	none	none	none	none	none	none	xN	none	none	none	none	0	1	none	none	none	none	none	none	none	immediate	fallthrough	preserved:delta=0	Armv8-A	base	EL0..EL3	any	any	none	none	none	deterministic	none	none	removed_if_authority_deprecates
a64:semantic:instruction_form:umulh-64-dp-3src:a94f506ecb035431	a64:instruction_form:umulh-64-dp-3src:a94f506ecb035431	a64:encoding:umulh-64-dp-3src:a94f506ecb035431	rd:gpr64|rn:gpr64|rm:gpr64	rn|rm	rd	none	none	none	none	none	none	none	xN	none	none	none	none	0	1	none	none	none	none	none	none	none	immediate	fallthrough	preserved:delta=0	Armv8-A	base	EL0..EL3	any	any	none	none	none	deterministic	none	none	removed_if_authority_deprecates
a64:semantic:instruction_form:ushl-asimdsame-only:d1beea0adf31afb7	a64:instruction_form:ushl-asimdsame-only:d1beea0adf31afb7	a64:encoding:ushl-asimdsame-only:d1beea0adf31afb7	vd:simd|vn:simd|vm:simd	vn|vm	vd	fp_access_control|streaming_state	none	none	none	none	none	none	vN	formula:simd_arrangement_from_q_size	none	none	none	0	1	none	none	none	none	none	none	none	immediate	fallthrough	preserved:delta=0	Armv8-A	FEAT_AdvSIMD	EL0..EL3	any	formula:simd_streaming_gate	none	none	fp_simd_access_enabled	deterministic	architectural_fault:fp_simd_access_trap	none	removed_if_authority_deprecates
a64:semantic:instruction_form:wfe-hi-hints:c35586e48025c4dc	a64:instruction_form:wfe-hi-hints:c35586e48025c4dc	a64:encoding:wfe-hi-hints:c35586e48025c4dc	none	none	none	event_register|interrupt_state|scheduler_state	formula:wfe_event_register_update	none	none	none	encoding=hint_imm2	none	none	none	none	none	none	0	1	none	none	none	none	none	none	none	may_wait	fallthrough	preserved:delta=0	Armv8-A	base	EL0..EL3	any	any	none	cpu_event|cpu_halt	none	target_defined	none	formula:wfe_wait_behavior	removed_if_authority_deprecates
a64:semantic:instruction_form:wfi-hi-hints:6aa519ac5a938656	a64:instruction_form:wfi-hi-hints:6aa519ac5a938656	a64:encoding:wfi-hi-hints:6aa519ac5a938656	none	none	none	interrupt_state|scheduler_state	none	none	none	none	encoding=hint_imm3	none	none	none	none	none	none	0	1	none	none	none	none	none	none	none	may_wait	fallthrough	preserved:delta=0	Armv8-A	base	EL0..EL3	any	any	none	cpu_halt	none	target_defined	none	formula:wfi_wait_behavior	removed_if_authority_deprecates
a64:semantic:instruction_form:yield-hi-hints:423190ce3fb3a78a	a64:instruction_form:yield-hi-hints:423190ce3fb3a78a	a64:encoding:yield-hi-hints:423190ce3fb3a78a	none	none	none	scheduler_state	none	none	none	none	encoding=hint_imm1	none	none	none	none	none	none	0	1	none	none	none	none	none	none	none	immediate	fallthrough	preserved:delta=0	Armv8-A	base	EL0..EL3	any	any	none	none	none	target_defined	none	formula:yield_behavior	removed_if_authority_deprecates
